Temu Korea	테무	20397	r1_decor	3053
코르딕스	코르딕스	146315	r0_exact	313
Sharkninjakr	SharkNinjakr	150261	r0_exact	240
마미케어	마미케어	129063	r0_exact	231
Arocell_official	아로셀	82916	r1_decor	220
트립닷컴	트립닷컴	40976	r0_exact	211
바이브랩	바이브랩	103104	r0_exact	194
Meditherapy_official	메디테라피	55369	r1_decor	167
라운드랩	라운드랩	109	r0_exact	144
Beaund_official	뷰앤디	130613	r1_decor	118
코스노리	코스노리	3988	r0_exact	116
올록담	올록담	164876	r0_exact	113
Skin1004 KR	스킨1004	66565	r1_decor	112
메디톨드연구소	메디톨드연구소	109857	r0_exact	111
네리티아	네리티아	164890	r0_exact	106
마녀공장	마녀공장	76	r0_exact	106
릴리브	릴리브	33931	r0_exact	104
링티	링티	911	r0_exact	103
프롬메디	프롬메디	149861	r0_exact	98
8fter	엣프터	161941	r0_exact	97
오드그로서 	오드그로서	165456	r0_exact	96
PETHROOM	PETHROOM	61118	r0_exact	96
셀인샷	셀인샷	154265	r0_exact	93
하우투키	하우투키	165129	r0_exact	93
비레디	비레디	142	r0_exact	92
이데아뉴트리션	이데아뉴트리션	154977	r0_exact	92
Sistie	시스티	165957	r0_exact	89
Lilyeve	릴리이브	60532	r0_exact	85
Minted_official	민티드	64467	r1_decor	85
tamim.shop	타밈	152873	r1_decor	85
노르딕슬립	노르딕슬립	47239	r0_exact	81
헬스헬퍼	헬스헬퍼	147	r0_exact	78
아도르	아도르	3879	r0_exact	78
VT cosmetics	VT	34159	r0_exact	78
Getvenusoffîcial	겟비너스	45257	r3_homoglyph	77
오늘수거	오늘수거	163903	r0_exact	73
성분에디터	성분에디터	320	r0_exact	69
hetras.official	헤트라스	71627	r1_decor	69
리드볼트	리드볼트	129554	r0_exact	66
Athe	아떼	47171	r0_exact	64
마일드랩	마일드랩	99969	r0_exact	63
루시아이	루시아이	166341	r0_exact	62
세인트새틴	세인트새틴	35116	r0_exact	61
링글 1:1 화상영어	링글	33041	r0_exact	60
챌린저스	챌린저스	802	r0_exact	59
Pronutrition.official	프로뉴트리션	153132	r1_decor	57
액트플러스	액트플러스	35312	r0_exact	56
불스원몰	불스원	763	r1_decor	55
디퍼슈	디퍼슈	156118	r0_exact	54
와이케이스	와이케이스	91863	r0_exact	54
NIVEA	니베아	3360	r0_exact	53
narka	나르카	155737	r0_exact	53
디에이이펙트	디에이이펙트	164346	r0_exact	53
Veimia.korea	베이미아	66475	r1_decor	52
시그널플래너	시그널플래너	45970	r0_exact	52
투에이엔	투에이엔	65230	r0_exact	52
네스카페 돌체구스토	네스카페돌체구스토	4506	r0_exact	52
메라블	메라블	159294	r0_exact	51
달바	달바	46	r0_exact	51
큐모모	큐모모	34177	r0_exact	51
잇더핏	델리스푼	4394	r0_exact	50
블랑코_official	블랑코	155480	r1_decor	50
Oddtype	오드타입	157415	r0_exact	50
DJI	디제이아이	645	r0_exact	50
말해보카	말해보카	34180	r0_exact	49
FILA Korea	휠라	693	r1_decor	48
GC 녹십자웰빙	GC녹십자웰빙	154585	r0_exact	47
Shaishaishai.official	샤이샤이샤이	4009	r1_decor	47
주트립	주트립	148305	r0_exact	46
더샘	더샘	31124	r0_exact	45
더클래스코리아	더클래스	109448	r1_decor	45
Vivaia.kr	비바이아	163804	r1_decor	43
비즈하우스	비즈하우스	96978	r0_exact	42
Wellage Global	웰라쥬	3787	r1_decor	41
에이블리	에이블리	65173	r0_exact	41
Mamaforest	마마포레스트	47228	r0_exact	41
Mayton	메이튼	46134	r0_exact	41
오드로이	오드로이	93509	r0_exact	41
Dermafirm kr	더마펌	36160	r1_decor	41
디어랩스	디어랩스	131590	r0_exact	40
몽디에스	몽디에스	4355	r0_exact	40
pongdang_official	퐁당	166347	r1_decor	40
뉴트리원	뉴트리원	3861	r0_exact	39
인스탁스	한국후지필름	159202	r0_exact	39
슬룸	슬룸	106743	r0_exact	39
Touchinsol.official	터치인솔	150307	r1_decor	39
Poseganch	포즈간츠	66426	r0_exact	38
바이오컴	바이오컴	116348	r0_exact	38
glow	글로우	165180	r0_exact	38
쁘띠엘린	쁘띠엘린	66279	r0_exact	38
엔카	엔카	3911	r0_exact	38
Giverny	지베르니	3998	r0_exact	37
보다나	보다나	4308	r0_exact	37
무신사	무신사	17	r0_exact	36
Today with	투데이위드	99388	r0_exact	36
그레인온	그레인온	109772	r0_exact	36
엘라비아	엘라비아	131357	r0_exact	35
Origincare	오리진케어	166349	r0_exact	35
CJ웰케어	CJ웰케어	3809	r0_exact	32
탈잉	탈잉	146107	r0_exact	32
아이레놀	아이레놀	34118	r0_exact	32
Duskrack	더스크랙	110654	r0_exact	31
바이오힐보	바이오힐보	98	r0_exact	31
Parity_official	패리티	152952	r1_decor	31
바디씨	바디씨	152760	r0_exact	31
3WAAU	쓰리와우	83386	r0_exact	31
AestheFic	에스테픽	166027	r0_exact	31
위글위글	위글위글	81033	r0_exact	31
펫퍼민트	펫퍼민트	50275	r0_exact	29
마켓비	마켓비	4572	r0_exact	29
Pettena Korea	펫테나	166000	r1_decor	29
Whipped_official	휩드	62124	r1_decor	29
베노프	베노프	118962	r0_exact	29
대라	대라	165476	r0_exact	29
EGARDEN	에가든	154396	r0_exact	29
아이소이	아이소이	28296	r0_exact	29
프리플로우	프리플로우	157385	r0_exact	28
ANAZE	어네이즈	165259	r0_exact	28
씨스터앤	씨스터앤	460	r0_exact	28
로밍도깨비	로밍도깨비	57687	r0_exact	28
Goodtotes korea	굿토드즈	166256	r1_decor	28
닥터뉴토	닥터뉴토	142957	r0_exact	28
마이펫닥터	마이펫닥터	50319	r0_exact	27
Collins	콜린스	165463	r0_exact	27
콘치웨어	콘치웨어	158739	r0_exact	27
Epais	에이페	150809	r0_exact	27
EOA	이오에이	157429	r0_exact	27
FCMM	FCMM	28383	r0_exact	26
스노우투플러스	스노우투플러스	148651	r0_exact	26
디브리오	디브리오	97254	r0_exact	26
Bodyand_mall	바디앤	164352	r1_decor	26
Laka	라카	85584	r0_exact	25
브링그린	브링그린	3361	r0_exact	25
deepeershop	디피어	154683	r1_decor	25
MLB KIDS	MLB 키즈	85178	r0_exact	25
Scentlier 	센틀리에	142970	r0_exact	25
헤어플러스	헤어플러스	108383	r0_exact	25
더미식	더미식	15	r0_exact	24
Not Only For Today	낫온리포투데이	90528	r0_exact	24
바바더닷컴	바바더닷컴	147760	r0_exact	23
프리메라	프리메라	4339	r0_exact	23
드시모네	또박케어	107084	r0_exact	23
MLBkorea	MLB Korea	53854	r0_exact	23
뮤드	뮤드	47248	r0_exact	23
plalink	플라링크	172966	r0_exact	22
Plaud.kr	플라우드	163745	r1_decor	22
젝시믹스	젝시믹스	49154	r0_exact	22
오늘의집	오늘의집	28367	r0_exact	22
베이비 브레짜	베이비브레짜	64488	r0_exact	22
OFRA Cosmetics Korea	오프라코스메틱	154808	r0_exact	22
TOUN28	톤28	66558	r0_exact	22
트리폴라 코리아 	트리폴라	341	r1_decor	22
Barcofficial	바크	62142	r1_decor	22
Biorga	바이오가	85888	r0_exact	22
프로젝트21	프로젝트21	19697	r0_exact	22
Lg생활건강	LG생활건강	112	r0_exact	21
Glow.M	글로우엠	155708	r0_exact	21
Kokozi	코코지하우스	875	r0_exact	21
Meliens	멜리언스	154456	r0_exact	21
반코르	반코르	4608	r0_exact	21
LIBER	리베르	91868	r0_exact	21
이즈앤트리	이즈앤트리	959	r0_exact	20
무르	무르	135821	r0_exact	20
Teabless_official	티블레스	45809	r1_decor	20
스크럽대디	스크럽 대디	168603	r0_exact	20
라이브오랄스	라이브오랄스	609	r0_exact	20
Slown	슬로운	157436	r0_exact	20
모두닥	모두닥	154147	r0_exact	20
웰247	웰247	160114	r0_exact	20
페이퍼백	페이퍼백	4067	r0_exact	20
Gripit	그리핏	156059	r0_exact	19
라보페	라보페	133	r0_exact	19
Lavoir	라브아	94649	r0_exact	19
렌트리	렌트리	162166	r0_exact	19
팸퍼스	팸퍼스	143	r0_exact	19
더랩바이블랑두	더랩바이블랑두	3193	r0_exact	18
LeMouton	르무통	4352	r0_exact	18
엠디스픽	엠디스픽	165434	r0_exact	18
Entropy makeup	엔트로피 메이크업	152879	r0_exact	18
Dermela	더멜라	163805	r0_exact	18
Bouquet Garni	부케가르니	119797	r0_exact	18
23.65	23.65	156106	r0_exact	17
더블플래그	더블플래그	152980	r0_exact	17
Stand Oil	스탠드오일	4034	r0_exact	17
Prayforit	프레이포잇	154453	r0_exact	17
그루밍랩	그루밍랩	35390	r0_exact	17
뽕브라몰	뽕브라몰	117323	r0_exact	17
Secondmono	세컨모놀로그	166058	r0_exact	17
넛세린	넛세린	53826	r0_exact	17
베스트슬립.오피셜	베스트슬립	52829	r1_decor	16
오즈코딩스쿨	오즈코딩스쿨	154703	r0_exact	16
Casaverdi	카사베르디	165260	r0_exact	16
더니트컴퍼니	더니트컴퍼니	45842	r0_exact	16
서포트미	서포트미	165287	r0_exact	16
Housweet	하우스윗	97319	r0_exact	16
Fallcent	폴센트	129061	r0_exact	16
뉴트리몰	에버콜라겐	50274	r1_decor	16
Layerlab	레이어랩	155663	r0_exact	16
오가본	오가본	37252	r0_exact	15
위드렌즈	위드렌즈	150305	r0_exact	15
BYNIQ	바이닉	165371	r0_exact	15
모두의연구소	모두의연구소	82824	r0_exact	15
Cafe24	카페24	130961	r0_exact	15
CaratMe	캐럿미	165137	r0_exact	15
닥터블릿	닥터블릿	19852	r0_exact	15
Julie's Choice	줄리스초이스	4314	r0_exact	15
하림펫푸드	하림펫푸드	28356	r0_exact	15
한고연몰	한고연몰	153480	r0_exact	15
식물나라	식물나라	153544	r0_exact	15
Mixxo	미쏘	3114	r0_exact	15
달리프	달리프	3983	r0_exact	14
데카트론코리아	데카트론	33254	r1_decor	14
데이지크	데이지크	83	r0_exact	14
제이숲	제이숲	66588	r0_exact	14
밸런스온	밸런스온	91642	r0_exact	14
Danceonthefloor	댄스온더플로어	165362	r0_exact	14
슬로우허밍	슬로우허밍	46178	r0_exact	14
Casetify KR	케이스티파이	89	r1_decor	14
gundamdak	건담닭	164121	r0_exact	14
리덴스	리덴스	110604	r0_exact	14
리쥬란 코스메틱	리쥬란코스메틱	489	r0_exact	13
콰티	콰티	118961	r0_exact	13
오브베이스	오브베이스	65210	r0_exact	13
다이어트학교	다이어트학교	57702	r0_exact	13
Kangol Korea	캉골	20051	r0_exact	13
슬림9	슬림9	131582	r0_exact	13
MJade	엠제이드	31135	r0_exact	12
휘게 언더웨어	휘게언더웨어	150883	r0_exact	12
타입넘버	타입넘버	3783	r0_exact	12
WAUG	와그	808	r0_exact	12
테라로직	테라로직	56212	r0_exact	12
InBody	인바디	64911	r0_exact	12
NS_official	NS	96761	r1_decor	12
912_Official	912	166050	r1_decor	12
해서린	해서린	42053	r0_exact	12
PoseGanch	포즈간츠	66426	r0_exact	12
Tage	테이지	28595	r0_exact	12
플라이코지	플라이코지	154482	r0_exact	12
온리추얼	온리추얼	165256	r0_exact	12
WAYDN	웨이든	153794	r0_exact	12
Hang Ten Korea	행텐	36081	r1_decor	12
청미정	청미정	85942	r0_exact	12
Sione	시오네	173907	r0_exact	11
Genierr	제니에	171886	r0_exact	11
다슈	다슈	225	r0_exact	11
라우드소싱	라우드소싱	110687	r0_exact	11
Xiaomi Korea	샤오미	913	r1_decor	11
Wechik	위칙	154421	r0_exact	11
오렌즈	오렌즈	128895	r0_exact	11
꼼지락	꼼지락	97113	r0_exact	11
포렌코즈	포렌코즈	36362	r0_exact	11
쉐이크베이비	쉐이크베이비	97059	r0_exact	11
AMELI	아멜리	4363	r0_exact	11
슬립퍼	슬립퍼	83162	r0_exact	11
Pranarom Korea	프라나롬	34195	r1_decor	11
MIMZ	밈즈	155062	r0_exact	11
JMW	JMW	3200	r0_exact	11
danp.kr	댄프	165477	r1_decor	11
미리캔버스	미리캔버스	3790	r0_exact	10
프롬비	프롬비	99690	r0_exact	10
비상교육 온리원 중등	비상교육 온리원 중등	60930	r0_exact	10
데코뷰	데코뷰	65225	r0_exact	10
커먼유니크	커먼유니크	147740	r0_exact	10
Demar3	디마르3	117381	r0_exact	10
글램피크	글램피크	78429	r0_exact	10
LIZDA	리즈다	4530	r0_exact	10
핑거수트	핑거수트	97116	r0_exact	10
Lactiv.official	락티브	33213	r1_decor	9
Masmarulez	마스마룰즈	165163	r0_exact	9
마플	마플	53430	r0_exact	9
엔젤앤비	엔젤앤비	163351	r0_exact	9
에블린	에블린	62119	r0_exact	9
하나투어	하나투어	3931	r0_exact	9
올리브영	올리브영	30	r0_exact	9
밀레니얼머니스쿨	밀레니얼머니스쿨 	57619	r0_exact	9
지티스	지티스	157413	r0_exact	9
medipuppy	메디퍼피	166150	r0_exact	9
한끼통살	한끼통살	119672	r0_exact	9
Pyunkang yul	편강율	371	r0_exact	9
엠제이드	엠제이드	31135	r0_exact	9
조성아뷰티	조성아뷰티	753	r0_exact	9
청정원	청정원	216	r0_exact	9
Lukt	룩트	146247	r0_exact	8
Sergio Tacchini	세르지오 타키니	75523	r0_exact	8
스타라이크	스타라이크	162477	r0_exact	8
Beplain_official	비플레인	168	r1_decor	8
오하입	오하입	168585	r0_exact	8
제이엘브	제이엘브	154857	r0_exact	8
Klook	클룩	40978	r0_exact	8
Ohscent	오센트	99692	r0_exact	8
Rbfy	리바이포유	3904	r0_exact	8
Re:NK	리엔케이	66608	r0_exact	8
Basics	베이직스	55790	r0_exact	8
패스트캠퍼스	패스트캠퍼스	4467	r0_exact	8
스피킹맥스	스피킹맥스	3743	r0_exact	8
Apothe	아포테	165152	r0_exact	8
그라스	불스원	763	r0_exact	8
꼬기다	꼬기다	58810	r0_exact	8
유르테	유르테	166286	r0_exact	8
오아	오아	149	r0_exact	8
널담	널담	155156	r0_exact	8
Thehistoryofwhoo.official	더후	108384	r1_decor	8
블루그레인	블루그레인	118293	r0_exact	8
Babitalk	바비톡	28388	r0_exact	8
Sillymann	실리만	34094	r0_exact	7
올리	올리	82914	r0_exact	7
HANE	하네	165428	r0_exact	7
Altenbach	알텐바흐	50281	r0_exact	7
Saily	세일리	157428	r0_exact	7
한스킨	한스킨	97109	r0_exact	7
휴닉	휴닉	153890	r0_exact	7
OpenAI	OpenAI	163729	r0_exact	7
Meitu	메이투	152771	r0_exact	7
네이버페이	네이버페이	56736	r0_exact	7
LG프라엘	LG프라엘	162804	r0_exact	7
라돌프	라돌프	109410	r0_exact	7
디어오늘	디어오늘	166157	r0_exact	7
모델로화장품	모델로화장품	118952	r0_exact	7
블레스문	블레스문	41762	r0_exact	7
mongdol.official	몽돌	53868	r1_decor	7
포켓샐러드	포켓샐러드	156117	r0_exact	7
제너럴아이디어	제너럴아이디어	76763	r0_exact	7
Entre Rêves	앙트레브	148613	r0_exact	7
셀로라바이 코리아	셀로라바이	155061	r1_decor	7
휴그랩	휴그랩	97106	r0_exact	7
볼빅	볼빅	118143	r0_exact	7
Another face	어나더페이스	155547	r0_exact	7
센트룸	센트룸	3959	r0_exact	6
스컬피그	스컬피그	40990	r0_exact	6
나노레시피	나노레시피	72338	r0_exact	6
Alternativestereo	얼터너티브스테레오	33232	r0_exact	6
Gitden	깃든	164342	r0_exact	6
까사미아	까사미아	545	r0_exact	6
온그리디언츠	온그리디언츠	66614	r0_exact	6
한성컴퓨터	한성컴퓨터	34210	r0_exact	6
파파레서피	파파레서피	162	r0_exact	6
PODL	포들	165252	r0_exact	6
리얼클래스	리얼클래스	4482	r0_exact	6
엘리하이	엘리하이	486	r0_exact	6
슬라운드	슬라운드	19471	r0_exact	6
내집스캔	내집스캔	34146	r0_exact	6
달심	달심	69833	r0_exact	6
유심사	유심사	69796	r0_exact	6
Hotels.com	호텔스닷컴	61689	r0_exact	6
키즈텐	키즈텐	118540	r0_exact	6
티르티르	티르티르	64509	r0_exact	6
자연누리	자연누리	153588	r0_exact	6
닥터린	닥터린	117476	r0_exact	6
로니엘	로니엘	144067	r0_exact	6
누잠	누잠	56266	r0_exact	6
렌즈미	렌즈미	4012	r0_exact	6
ClearDea korea	클리어디어	153449	r1_decor	6
푸드올로지	푸드올로지	3703	r0_exact	6
스파오 키즈	스파오	4399	r1_decor	6
Insta360	인스타360	129	r0_exact	5
파티온	파티온	3733	r0_exact	5
미니학습지	미니학습지	129892	r0_exact	5
동구밭	동구밭	85900	r0_exact	5
종근당건강	씨케이디게런티드	354	r0_exact	5
Acwell	아크웰	4387	r0_exact	5
타가	타가	116349	r0_exact	5
감탄브라	감탄브라	56270	r0_exact	5
트라히어	트라히어	165975	r0_exact	5
Beigic	베이지크	4545	r0_exact	5
모햇	모햇	134505	r0_exact	5
Shezhome	쉬즈홈	60489	r0_exact	5
CAELA	카엘라	146333	r0_exact	5
아비튜드	아비튜드	166293	r0_exact	5
ILCORSO	일꼬르소	3702	r0_exact	5
정글몬스터	정글몬스터	49772	r0_exact	5
Meowtimes	미우타임즈	130582	r0_exact	5
놈캐리어	놈캐리어	165473	r0_exact	5
healthyplace	헬시플레이스	108003	r0_exact	5
윙크학습	윙크학습	28273	r0_exact	5
플레인팟	플레인팟	146517	r0_exact	5
바비톡	바비톡	28388	r0_exact	5
MyRealTrip	마이리얼트립	285	r0_exact	5
dr.piel_official	닥터피엘	69807	r1_decor	5
GREEK DAY	그릭데이	65224	r0_exact	5
벤튼	벤튼	240	r0_exact	5
VIPKID 코리아	브이아이피키드	166153	r1_decor	5
Ma Journée	마조네	99251	r0_exact	5
Club Med	클럽메드	42010	r0_exact	5
Ourskin	아워스킨	166311	r0_exact	5
여리한다이어트	여리한다이어트	45108	r0_exact	5
비브리브	비브리브	4595	r0_exact	4
토스	토스	57960	r0_exact	4
FitPet	핏펫	154268	r0_exact	4
가벼운 학습지	가벼운학습지	4411	r0_exact	4
Hassoul	해즈소울	129143	r0_exact	4
아토세이프	아토세이프	165170	r0_exact	4
수니홈	수니홈	99994	r0_exact	4
ROLLY	롤리	165322	r0_exact	4
LFmall	LF몰	74263	r0_exact	4
Bodyfine	바디파인	165318	r0_exact	4
영라뉴	영라뉴	131095	r0_exact	4
Wakemake	웨이크메이크	103	r0_exact	4
아임얼라이브 콤부차	아임얼라이브 콤부차	47026	r0_exact	4
온작	온작	155529	r0_exact	4
아르베	아르베	153508	r0_exact	4
누비지오	누비지오	119812	r0_exact	4
델링그	델링그	66420	r0_exact	4
닥터아돌	닥터아돌	34185	r0_exact	4
코이	코이	66628	r0_exact	4
마인드카페	마인드카페	69801	r0_exact	4
마틸라	마틸라	119811	r0_exact	4
몽뤼르	몽뤼르	154755	r0_exact	4
Undage	언데이지	165191	r0_exact	4
LG전자	LG전자	11	r0_exact	4
직방	직방	120063	r0_exact	4
누디크	누디크	65204	r0_exact	4
리빙크리에이터	리빙크리에이터	146478	r0_exact	4
Paula's Choice	폴라초이스코리아	66560	r0_exact	4
Spotify Korea	스포티파이	4600	r1_decor	4
현대카드	현대카드	570	r0_exact	4
삼대오백	뉴트리커먼	3844	r0_exact	4
CHANEL	샤넬	496	r0_exact	4
Yunjac	연작	53445	r0_exact	4
르마하	르마하	153815	r0_exact	4
Gynocure.kr	지노큐어	164304	r1_decor	4
스키니랩	스키니랩	42070	r0_exact	4
Pozenic	포즈닉	165440	r0_exact	4
Shopcider_kr	샵사이다	4312	r1_decor	4
Studio17	스튜디오17	50291	r0_exact	4
포뷰트	포뷰트	27974	r0_exact	4
Heveblue	헤브블루	110646	r0_exact	4
Myprotein	마이프로틴	252	r0_exact	4
윌라	윌라	86	r0_exact	4
PRIZM	프리즘	34099	r0_exact	4
포들	포들	165252	r0_exact	4
TFIT	티핏	164911	r0_exact	4
파이브바이브	파이브바이브	154600	r0_exact	4
헬로우봇	헬로우봇	74260	r0_exact	4
MUJI Korea	무인양품 (무지)	57661	r0_exact	4
스마이즈	LNC 커뮤니티	106735	r0_exact	4
HDEX	에이치덱스	67	r0_exact	4
트래블기어	트래블기어	110679	r0_exact	4
Fillimilli	필리밀리	246	r0_exact	4
이아이오	이아이오	129140	r0_exact	4
엘리하이 키즈	엘리하이	486	r1_decor	4
BIODERMA	바이오더마	4056	r0_exact	3
Voltium	볼티움	165375	r0_exact	3
슬립앤슬립	슬립앤슬립	45347	r0_exact	3
Coiris	코이리스	166224	r0_exact	3
ANF KOREA	ANF	47058	r1_decor	3
맥스클리닉	맥스클리닉	76779	r0_exact	3
고몽드	고몽드	55376	r0_exact	3
Muzigae Mansion	무지개맨션	4356	r0_exact	3
MOZI	모지	153585	r0_exact	3
닥터하우쉬카	닥터하우쉬카	65215	r0_exact	3
Moroccanoil	Moroccanoil	56633	r0_exact	3
모던하우스	모던하우스	62265	r0_exact	3
뮬라웨어	뮬라웨어	4535	r0_exact	3
핏펫	핏펫	154268	r0_exact	3
옆커폰	옆커폰	3140	r0_exact	3
플로나	플로나	66577	r0_exact	3
라이프스탠다드	라이프스탠다드	131072	r0_exact	3
Filakids_official	휠라	693	r1_decor	3
휴플러스	휴플러스	150840	r0_exact	3
밀리의서재	밀리의 서재	78413	r0_exact	3
WondershareKorea 	원더쉐어	157426	r1_decor	3
Percendi	퍼센디	166336	r0_exact	3
KANEI TEI	KANEITEI	130741	r0_exact	3
더베네푸드	더베네푸드	154393	r0_exact	3
Cleardea	클리어디어	153449	r0_exact	3
케어웰	케어웰	155644	r0_exact	3
비거너리	달바	46	r0_exact	3
SNP	Snp	66620	r0_exact	3
루니엘	루니엘	173870	r0_exact	3
그라운드플랜	그라운드플랜	108348	r0_exact	3
이오시카	이오시카	64468	r0_exact	3
Femmue	파뮤	66415	r0_exact	3
Speak	스픽	351	r0_exact	3
퓨어라벨	퓨어라벨	153171	r0_exact	3
Easydew	이지듀	94700	r0_exact	3
Satechi_Kr	사테치	110661	r1_decor	3
87MM	87mm	45973	r0_exact	3
JENNIFEROOM	제니퍼룸	103496	r0_exact	3
Saint James Korea	세인트제임스	99374	r1_decor	3
Dyson	다이슨	88	r0_exact	3
Allrightgreen	올라잇그린	155155	r0_exact	3
닥터오라클	닥터오라클	60630	r0_exact	3
klipsch_kr_official	클립쉬	60905	r1_decor	3
Aromatica	아로마티카	33220	r0_exact	3
Think Way	씽크웨이	57704	r0_exact	3
굿웨어몰	굿웨어몰	85249	r0_exact	3
리딩게이트	리딩게이트	164350	r0_exact	3
사이즈오브	사이즈오브	833	r0_exact	3
컴포지션 스튜디오	컴포지션 스튜디오	97316	r0_exact	3
ChatGPT	OpenAI	163729	r0_exact	3
TISLO	티슬로	91881	r0_exact	3
월터워커 시다스	월터워커시다스	57485	r0_exact	3
나일로라	나일로라	156107	r0_exact	3
Charde.official	샤르드	90237	r1_decor	3
Tonymoly	토니모리	3174	r0_exact	3
한국후지필름	한국후지필름	159202	r0_exact	3
Beanpole	빈폴	477	r0_exact	3
에이카랩스	에이카랩스	165381	r0_exact	3
Camvil	캠빌	35239	r0_exact	3
낫띵베럴	낫띵베럴	157047	r0_exact	3
차란	차란	146522	r0_exact	3
WHO LOVES ART	후러브스아트	154339	r0_exact	3
안다르	안다르	54779	r0_exact	3
김단단	김단단	164839	r0_exact	2
쥬비스	쥬비스	34096	r0_exact	2
바이오뉴트리온	바이오뉴트리온	129913	r0_exact	2
Manus AI	마누스 AI	164423	r0_exact	2
코에르	코에르	154933	r0_exact	2
정리습관	정리습관	154762	r0_exact	2
니드인	니드인	4509	r0_exact	2
AIGLE KR	에이글	166275	r1_decor	2
딜팩토리	딜팩토리	56277	r0_exact	2
블루존	블루존	156056	r0_exact	2
오필리	오필리	165264	r0_exact	2
뉴트로지나	뉴트로지나	46138	r0_exact	2
리베르	리베르	91868	r0_exact	2
Re,move	리무브	46092	r0_exact	2
모이몰른	모이몰른	164858	r0_exact	2
드로우핏 우먼	드로우핏	3382	r0_exact	2
쿠첸	쿠첸	182	r0_exact	2
윙블링	윙블링	143483	r0_exact	2
Milktouch	밀크터치	130	r0_exact	2
박카스	동아제약	128	r0_exact	2
닥터슈라클	닥터슈라클	153574	r0_exact	2
동원F&B	동원F&B	131	r0_exact	2
듀얼소닉	듀얼소닉	82814	r0_exact	2
begin202	비긴202	91865	r0_exact	2
와이드앵글	와이드앵글	3943	r0_exact	2
도로시와	도로시와	45342	r0_exact	2
Vividmontage	비비드몽타주	144019	r0_exact	2
Merrymonde	메리몽드	789	r0_exact	2
바이애콤	바이애콤	3190	r0_exact	2
Marlenkakorea	말렌카	50223	r1_decor	2
Bobbi Brown Cosmetics	바비브라운	66949	r0_exact	2
휴브론	휴브론	165426	r0_exact	2
Saturnbird Coffee KR	새턴버드	164871	r1_decor	2
벨르랑코	벨르랑코	116408	r0_exact	2
에듀플렉스	에듀플렉스	58782	r0_exact	2
토스플레이스	토스플레이스	150770	r0_exact	2
올미오펫	올웨이즈코퍼레이션	85929	r0_exact	2
보이스캐디	보이스캐디	20096	r0_exact	2
디어니스 오피셜	디어니스	66441	r1_decor	2
알고케어	알고케어	165454	r0_exact	2
피토틱스	피토틱스	97	r0_exact	2
Kiri Korea	끼리	46152	r1_decor	2
Visa	비자카드	413	r0_exact	2
칼로	경남제약	94653	r0_exact	2
레뷰	레뷰	130726	r0_exact	2
Umbro Korea	엄브로	46776	r1_decor	2
비아지오	비아지오	130754	r0_exact	2
키출판사	키출판사	154483	r0_exact	2
미래엔 키즈	미래엔	4076	r1_decor	2
NDY	널디	4606	r0_exact	2
WMC_official	WMC	62431	r1_decor	2
마이리얼트립키즈	마이리얼트립	285	r1_decor	2
올데이즈	올데이즈	165937	r0_exact	2
미스사사	미스사사	153578	r0_exact	2
롯데칠성음료	롯데칠성음료	7	r0_exact	2
Torras Global	TORRAS	89785	r1_decor	2
교동식품	교동식품	47183	r0_exact	2
VU	뷰	28360	r0_exact	2
Bambu Lab Korea	Bambu Lab	69090	r1_decor	2
Sungbooneditor global	성분에디터	320	r1_decor	2
H&M	H&M	3332	r0_exact	2
NOL	야놀자	234	r0_exact	2
토스뱅크	토스뱅크	47207	r0_exact	2
민음사	민음사	149869	r0_exact	2
웅진식품	웅진식품	50290	r0_exact	2
Didier Dubot Korea	DIDIER DUBOT KOREA	106881	r0_exact	2
데싱디바	데싱디바	47173	r0_exact	2
리브애니웨어	리브애니웨어	406	r0_exact	2
Deepinor	디피노르	166260	r0_exact	2
노이어	노이어	28576	r0_exact	2
코제트	코제트	152217	r0_exact	2
바디브	바디브	166283	r0_exact	2
Challans de Paris_KR	샬랑드파리	65157	r1_decor	2
올더뮤	올더뮤	33431	r0_exact	2
holitual_official	홀리추얼	37301	r1_decor	2
Otthonos	오토노스	147751	r0_exact	2
위틀스토어	위틀스토어	146304	r0_exact	2
프롬랩스	프롬랩스	53489	r0_exact	2
My Fluffy	마이플러피	90259	r0_exact	2
굿네이버스	굿네이버스	4487	r0_exact	2
디마레	디마레	153735	r0_exact	2
착한구두	착한구두	129064	r0_exact	2
Moev	모에브	155784	r0_exact	2
에이센트	에이센트	163740	r0_exact	2
hince	힌스	3994	r0_exact	2
윌북	윌북	3350	r0_exact	1
GRN	GRN	3716	r0_exact	1
룩핀	룩핀	154880	r0_exact	1
더라운지	더라운지	142941	r0_exact	1
알집매트	알집매트	152212	r0_exact	1
플레이모빌 코리아	플레이모빌	54636	r1_decor	1
Lancôme	랑콤	145	r3_homoglyph	1
다룸	다룸	118966	r0_exact	1
Veganifect	비건이펙트	4552	r0_exact	1
럭키클로버	럭키클로버	162388	r0_exact	1
Sungbooneditor	성분에디터	320	r0_exact	1
대전관광공사	대전관광공사	573	r0_exact	1
옳곡	옳곡	154882	r0_exact	1
Mgears	Mgears	57458	r0_exact	1
nume.official	누메	165905	r1_decor	1
168cm	168cm	156978	r0_exact	1
Eau Thermale Avène	아벤느	61048	r3_homoglyph	1
COVERSEOUL_official	커버서울	153454	r1_decor	1
오뚜기몰	오뚜기	155	r1_decor	1
트리셀	트리셀	302	r0_exact	1
상하목장	매일유업	185	r0_exact	1
Tmoney	티머니	3155	r0_exact	1
오토노스	오토노스	147751	r0_exact	1
Aalok Global	알록	30969	r1_decor	1
Veganifect.official	비건이펙트	4552	r1_decor	1
Vigloo Korea	비글루	155094	r0_exact	1
환경재단	환경재단	85909	r0_exact	1
포카리스웨트	동아오츠카	3875	r0_exact	1
아이닉	아이닉	94655	r0_exact	1
디마르3	디마르3	117381	r0_exact	1
엘리자베스스튜어트	엘리자베스스튜어트	154454	r0_exact	1
비비드몽타주	비비드몽타주	144019	r0_exact	1
툴레 키즈	툴레	36360	r1_decor	1
Nespresso Korea	네스프레소	4477	r1_decor	1
Alpecin	알페신	649	r0_exact	1
Under Armour	언더아머	210	r0_exact	1
스마트캔디	스마트캔디	144691	r0_exact	1
땡큐파머	땡큐파머	117367	r0_exact	1
AM COSMETICS_Official	에이엠 코스메틱	78442	r1_decor	1
OOPSY	웁시	152945	r0_exact	1
쁘리엘르	쁘리엘르	57902	r0_exact	1
메디리즈	메디리즈	171939	r0_exact	1
Anua	아누아	61045	r0_exact	1
멋쟁이사자처럼	멋쟁이사자처럼	20250	r0_exact	1
HAGO	하고	4013	r0_exact	1
SHEIN	쉬인	52945	r0_exact	1
shirter	셔터	94687	r0_exact	1
컬러풀	컬러풀	4616	r0_exact	1
부키	부키	42021	r0_exact	1
bysec_official	바이젝	151389	r1_decor	1
Stenny	스테니	157302	r0_exact	1
펫츠놀로지	펫츠놀로지	156238	r0_exact	1
CLOTE	클로트	155598	r0_exact	1
Aalok	알록	30969	r0_exact	1
Coca-Cola	코카콜라	25	r0_exact	1
Reverseformula	리버스포뮬러	154610	r0_exact	1
알에이치코리아	알에이치코리아	35246	r0_exact	1
코드잇	코드잇	28003	r0_exact	1
네이처스웨이	GC녹십자	4480	r0_exact	1
루나랩 키즈	루나랩	766	r1_decor	1
inmr.kr	인뮤	163350	r1_decor	1
G마켓	G마켓	40564	r0_exact	1
어레이드	어레이드	65186	r0_exact	1
본디	본디	50272	r0_exact	1
MACNI	마크니	165133	r0_exact	1
Canva Korea	Canva Korea	158453	r0_exact	1
SNPE	SNPE	146255	r0_exact	1
덴마크	덴마크	154338	r0_exact	1
동국제약	동국제약	3833	r0_exact	1
리즈랩	리즈랩	3106	r0_exact	1
에르쯔틴	에르쯔틴	4369	r0_exact	1
시크릿 쥬쥬	시크릿 쥬쥬	28058	r0_exact	1
After blow	애프터블로우	4619	r0_exact	1
투어비스	투어비스	109815	r0_exact	1
르멘트	르멘트	83406	r0_exact	1
Roika	로이카	151409	r0_exact	1
GS25	지에스25	44	r0_exact	1
메디트리	메디트리	34102	r0_exact	1
삼첩분식	삼첩분식	183	r0_exact	1
프롬리에	프롬리에	161779	r0_exact	1
나인제트	나인제트	97107	r0_exact	1
나리몽	나리몽	146459	r0_exact	1
Goalstudio_official	골스튜디오	71719	r1_decor	1
대원헬스	대원제약	33239	r0_exact	1
해태제과	해태제과	42061	r0_exact	1
마이피픈	마이피픈	92445	r0_exact	1
베리썸	베리썸	155570	r0_exact	1
Slowglow_Official	슬로우글로우	130844	r1_decor	1
미닉스	미닉스	140	r0_exact	1
자민경	자민경	105270	r0_exact	1
리터니티	리터니티	103478	r0_exact	1
AEREA	에리아	118151	r0_exact	1
BONCEPT	본셉	163800	r0_exact	1
Killorie	킬로리	154935	r0_exact	1
카멜마운트	카멜마운트	34100	r0_exact	1
피코	피코	3764	r0_exact	1
AOMG	AOMG	93510	r0_exact	1
비바코리아	비바코리아	165414	r0_exact	1
BONE A PETY	본아페티	109657	r0_exact	1
그린몬스터	그린몬스터	4345	r0_exact	1
라니쥬	라니쥬	165449	r0_exact	1
EFILOW_official	에필로우	34107	r1_decor	1
키에라	키에라	152182	r0_exact	1
시리어스펫	시리어스펫	142958	r0_exact	1
원오브뎀	원오브뎀	146302	r0_exact	1
파파존스	파파존스	28927	r0_exact	1
Kiehl's	키엘	190	r0_exact	1
카카오	카카오	56279	r0_exact	1
Pyunkang Yul KR	편강율	371	r1_decor	1
로렌츠	로렌츠	66434	r0_exact	1
KT	KT	21	r0_exact	1
Loacker	로아커	4523	r0_exact	1
Norit.official	노르잇	103105	r1_decor	1
SLIM9	슬림9	131582	r0_exact	1
Cerakey	세라키	488	r0_exact	1
Differ	differ	62393	r0_exact	1
nelna.shop	낼나	149864	r1_decor	1
Jucyjudy	쥬시쥬디	152198	r0_exact	1
아시아나항공	아시아나항공	898	r0_exact	1
Rdrdofficial	rdrd	164848	r1_decor	1
Umarmung	우마뭉	47197	r0_exact	1
Licorne_kr	리꼼	56261	r1_decor	1
Cricut Korea	크리컷	71721	r0_exact	1
Rbow	알보우	108341	r0_exact	1
은행연합회	은행연합회	155715	r0_exact	1
Heart Percent	하트퍼센트	4340	r0_exact	1
Nobrand.official	노브랜드	20184	r1_decor	1
AURIN	아우린	165947	r0_exact	1
THOME Global	톰	131379	r1_decor	1
에어베리	에어베리	35934	r0_exact	1
JAVIN DE SEOUL	자빈드서울	4389	r0_exact	1
Rockfish Weatherwear	락피쉬웨더웨어	66404	r0_exact	1
케이부스터	케이부스터	164371	r0_exact	1
브리티시엠	브리티시엠	154443	r0_exact	1
4233mind	4223 마음센터	164398	r0_exact	1
니들리	니들리	3849	r0_exact	1
이마트24	이마트24	156233	r0_exact	1
SkinCeuticals	스킨수티컬즈	56263	r0_exact	1
Portré	포트레	165097	r3_homoglyph	1
DA EFFECT	디에이이펙트	164346	r0_exact	1
윤선생	윤선생	45041	r0_exact	1
오프린트미	오프린트미	119795	r0_exact	1
혼다코리아	혼다코리아	41707	r0_exact	1
세라젬	세라젬	3878	r0_exact	1
VisitSingapore	싱가포르관광청	4452	r0_exact	1
Siyazu_korea	시야쥬	28376	r1_decor	1
닥터디퍼런트	닥터디퍼런트	4320	r0_exact	1
Hy	에치와이	3171	r0_exact	1
Folnua	폴뉴아	28028	r0_exact	1
Daywalker	데이워커	45959	r0_exact	1
슈니엘	슈니엘	150923	r0_exact	1
braten	브라텐	166268	r0_exact	1
29CM	29CM	3353	r0_exact	1
푸디버디	푸디버디	97273	r0_exact	1
에이엠코스메틱.Official	에이엠 코스메틱	78442	r1_decor	1
