branded_page_name,count,exact_match,exact_match_ci,r1_decor,r2_segment,r3_homoglyph
Temu Korea,3053,0,0,1,0,0
메디큐브 - Medicube,1067,0,0,0,1,0
포맨트-FORMENT,409,0,0,0,1,0
코르딕스,313,1,1,0,0,0
셀리맥스 (Celimax),312,0,0,0,1,0
Abib cosmetic,282,0,0,0,1,0
바이오던스 Biodance,261,0,0,0,1,0
브랜든 - Branden,258,0,0,0,1,0
Sharkninjakr,240,0,1,0,0,0
Dear Dahlia - 디어달리아,239,0,0,0,1,0
마미케어,231,1,1,0,0,0
S.nature 에스네이처,221,0,0,0,1,0
Arocell_official,220,0,0,1,0,0
트립닷컴,211,1,1,0,0,0
APRILSKIN 에이프릴스킨,203,0,0,0,1,0
바이브랩,194,1,1,0,0,0
Mediheal 메디힐,191,0,0,0,1,0
컴포트랩 Comfort Lab,182,0,0,0,1,0
CNP Cosmetics,180,0,0,0,1,0
넘버즈인 numbuzin,170,0,0,0,1,0
P.CALM_Official,168,0,0,0,0,0
Meditherapy_official,167,0,0,1,0,0
바닐라코(BANILA CO),167,0,0,0,1,0
리터니티 returnity,161,0,0,0,1,0
Klavuu 클라뷰,161,0,0,0,1,0
P.calm.kr,158,0,0,0,0,0
비나앤코,148,0,0,0,0,0
라운드랩,144,1,1,0,0,0
Temu Japan,140,0,0,0,1,0
The미식,139,0,0,0,0,0
Beaund_official,118,0,0,1,0,0
헤리터 - Heriter,116,0,0,0,1,0
코스노리,116,1,1,0,0,0
올록담,113,1,1,0,0,0
Skin1004 KR,112,0,0,1,0,0
메디톨드연구소,111,1,1,0,0,0
청월당,107,0,0,0,0,0
네리티아,106,1,1,0,0,0
마녀공장,106,1,1,0,0,0
뚜누,106,0,0,0,0,0
OBGE - 오브제,105,0,0,0,1,0
릴리브,104,1,1,0,0,0
링티,103,1,1,0,0,0
Dîdaofficial,102,0,0,0,0,0
"잠재된 아름다움, 크라시앙",102,0,0,0,1,0
톰 - Thome,99,0,0,0,1,0
프롬메디,98,1,1,0,0,0
8fter,97,1,1,0,0,0
CJ제일제당,97,0,0,0,0,0
오드그로서 ,96,0,1,0,0,0
PETHROOM,96,1,1,0,0,0
Likethix,94,0,0,0,0,0
FULLY 풀리,94,0,0,0,1,0
셀인샷,93,1,1,0,0,0
하우투키,93,1,1,0,0,0
비레디,92,1,1,0,0,0
이데아뉴트리션,92,1,1,0,0,0
Sistie,89,1,1,0,0,0
여신티켓 : 피부과 시술 정보&후기 검색,87,0,0,0,1,0
Lilyeve,85,1,1,0,0,0
Minted_official,85,0,0,1,0,0
tamim.shop,85,0,0,1,0,0
ARENCIA 아렌시아,83,0,0,0,1,0
노르딕슬립,81,1,1,0,0,0
헬스헬퍼,78,1,1,0,0,0
아도르,78,1,1,0,0,0
VT cosmetics,78,1,1,0,0,0
아키클래식 Akiii classic,77,0,0,0,1,0
Getvenusoffîcial,77,0,0,0,0,1
IOPE 아이오페,76,0,0,0,1,0
네이버플러스 스토어,76,0,0,0,0,0
La vikit 라비킷,75,0,0,0,1,0
오늘수거,73,1,1,0,0,0
Standry,73,0,0,0,0,0
AGE 20'S 에이지투웨니스,69,0,0,0,1,0
성분에디터,69,1,1,0,0,0
hetras.official,69,0,0,1,0,0
Marun5 마른파이브,69,0,0,0,1,0
EESY LIFE,68,0,0,0,0,0
도치맘정보방,67,0,0,0,0,0
모유실감,66,0,0,0,0,0
No.1 단기임대 앱 33m2-삼삼엠투,66,0,0,0,1,0
리드볼트,66,1,1,0,0,0
피지오겔 Physiogel Korea,65,0,0,0,1,0
에이로마,65,1,1,0,0,0
Athe,64,1,1,0,0,0
마일드랩,63,1,1,0,0,0
펫프렌즈 - 반려동물 1등 쇼핑몰,63,0,0,0,1,0
에르고바디 ergobody,63,0,0,0,1,0
루시아이,62,1,1,0,0,0
Guîltîpofficial,62,0,0,0,0,0
온플로,61,0,0,0,0,0
세인트새틴,61,1,1,0,0,0
AI Catch: AI Video&Photo APP,61,0,0,0,1,0
파넬 Parnell,61,0,0,0,1,0
링글 1:1 화상영어,60,1,1,0,0,0
Celladix 셀라딕스,60,0,0,0,1,0
Redîettofficial,60,0,0,0,0,0
챌린저스,59,1,1,0,0,0
COSRX 코스알엑스,59,0,0,0,1,0
Blanc Nature,59,0,0,0,0,0
BEST 향기 품절템,58,0,0,0,0,0
Menokin 메노킨,57,0,0,0,1,0
Pronutrition.official,57,0,0,1,0,0
액트플러스,56,1,1,0,0,0
불스원몰,55,0,0,1,0,0
베베데코,55,0,0,1,0,0
billboardsong,55,0,0,0,0,0
NDP 엔디피,55,0,0,0,1,0
디스커버리익스페디션 키즈,54,0,0,0,0,0
Bronte - Your Daily Life Curator,54,0,0,0,0,0
닥터노아 Dr.NOAH,54,0,0,0,1,0
디퍼슈,54,1,1,0,0,0
와이케이스,54,1,1,0,0,0
NIVEA,53,1,1,0,0,0
Meal It - 밀잇,53,0,0,0,1,0
구달 goodal,53,0,0,0,1,0
러브유,53,0,0,0,0,0
narka,53,1,1,0,0,0
디에이이펙트,53,1,1,0,0,0
Veimia.korea,52,0,0,1,0,0
시그널플래너,52,1,1,0,0,0
투에이엔,52,1,1,0,0,0
더마토리 Dermatory,52,0,0,0,1,0
네스카페 돌체구스토,52,0,0,1,0,0
스킨천사 SKIN1004 Korea,51,0,0,0,1,0
한율(Hanyul),51,0,0,0,1,0
메라블,51,1,1,0,0,0
Bifigen.official.page,51,0,0,0,1,0
달바,51,1,1,0,0,0
큐모모,51,1,1,0,0,0
잇더핏,50,1,1,0,0,0
블랑코_official,50,0,0,1,0,0
닥터포헤어 - 두피관리의 정석,50,0,0,0,1,0
Oddtype,50,0,1,0,0,0
수면공감-Sleep_gonggam,50,0,0,0,1,0
DJI,50,1,1,0,0,0
말해보카,49,1,1,0,0,0
사이클 해커스2,49,0,0,0,0,0
스카이라이프 - SkyLife,49,0,0,0,1,0
FILA Korea,48,0,0,1,0,0
JOSEPH&STACEY,48,0,0,0,0,0
커버링,48,1,1,0,0,0
오즈키즈 OZKIZ,48,0,0,0,1,0
더마젼시,48,0,0,0,0,0
Cocodor_diffuser,47,0,0,0,0,0
GC 녹십자웰빙,47,0,0,1,0,0
Shaishaishai.official,47,0,0,1,0,0
Piev.official,46,0,0,0,0,0
주트립,46,1,1,0,0,0
더샘,45,1,1,0,0,0
더클래스코리아,45,0,0,1,0,0
Quash,45,0,0,0,0,0
Bebe Holding Company Inc.,45,0,0,0,0,0
Kurved,44,0,0,0,0,0
히든 hedn,44,0,0,0,1,0
Fruwe.asia,44,0,0,0,1,0
프로틴방앗간,43,0,0,0,0,0
Vivaia.kr,43,0,0,1,0,0
퓌 fwee,43,0,0,0,1,0
렌시스 lenssis,43,0,0,0,1,0
오아드 Oiad,42,0,0,0,1,0
파란구름,42,0,0,0,0,0
비즈하우스,42,1,1,0,0,0
Laorganic_official,42,0,0,0,0,0
너티퍼센트 NaughtyPercent,42,0,0,0,1,0
Wellage Global,41,0,0,1,0,0
인생템 저장소,41,0,0,0,0,0
에이블리,41,1,1,0,0,0
Mamaforest,41,1,1,0,0,0
Mayton,41,1,1,0,0,0
오드로이,41,1,1,0,0,0
Dermafirm kr,41,0,0,1,0,0
페리페라 Peripera,40,0,0,0,1,0
히디프 hidiff,40,0,0,0,1,0
디어랩스,40,1,1,0,0,0
몽디에스,40,1,1,0,0,0
pongdang_official,40,0,0,1,0,0
millimilli.us,40,0,0,0,1,0
Verish 베리시,40,0,0,0,1,0
뉴트리원,39,1,1,0,0,0
아메리칸 플로어,39,0,0,1,0,0
인스탁스,39,1,1,0,0,0
슬룸,39,1,1,0,0,0
Touchinsol.official,39,0,0,1,0,0
Poseganch,38,0,1,0,0,0
뷰티MD가 알려주는 꿀템,38,0,0,0,0,0
바이오컴,38,1,1,0,0,0
AliExpress,38,0,0,0,0,0
glow,38,1,1,0,0,0
그로우랩,38,0,0,0,0,0
닥터바이오 코스메틱,38,0,0,0,1,0
쁘띠엘린,38,1,1,0,0,0
엔카,38,1,1,0,0,0
PERVADO.official,38,0,0,0,0,0
GeorgeTown by Miltec,38,0,0,0,0,0
몽다다페이지,38,0,0,0,0,0
Giverny,37,0,1,0,0,0
보다나,37,1,1,0,0,0
Mandisa Naturals,37,0,0,0,1,0
Ääsäbi,37,0,0,0,0,0
무신사,36,1,1,0,0,0
Today with,36,1,1,0,0,0
그레인온,36,1,1,0,0,0
더마클리닉,35,0,0,0,0,0
CosmeChef 화장품을 요리하다,35,0,0,0,1,0
1957 태극제약 도미나스,35,0,0,0,1,0
엘라비아,35,1,1,0,0,0
Origincare,35,0,1,0,0,0
Ownist 오니스트,35,0,0,0,1,0
Osmo Kr,34,0,0,0,0,0
ilso 일소,34,0,0,0,1,0
Smartmade,34,0,0,0,0,0
믹순 mixsoon,34,0,0,0,1,0
soda.app,34,0,0,0,1,0
AMOREPACIFIC MALL - 아모레퍼시픽몰,33,0,0,0,1,0
Meshy,33,0,0,0,0,0
리필드-Refilled,33,0,0,0,1,0
익스트림 Extreme,33,0,0,0,1,0
클린디 - CleanD,33,0,0,0,1,0
로우포인트,33,0,0,0,0,0
CJ웰케어,32,1,1,0,0,0
Torhop ad,32,0,0,0,1,0
탈잉,32,1,1,0,0,0
아이레놀,32,1,1,0,0,0
럭스나인 Luxnine,32,0,0,0,1,0
더페이스샵 - The Face Shop,32,0,0,0,1,0
Duskrack,31,0,0,1,0,0
Bamkel_,31,0,0,0,1,0
바이오힐보,31,1,1,0,0,0
Parity_official,31,0,0,1,0,0
하르나르,31,0,0,0,0,0
바디씨,31,1,1,0,0,0
브레인올로지,31,1,1,0,0,0
3WAAU,31,1,1,0,0,0
AestheFic,31,0,1,0,0,0
션리shionle,31,0,0,0,0,0
Ddäyy,31,0,0,0,0,0
위글위글,31,1,1,0,0,0
B. by Banila 비바이바닐라,30,0,0,0,0,0
Mayyoungofficial,30,0,0,0,0,0
아이니웨딩,30,0,0,0,0,0
Marketkurly,30,0,0,0,0,0
신박한 꿀템탐구,30,0,0,0,0,0
펫퍼민트,29,1,1,0,0,0
마켓비,29,1,1,0,0,0
Hugbear,29,0,0,0,0,0
"아이디어스, idus",29,0,0,0,1,0
Blaupunkt-life-kr,29,0,0,0,1,0
디스커버리 익스페디션 Discovery Expedition,29,0,0,0,1,0
Pettena Korea,29,0,0,1,0,0
Whipped_official,29,0,0,1,0,0
베노프,29,1,1,0,0,0
대라,29,1,1,0,0,0
EGARDEN,29,1,1,0,0,0
아이소이,29,1,1,0,0,0
Style Magazine,28,0,0,0,0,0
프리플로우,28,1,1,0,0,0
메디큐브 에이지알,28,0,0,0,1,0
ANAZE,28,0,1,0,0,0
씨스터앤,28,1,1,0,0,0
피부연구소,28,0,0,0,0,0
로밍도깨비,28,1,1,0,0,0
Goodtotes korea,28,0,0,1,0,0
DPPR I 디퍼,28,0,0,0,1,0
갓바디,28,0,0,0,0,0
닥터뉴토,28,1,1,0,0,0
Sungboon Editor US,28,0,0,0,0,0
Talk to Her-톡투허,28,0,0,0,1,0
Naaamyuuu,28,0,0,0,0,0
키클래오042,27,0,0,0,0,0
마이펫닥터,27,1,1,0,0,0
Collins,27,1,1,0,0,0
꿀템 할인 정보,27,0,0,0,0,0
콘치웨어,27,1,1,0,0,0
무브핏,27,0,0,0,0,0
Epais,27,0,1,0,0,0
EOA,27,1,1,0,0,0
They.il,27,0,0,0,1,0
디자인밀 - Designmeal,27,0,0,0,0,0
로더렛 L'odeurlette,27,0,0,0,1,0
FCMM,26,1,1,0,0,0
Sailors,26,0,0,0,0,0
Zeropop.daily,26,0,0,0,0,0
꿈비- ggumbi,26,0,0,0,1,0
어바웃펫 AboutPet,26,0,0,0,1,0
스노우투플러스,26,1,1,0,0,0
romand 롬앤,26,0,0,0,1,0
CokanOfficial,26,0,0,1,0,0
퀵슬립 - Quicksleep,26,0,0,0,1,0
디브리오,26,1,1,0,0,0
an_tur_solais,26,0,0,0,0,0
Tiptoe.life.,26,0,0,0,1,0
Sleep Cozcoz,26,0,0,0,0,0
리빙트렌드,26,0,0,0,0,0
Cellaheal,26,0,0,0,0,0
스파르타클럽 - 미래를 돌파하는 힘,26,0,0,0,0,0
Bodyand_mall,26,0,0,1,0,0
찰랑이는머릿결,26,0,0,0,0,0
Laka,25,1,1,0,0,0
브링그린,25,1,1,0,0,0
deepeershop,25,0,0,1,0,0
MLB KIDS,25,1,1,0,0,0
펫펍,25,0,0,0,0,0
에이지이엔티,25,0,0,0,0,0
Chasin' Rabbits - 체이싱래빗,25,0,0,0,1,0
HEMAK,25,0,0,0,0,0
메디온 medion,25,0,0,0,1,0
Scentlier ,25,0,1,0,0,0
헤어플러스,25,1,1,0,0,0
블루지 bluezy,25,0,0,0,0,0
링티제로,24,0,0,0,0,0
더미식,24,1,1,0,0,0
히노티 Hinotea,24,0,0,0,0,0
Not Only For Today,24,0,0,1,0,0
LG유플러스 (LG Uplus),24,0,0,0,1,0
사소시각,24,0,0,0,0,0
요즘웨딩,24,0,0,0,0,0
디어테일,23,0,0,0,0,0
바바더닷컴,23,1,1,0,0,0
Nao Now Mentoring,23,0,0,0,0,0
Duvetica Korea 듀베티카코리아,23,0,0,0,0,0
론네바이론,23,0,0,0,0,0
프리메라,23,1,1,0,0,0
드시모네,23,1,1,0,0,0
MLBkorea,23,0,0,1,0,0
패션 라이프스타일,23,0,0,0,0,0
Shoptemu,23,0,0,0,0,0
AI Catch Video App,23,0,0,0,1,0
뮤드,23,1,1,0,0,0
옹기종기,23,0,0,0,0,0
오랄비 Oral-B Korea,22,0,0,0,1,0
plalink,22,1,1,0,0,0
Plaud.kr,22,0,0,1,0,0
젝시믹스,22,1,1,0,0,0
오늘의집,22,1,1,0,0,0
당근비즈니스,22,0,0,0,0,0
베이비 브레짜,22,0,0,1,0,0
Dr.Melaxin.K,22,0,0,0,0,0
클렌하임,22,0,0,0,0,0
OFRA Cosmetics Korea,22,1,1,0,0,0
그라노벨로,22,0,0,0,0,0
TOUN28,22,0,1,0,0,0
트리폴라 코리아 ,22,0,0,1,0,0
풀리오 Pulio-days,22,0,0,0,1,0
Barcofficial,22,0,0,1,0,0
더드리머 The Dreamer,22,0,0,0,1,0
Biorga,22,1,1,0,0,0
프로젝트21,22,1,1,0,0,0
Makeon 메이크온,22,0,0,0,1,0
Lg생활건강,21,0,1,0,0,0
Glow.M,21,1,1,0,0,0
Atflee - 앳플리,21,0,0,0,1,0
세상에서 가장 가벼운 프로틴바,21,0,0,0,0,0
유쓰,21,0,0,0,0,0
Kokozi,21,0,1,0,0,0
Dearcus,21,0,0,0,0,0
Voar - 보아르,21,0,0,0,1,0
벨바스킨,21,1,1,0,0,0
퍼니쇼,21,0,0,0,0,0
Comingle beauty,21,0,0,0,1,0
Meliens,21,0,1,0,0,0
반코르,21,1,1,0,0,0
LIBER,21,1,1,0,0,0
센텔리안24 마데카 프라임,21,0,0,0,1,0
디스턴싱 distancing,21,0,0,0,0,0
SARTU,20,0,0,0,0,0
이프 eif kr,20,0,0,0,1,0
moét,20,0,0,0,0,0
이즈앤트리,20,1,1,0,0,0
Klairs 클레어스,20,0,0,0,1,0
클래스101 - CLASS101,20,0,0,0,1,0
힐링버드 HealingBird,20,0,0,0,1,0
리카리카 - likalika,20,0,0,0,1,0
무르,20,1,1,0,0,0
Teabless_official,20,0,0,1,0,0
캐츠,20,0,0,0,0,0
PPZ,20,1,1,0,0,0
스크럽대디,20,0,0,1,0,0
라이브오랄스,20,1,1,0,0,0
필라이즈 - 초개인화 토탈 건강 관리 앱,20,0,0,0,1,0
Lyanature co. 리아네이처,20,0,0,0,1,0
Slown,20,1,1,0,0,0
모두닥,20,1,1,0,0,0
웰247,20,1,1,0,0,0
페이퍼백,20,1,1,0,0,0
K화잘먹뷰티,20,0,0,0,0,0
운동 꿀템 다 알려줌,20,0,0,0,0,0
Namdaemunjw,20,0,0,0,0,0
마미케어 H,20,0,0,0,1,0
Whiff 위프,19,0,0,0,1,0
Gripit,19,0,1,0,0,0
라보페,19,1,1,0,0,0
Absobiotech,19,0,0,0,0,0
헤라(HERA),19,0,0,0,1,0
Lavoir,19,1,1,0,0,0
락앤락-LocknLock,19,0,0,0,1,0
MAKEHEAL 메이크힐,19,0,0,0,1,0
피카비 peekaby,19,0,0,0,0,0
렌트리,19,1,1,0,0,0
식단이 쉬워진다. 랭킹닭컴,19,0,0,0,1,0
팸퍼스,19,1,1,0,0,0
보바vova,19,0,0,0,0,0
Codescombineinnerwear - 코데즈컴바인이너웨어,19,0,0,0,1,0
아임미미 I'M MEME,19,0,0,0,1,0
카미노,19,0,0,0,0,0
아이쉐어링,19,1,1,0,0,0
어프로치 서울,19,0,0,0,0,0
설악막국수춘천닭갈비,19,0,0,0,0,0
duit,19,0,0,0,0,0
니아르 NE:AR,18,0,0,0,1,0
더랩바이블랑두,18,1,1,0,0,0
LeMouton,18,0,0,1,0,0
엠디스픽,18,1,1,0,0,0
Entropy makeup,18,0,1,0,0,0
Philips Home Living - 필립스 홈리빙,18,0,0,0,1,0
Dermela,18,1,1,0,0,0
Bouquet Garni,18,0,0,1,0,0
윗유 witu,17,0,0,0,0,0
23.65,17,1,1,0,0,0
더블플래그,17,1,1,0,0,0
LUNA 루나 코스메틱,17,0,0,0,1,0
후디스,17,0,0,0,0,0
Stand Oil,17,1,1,0,0,0
Lin.Avenue,17,0,0,0,0,0
nothing.edo,17,0,0,0,0,0
Prayforit,17,0,0,1,0,0
그루밍랩,17,1,1,0,0,0
뽕브라몰,17,1,1,0,0,0
Secondmono,17,0,1,0,0,0
스타 법무법인,17,0,0,0,0,0
넛세린,17,1,1,0,0,0
iHerb.com Korean,17,0,0,0,1,0
베스트슬립.오피셜,16,0,0,1,0,0
오즈코딩스쿨,16,1,1,0,0,0
Casaverdi,16,0,1,0,0,0
Marshique,16,0,0,0,0,0
크몽 전자책 VOD,16,0,0,0,1,0
OMAMI.Official,16,0,0,0,0,0
"청연-청소연구소,청연케어",16,0,0,0,1,0
Overthe.co.kr,16,0,0,0,1,0
더니트컴퍼니,16,1,1,0,0,0
추천해 주는 공주님,16,0,0,0,0,0
서포트미,16,1,1,0,0,0
AI Catch: AI Photo&Video Tool,16,0,0,0,1,0
Cukies,16,0,0,0,0,0
Emkm_으음키임,16,0,0,0,0,0
Housweet,16,1,1,0,0,0
Fallcent,16,0,1,0,0,0
정관장 삼삶스토리,16,0,0,0,1,0
캉골 키즈 코리아 (Kangol Kids Korea),16,0,0,0,1,0
민현석,16,0,0,0,0,0
리셀바이,16,0,0,0,0,0
쿠진 coozin,16,0,0,0,0,0
하우스오브비,16,1,1,0,0,0
뉴트리몰,16,0,0,1,0,0
sleepnsleep_official_,16,0,0,0,0,0
LAGOM 라곰,16,0,0,0,1,0
Theorth,16,0,0,0,0,0
코멘트,16,0,0,0,0,0
Pixel_kor,16,0,0,0,0,0
Layerlab,16,1,1,0,0,0
주미소 jumiso,16,0,0,0,1,0
Ninjakitchen.kr,15,0,0,0,0,0
LAYER 레이어,15,0,0,0,0,0
오가본,15,1,1,0,0,0
Negative Split Club,15,0,0,0,0,0
위드렌즈,15,1,1,0,0,0
Bodiora,15,0,0,0,0,0
라쿠텐 트래블 - Rakuten Travel,15,0,0,0,0,0
라로슈포제 La Roche-Posay,15,0,0,0,1,0
BYNIQ,15,1,1,0,0,0
모두의연구소,15,1,1,0,0,0
단색 Dansaek,15,0,0,0,1,0
Oable 오어블,15,0,0,0,0,0
Cafe24,15,0,1,0,0,0
CaratMe,15,0,0,1,0,0
풀라이트FULLight,15,0,0,0,0,0
유폰 (Uphone),15,0,0,0,0,0
동국제약 토탈헬스케어,15,0,0,0,1,0
닥터블릿,15,1,1,0,0,0
인생 아이템,15,0,0,0,0,0
クオリティファースト （Quality 1st ）,15,0,0,0,0,0
Julie's Choice,15,1,1,0,0,0
lululemon Seoul,15,0,0,0,1,0
운세위키,15,0,0,0,0,0
하림펫푸드,15,1,1,0,0,0
링글 틴즈 1:1 화상영어,15,0,0,0,1,0
무무키,15,0,0,0,0,0
한고연몰,15,1,1,0,0,0
식물나라,15,1,1,0,0,0
SOOO,15,0,0,0,0,0
Mixxo,15,1,1,0,0,0
클리오 CLIO,15,0,0,0,1,0
프롬투미 Fromtome,15,0,0,0,0,0
달리프,14,1,1,0,0,0
데카트론코리아,14,0,0,1,0,0
플로랑 - 프리미엄 섬유 향수,14,0,0,0,1,0
데이지크,14,1,1,0,0,0
Hey Greeny,14,0,0,0,0,0
NOL 티켓,14,0,0,0,1,0
_mimichance,14,0,0,0,0,0
힘콩의재미어트,14,0,0,0,0,0
NOL 인터파크투어,14,0,0,0,1,0
제이숲,14,1,1,0,0,0
링크로,14,0,0,0,0,0
먹또먹,14,0,0,0,0,0
꿀팁 저장소 ,14,0,0,0,0,0
MEDI IN LAB,14,0,0,0,0,0
오래오래 건강하게 오건,14,0,0,0,0,0
밸런스온,14,1,1,0,0,0
Danceonthefloor,14,0,1,0,0,0
다우니 - Downy Korea ,14,0,0,0,1,0
추λΓ己6,14,0,0,0,0,0
Papstars,14,0,0,0,0,0
Meta for Business,14,0,0,0,0,0
슬로우허밍,14,1,1,0,0,0
Casetify KR,14,0,0,1,0,0
gundamdak,14,0,1,0,0,0
트러스티푸드,14,0,0,0,0,0
모렛 Molette,14,0,0,0,0,0
리덴스,14,1,1,0,0,0
Suno,13,0,0,0,0,0
리쥬란 코스메틱,13,0,0,1,0,0
케쌤영어,13,0,0,0,0,0
러븀 Luvum,13,0,0,0,1,0
Coolean 쿨린,13,0,0,0,1,0
일센치_1cm,13,0,0,0,1,0
Marhen.j - 마르헨제이,13,0,0,0,1,0
아임반,13,0,0,0,0,0
"여행의 기준점, 브라이튼몰",13,0,0,0,0,0
Monpeach.,13,0,0,0,0,0
콰티,13,1,1,0,0,0
좋은 옷엔 좋은 옷걸이 - 엠부띠끄,13,0,0,0,1,0
플랜핏,13,0,0,0,0,0
라보 AMH 검사 서비스,13,0,0,0,0,0
오브베이스,13,1,1,0,0,0
아모레퍼시픽 Amorepacific,13,0,0,0,1,0
카카오풋앤바디,13,0,0,0,0,0
베몽테스 Vemontes,13,0,0,0,0,0
맛있는아침식사,13,0,0,0,0,0
다이어트학교,13,1,1,0,0,0
BY LAB 바이랩,13,0,0,0,1,0
오로라렌즈,13,0,0,0,0,0
TeddyTales Korea,13,0,0,0,0,0
레디블룸 readybloom,13,0,0,0,1,0
hugvone_kr,13,0,0,0,0,0
HundoP,13,0,0,0,0,0
YDY Nutrition,13,0,0,0,0,0
밀리옹 Milliong Seoul,13,0,0,0,0,0
꿀템 소개소,13,0,0,0,0,0
비브비브-vivevive,13,0,0,0,1,0
춘몽-ChunMong,13,0,0,0,1,0
Papfashion,13,0,0,0,0,0
Kangol Korea,13,0,0,0,0,0
161 Mall,13,0,0,0,0,0
Hamit.to.gether,13,0,0,0,0,0
슬림9,13,1,1,0,0,0
어반사이드 urbanside,13,0,0,0,1,0
동성제약 Dongsung-Pharm,12,0,0,0,1,0
MJade,12,0,1,0,0,0
휘게 언더웨어,12,0,0,1,0,0
타입넘버,12,1,1,0,0,0
WAUG,12,1,1,0,0,0
purepot_official,12,0,0,0,0,0
아이디얼포맨 ideal for men,12,0,0,0,1,0
Kindoh - 킨도,12,0,0,0,1,0
테라로직,12,1,1,0,0,0
bulbum,12,0,0,0,0,0
AHC 에이에이치씨,12,0,0,0,1,0
InBody,12,1,1,0,0,0
NS_official,12,0,0,1,0,0
Dr.LIENJANG,12,0,1,0,0,0
알까기 샤브칼국수,12,0,0,0,0,0
말하는 공룡친구 카티,12,0,0,0,1,0
해플리 haply,12,0,0,0,0,0
912_Official,12,0,0,1,0,0
olmeraofficial,12,0,0,1,0,0
마테라소,12,1,1,0,0,0
Fonewlev,12,0,0,0,0,0
해서린,12,1,1,0,0,0
PoseGanch,12,0,1,0,0,0
뉴스,12,0,0,0,0,0
Bondaz.Official,12,0,0,1,0,0
Whoyouare_________,12,0,0,0,0,0
그로서리서울 Grocery Seoul,12,0,0,0,1,0
이너마음 비즈니스 페이지,12,0,0,0,0,0
Tage,12,1,1,0,0,0
플라이코지,12,1,1,0,0,0
ClayShop 클레이샵,12,0,0,0,0,0
이옴 - EIOM,12,0,0,0,1,0
10년이 지나도 똑같은,12,0,0,0,0,0
Sweetch,12,0,0,0,0,0
드립 drrip,12,0,0,0,0,0
마이노멀 : 건강함의 새로운 기준,12,0,0,0,0,0
온리추얼,12,1,1,0,0,0
WAYDN,12,1,1,0,0,0
Hang Ten Korea,12,0,0,1,0,0
VOGA,12,1,1,0,0,0
살림고수 추천템,12,0,0,0,0,0
플로에 PLOE,12,0,0,0,0,0
주다안 Judaan,12,0,0,0,1,0
Everben,12,0,0,0,0,0
청미정,12,1,1,0,0,0
리프톨로지 Liftology,12,0,0,0,0,0
pinkwonder_official,12,0,0,0,0,0
Sione,11,0,1,0,0,0
Leadermune,11,0,1,0,0,0
Genierr,11,0,1,0,0,0
다슈,11,1,1,0,0,0
Glysid,11,0,0,0,0,0
릴리바이레드 lilybyred,11,0,0,0,1,0
굿즈랩스튜디오,11,0,0,0,0,0
Abhplus.official,11,0,0,0,0,0
라우드소싱,11,1,1,0,0,0
유리피부,11,0,0,0,0,0
Xiaomi Korea,11,0,0,1,0,0
Brandless - 브랜드리스,11,0,0,0,1,0
Wechik,11,0,1,0,0,0
토비 Tobby,11,0,0,0,0,0
오렌즈,11,1,1,0,0,0
유팡 UPANG,11,0,0,0,1,0
신상 리뷰,11,0,0,0,0,0
아마겟돈 'AMA GET DON',11,0,0,0,0,0
탑헬스_official,11,0,0,0,0,0
루이뱅코리아,11,0,0,1,0,0
아델레아,11,1,1,0,0,0
꼼지락,11,1,1,0,0,0
프루티드 prooted,11,0,0,0,0,0
AI Photo&Video,11,0,0,0,0,0
언니가 사봤다,11,0,0,0,0,0
디마프 레지나,11,0,0,0,1,0
포렌코즈,11,1,1,0,0,0
쉐이크베이비,11,1,1,0,0,0
미소 Miso,11,0,0,0,1,0
코링코 Coringco,11,0,0,0,1,0
Chorokk,11,0,0,0,0,0
Pantene Korea,11,0,0,0,0,0
Lenbling,11,0,1,0,0,0
AMELI,11,0,1,0,0,0
숨37º,11,0,0,0,0,0
히말라야 나드,11,0,0,0,1,0
슬립퍼,11,1,1,0,0,0
큐원 상쾌환,11,0,0,0,1,0
"닥터리의 로하스밀 - 이유식, 육아정보",11,0,0,0,1,0
Pranarom Korea,11,0,0,1,0,0
MIMZ,11,1,1,0,0,0
JMW,11,1,1,0,0,0
danp.kr,11,0,0,1,0,0
Mumchit - 멈칫,10,0,0,0,1,0
Celebtok 셀럽톡,10,0,0,0,0,0
쿤달 - Kundal,10,0,0,0,1,0
미리캔버스,10,1,1,0,0,0
Airluv,10,0,0,0,0,0
1:1 실시간 화상영어 캠블리,10,0,0,0,1,0
Aero K 에어로케이항공,10,0,0,0,1,0
아이레시피 irecipe,10,0,0,0,1,0
akitz_crew,10,0,0,0,0,0
프롬비,10,1,1,0,0,0
BBOM,10,0,0,0,0,0
비상교육 온리원 중등,10,1,1,0,0,0
"취향이 깃든 공간을 만들어 가는 즐거움, 무브먼트랩",10,0,0,0,0,0
브라운 면도기 Braun Korea,10,0,0,0,1,0
Damchilock,10,0,0,0,0,0
Leivy_kr,10,0,0,0,0,0
딩동펫,10,0,0,0,0,0
𝖘𝖙𝖊𝖊𝖑 𝖜𝖗𝖎𝖘𝖙,10,0,0,0,0,0
eSpoir 에스쁘아,10,0,0,0,1,0
Moonshotkorea,10,0,0,0,0,0
스터디파이,10,0,0,0,0,0
데코뷰,10,1,1,0,0,0
민감피부연구소,10,0,0,0,0,0
아이제제,10,1,1,0,0,0
Puripia,10,0,0,0,0,0
벤딕트_vendict,10,0,0,0,1,0
커먼유니크,10,1,1,0,0,0
beavers_ski_,10,0,0,0,0,0
Demar3,10,0,1,0,0,0
글램피크,10,1,1,0,0,0
여드름 꿀팁모음.zip,10,0,0,0,0,0
Houseboy_Official,10,0,0,0,0,0
삶의질 상승템,10,0,0,0,0,0
Renew-Phy,10,0,0,0,0,0
Deals_Lover,10,0,0,0,0,0
LIZDA,10,0,1,0,0,0
슈퍼포우,10,0,0,0,0,0
언니가 필요할 때,10,0,0,0,0,0
proles.1,10,0,0,0,0,0
VOVA 보바,10,0,0,0,1,0
핑거수트,10,1,1,0,0,0
Heallish,10,0,0,0,0,0
지식 위성 SAT. Knowledge ,10,0,0,0,0,0
Teammint VN Careers,9,0,0,0,0,0
라라스마일,9,0,0,0,0,0
Dorelan - 돌레란,9,0,0,0,1,0
배리웨이 variway,9,0,0,0,1,0
Lactiv.official,9,0,0,1,0,0
Masmarulez,9,1,1,0,0,0
Thehairpick,9,0,0,0,0,0
For is,9,0,0,0,0,0
더블틴,9,0,0,0,0,0
습관연구소,9,0,0,0,0,0
하림라면,9,0,0,0,0,0
Maryhouse,9,0,0,0,0,0
플랜코리아 Plan International Korea,9,0,0,0,0,0
마플,9,1,1,0,0,0
모두닥 건강검진,9,0,0,0,1,0
미마 코리아,9,0,0,0,0,0
UNOVE 어노브,9,0,0,0,1,0
엔젤앤비,9,1,1,0,0,0
혁명티슈,9,0,0,0,0,0
에블린,9,1,1,0,0,0
olicell_official,9,0,0,0,0,0
하나투어,9,1,1,0,0,0
다노날,9,0,0,0,0,0
AlphäCD,9,0,0,0,0,0
올리브영,9,1,1,0,0,0
LUOES COSMETICS,9,0,0,0,0,0
Pair chocolate 커플초콜릿,9,0,0,0,0,0
아닐로x올리브영,9,0,0,0,0,0
Teo and the 태오앤더,9,0,0,0,1,0
순환연구소,9,0,0,0,0,0
바인허브,9,0,0,0,0,0
옵티마 웰니스 뮤지엄,9,0,0,0,0,0
Petomamanshop,9,0,0,0,0,0
밀레니얼머니스쿨,9,0,1,0,0,0
tigermorningshot,9,0,0,0,0,0
Overlaps.official,9,0,0,0,0,0
NewOrigin 뉴오리진,9,0,0,0,1,0
연애하고싶다면 따라해,9,0,0,0,0,0
Akitzcrew,9,0,0,0,0,0
Larosée Korea,9,0,0,0,0,0
프랭클리-Frankly,9,0,0,0,1,0
지티스,9,1,1,0,0,0
유이크 UIQ,9,0,0,0,1,0
SW19 Fragrance,9,0,0,0,1,0
Rucipello/루치펠로,9,0,0,0,1,0
토코보 Tocobo,9,0,0,0,1,0
medipuppy,9,0,0,1,0,0
오제끄Oseque,9,0,0,0,0,0
한끼통살,9,1,1,0,0,0
Pyunkang yul,9,0,1,0,0,0
VINA & Co.,9,0,0,0,0,0
Thermard,9,0,0,0,0,0
차르르,9,0,0,0,0,0
크런틴 CRUNTIN,9,0,0,0,1,0
엠제이드,9,1,1,0,0,0
더잠 - TZM,9,0,0,0,1,0
중등인강 1위 엠베스트,9,0,0,0,1,0
조성아뷰티,9,1,1,0,0,0
청정원,9,1,1,0,0,0
클렌오  Clen O,9,0,0,0,0,0
비상교육 온리원,9,0,0,0,1,0
노일리 Noily,9,0,0,0,1,0
GATSBY,9,0,0,0,0,0
스파르타 내일배움,9,0,0,0,0,0
퍼셀 Purcell,8,0,0,0,1,0
천재교과서 밀크T초등,8,0,0,0,1,0
도파미너,8,0,0,0,0,0
매일유업(Maeil),8,0,0,0,1,0
HEI shoes,8,0,0,0,1,0
dailyyam,8,0,0,0,0,0
Lukt,8,1,1,0,0,0
모그라미 입으면 효율 200퍼,8,0,0,0,1,0
디어먼트,8,1,1,0,0,0
CURE,8,0,0,0,0,0
Otoki daily,8,0,0,0,0,0
needsome_official,8,0,0,0,0,0
피토틱스 Phytotics,8,0,0,0,1,0
플레이텍스,8,1,1,0,0,0
TS샴푸 - TS Shampoo,8,0,0,0,1,0
20대 뭐 하지?,8,0,0,0,0,0
뮤엘토 Muelto,8,0,0,0,1,0
이사대학 Move University,8,0,0,0,0,0
BackerKit,8,0,0,0,0,0
Golden piece 골든피스,8,0,0,0,1,0
"궁금할 땐, 아하",8,0,0,0,0,0
Aelfric Eden,8,0,0,0,0,0
Sergio Tacchini,8,0,1,0,0,0
스타라이크,8,1,1,0,0,0
Beplain_official,8,0,0,1,0,0
오하입,8,1,1,0,0,0
예뻐지는 레시피,8,0,0,0,0,0
Tielacosmetics.kr,8,0,0,0,0,0
핫이슈 issǔe 투데이,8,0,0,0,0,0
피부연구방,8,0,0,0,0,0
Anaconda_innerwear,8,0,0,0,0,0
Slimfit,8,0,0,0,0,0
그린핑거-greenfinger,8,0,0,0,0,0
제이엘브,8,1,1,0,0,0
takemind_official,8,0,0,0,0,0
Klook,8,1,1,0,0,0
Ohscent,8,0,1,0,0,0
VINNE 빈느,8,0,0,0,1,0
Rbfy,8,0,1,0,0,0
티타드 TITAD,8,0,0,0,1,0
포토그레이 - Photogray,8,0,0,0,1,0
"자연식의 올바른 기준, 씽크라이크펫",8,0,0,0,1,0
Re:NK,8,1,1,0,0,0
현대백화점문화센터,8,0,0,0,0,0
Abib.fragrance,8,0,0,0,1,0
WiseMeal,8,0,0,0,0,0
Basics,8,1,1,0,0,0
Amazing Victoria,8,0,0,0,0,0
패스트캠퍼스,8,1,1,0,0,0
언니의 노하우,8,0,0,0,0,0
오휘(O HUI),8,0,0,0,1,0
소소한 습관,8,0,0,0,0,0
스피킹맥스,8,1,1,0,0,0
Apothe,8,0,1,0,0,0
TIGHT 사주,8,0,0,0,0,0
라뮤즈,8,0,0,0,0,0
그라스,8,1,1,0,0,0
Glowsh,8,0,0,0,0,0
꼬기다,8,1,1,0,0,0
삭스업 SOCKS UP,8,0,0,0,0,0
그로우어스 Growus,8,0,0,0,1,0
Calypso 칼립소,8,0,0,0,0,0
나린플라 narinfla,8,0,0,0,1,0
Oganacellskin Korea,8,0,0,0,0,0
Blancdiva,8,0,0,0,0,0
Myegglife,8,0,0,0,0,0
슈링크홈,8,0,0,0,0,0
유르테,8,1,1,0,0,0
구강리뷰 다이어리,8,0,0,0,0,0
마마캣 - mamacat,8,0,0,0,0,0
몰든,8,0,0,0,0,0
오아,8,1,1,0,0,0
데이로,8,1,1,0,0,0
널담,8,1,1,0,0,0
Thehistoryofwhoo.official,8,0,0,1,0,0
ReFa 리파,8,0,0,0,1,0
퓨어레비,8,0,0,0,0,0
LalaChuu 공식페이지,8,0,0,0,1,0
Red Brick House,8,0,0,0,0,0
Formulain,8,0,0,0,0,0
업노멀,8,0,0,0,0,0
aeit.official,8,0,0,0,0,0
슬림라이프,8,0,0,0,0,0
바르너 Baruner,8,0,0,0,1,0
블루그레인,8,1,1,0,0,0
모무 MOMU,8,0,0,0,0,0
닥터딥-Dr.Deep,8,0,0,0,1,0
Babitalk,8,1,1,0,0,0
Sillymann,7,1,1,0,0,0
Ring Tap - 링탭,7,0,0,0,1,0
컬러그램 - Colorgram,7,0,0,0,1,0
Buzztravelerskorea,7,0,0,0,0,0
캄올,7,0,0,0,0,0
러닝라이프,7,0,0,0,0,0
wooa_ps,7,0,0,0,0,0
사이언솔,7,0,0,0,0,0
올리,7,1,1,0,0,0
노도르 Nodor,7,0,0,0,1,0
비즈업클래스,7,0,0,0,0,0
테라퓨젠 Terafugen,7,0,0,0,1,0
코르딕스1,7,0,0,0,0,0
HANE,7,0,1,0,0,0
Altenbach,7,1,1,0,0,0
95_problem,7,0,0,0,0,0
Saily,7,1,1,0,0,0
VOYE,7,0,0,0,0,0
무백_moo100,7,0,0,0,1,0
한스킨,7,1,1,0,0,0
Samsung,7,0,0,0,0,0
휴닉,7,1,1,0,0,0
해브어 have a ___.,7,0,0,0,0,0
VDL Cosmetics,7,0,0,0,1,0
Urban Busters,7,0,0,0,0,0
글루프레소,7,0,0,0,0,0
Innerflora,7,0,0,0,0,0
에이딕트 a ddct,7,0,0,0,1,0
네모닉 nemonic,7,0,0,0,1,0
Siore,7,0,0,0,0,0
DrJart,7,0,0,0,0,0
danp_official_account,7,0,0,0,1,0
OpenAI,7,1,1,0,0,0
Knockcomma,7,0,0,0,0,0
Meitu,7,1,1,0,0,0
루미르 Lummir,7,0,0,0,1,0
르 네오로 - Le Neoro,7,0,0,0,0,0
네이버페이,7,1,1,0,0,0
Mute-frame,7,0,0,0,1,0
속고민상담실,7,0,0,0,0,0
수도권 데이트코스,7,0,0,0,0,0
Hurease 휴리즈,7,0,0,0,0,0
Athanbe,7,0,1,0,0,0
AI Video - AI catch,7,0,0,0,1,0
티로 tiro,7,0,0,0,0,0
주식회사 바오,7,0,0,0,0,0
Serene - Meet your Serenity,7,0,0,0,1,0
LG프라엘,7,1,1,0,0,0
라돌프,7,1,1,0,0,0
Losy Kim 로지킴,7,0,0,0,1,0
음식물처리기 린클,7,0,0,0,1,0
메이크프렘 makep:rem,7,0,0,0,1,0
라이크 디스 - Like This,7,0,0,0,0,0
브리쎄 Brissé,7,0,0,0,1,0
코주부클래스,7,0,0,0,0,0
디어오늘,7,1,1,0,0,0
다슈_올리브영,7,0,0,0,1,0
언니의 숨은 꿀템,7,0,0,0,0,0
Wecowork_official,7,0,0,1,0,0
디웨더,7,1,1,0,0,0
모델로화장품,7,1,1,0,0,0
Dailymorning,7,0,0,0,0,0
killlorie,7,0,0,0,0,0
블레스문,7,1,1,0,0,0
Ortte 오르뜨,7,0,0,0,0,0
nomorethan.1,7,0,0,0,0,0
mongdol.official,7,0,0,1,0,0
포켓샐러드,7,1,1,0,0,0
DECET WOMEN,7,0,0,0,0,0
더블유비스킨,7,0,0,0,0,0
iloom 일룸,7,0,0,0,1,0
제너럴아이디어,7,1,1,0,0,0
반려견의 일상,7,0,0,0,0,0
Entre Rêves,7,1,1,0,0,0
한국디지털컨버전스협회,7,0,0,0,0,0
약손명가 헬스케어,7,0,0,0,1,0
트마,7,0,0,0,0,0
셀로라바이 코리아,7,0,0,1,0,0
동안연구소,7,0,0,0,0,0
휴그랩,7,1,1,0,0,0
볼빅,7,1,1,0,0,0
BCML,7,0,0,0,0,0
Another face,7,0,1,0,0,0
POLED,7,0,0,0,0,0
Cnewlab_씨뉴랩,7,0,0,0,0,0
코슬리 koselig,7,0,0,0,0,0
코드잇 스프린트,6,0,0,0,1,0
YJ Company,6,0,0,0,0,0
Realcumin,6,0,0,0,0,0
헤어나올 수 없는 꿀팁,6,0,0,0,0,0
러디브 Shop,6,0,0,0,0,0
GU（ジーユー）,6,0,0,0,0,0
포뷰트-텍스처쉐이크,6,0,0,0,1,0
슬기로운피부생활,6,0,0,0,0,0
Antures - 앤처스,6,0,0,0,0,0
닥터지 Dr.G,6,0,0,0,1,0
_k.sun__,6,0,0,0,0,0
센트룸,6,1,1,0,0,0
고운쌤 ｜정책자금 • 절세 • 사업자 컨설던트 ,6,0,0,0,0,0
hahhaya_modern,6,0,0,0,0,0
스컬피그,6,1,1,0,0,0
Wox_korea,6,0,0,0,0,0
ALO Wellness Club,6,0,0,0,0,0
Beauty for you,6,0,0,0,0,0
테일룸,6,0,0,0,0,0
나노레시피,6,1,1,0,0,0
Alternativestereo,6,1,1,0,0,0
오늘의 살림꿀팁,6,0,0,0,0,0
마로의 클린푸드,6,0,0,0,0,0
환테크 플랫폼 스위치원,6,0,0,0,1,0
끌리젠 Kklizen,6,0,0,0,1,0
Tinkerbell1904.official,6,0,0,0,0,0
kclubcokr 250718,6,0,0,0,0,0
텐바이텐(www.10x10.co.kr),6,0,0,0,1,0
Gitden,6,0,1,0,0,0
마이루핏 myroufit,6,0,0,0,1,0
까사미아,6,1,1,0,0,0
온그리디언츠,6,1,1,0,0,0
Oulukorea,6,0,0,0,0,0
엘르 이너웨어,6,0,0,1,0,0
I-hi,6,0,0,0,0,0
한성컴퓨터,6,1,1,0,0,0
란시노 코리아 Lansinoh korea,6,0,0,0,1,0
다이어터의 삶s,6,0,0,0,0,0
파파레서피,6,1,1,0,0,0
LUTH,6,0,0,0,0,0
PODL,6,0,1,0,0,0
maetria,6,0,1,0,0,0
Herstellerbeauty,6,0,0,0,0,0
데일리코드,6,0,0,0,0,0
어라운드앤 - around ann,6,0,0,0,0,0
Arpe korea,6,0,0,0,0,0
셀비전 cellvision,6,0,0,0,0,0
편한가,6,0,0,0,0,0
바운더리서울,6,0,0,0,0,0
대장사랑,6,0,0,0,0,0
리얼클래스,6,1,1,0,0,0
데이니스 Dayness,6,0,0,0,0,0
kindski.zip,6,0,0,0,0,0
Megabyte School - 커리어를 시작하는 가장 빠른 길,6,0,0,0,0,0
Pimadaziwin,6,0,0,0,0,0
Dberno,6,0,0,0,0,0
Peeven,6,0,0,0,0,0
엘리하이,6,1,1,0,0,0
AI Catch video,6,0,0,0,1,0
슬라운드,6,1,1,0,0,0
닥터서동원 베개,6,0,0,0,1,0
내집스캔,6,1,1,0,0,0
Lesstopy,6,0,0,0,0,0
달심,6,1,1,0,0,0
Love.review,6,0,0,0,0,0
Milliens.official,6,0,0,0,0,0
유심사,6,0,0,1,0,0
Clabiane 클라비안,6,0,0,0,1,0
단 스튜디오,6,0,0,0,0,0
Hotels.com,6,1,1,0,0,0
Lymday,6,0,0,0,0,0
키즈텐,6,1,1,0,0,0
로댄티,6,0,0,0,0,0
티르티르,6,1,1,0,0,0
Didaofficiᶏl,6,0,0,0,0,0
꿀팁로그,6,0,0,0,0,0
Zigzag.item,6,0,0,0,1,0
자연누리,6,1,1,0,0,0
비비안 (VIVIEN),6,0,0,0,1,0
이가닉스,6,0,0,0,0,0
SK-II,6,0,0,0,0,0
Mild_market,6,0,0,0,0,0
닥터린,6,1,1,0,0,0
Nubes,6,0,0,0,0,0
Nuttybutty 너티버티,6,0,0,0,0,0
Beauty wow,6,0,0,0,0,0
위버스마인드,6,0,0,0,0,0
로니엘,6,1,1,0,0,0
요미몬,6,0,0,0,0,0
밸런스플레이,6,0,0,0,0,0
치킨매니아 창업,6,0,0,0,1,0
누잠,6,1,1,0,0,0
뽀시래기,6,0,0,0,0,0
배상면주가,6,0,0,0,0,0
Anerisy,6,0,0,0,0,0
팀밸,6,0,0,0,0,0
매틱플락,6,0,0,0,0,0
렌즈미,6,1,1,0,0,0
꿀팁알려주는여자,6,0,0,0,0,0
dr.althea_clean,6,0,0,0,0,0
ClearDea korea,6,0,0,1,0,0
모몽,6,0,0,0,0,0
Deodrix 데오드릭스,6,0,0,0,0,0
푸드올로지,6,1,1,0,0,0
블랙크러쉬,6,0,0,0,0,0
Revḙnipîofficial,6,0,0,0,0,0
Bodyluv 바디럽,6,0,0,0,1,0
ODER,6,0,0,0,0,0
스파오 키즈,6,0,0,1,0,0
누즈 nuse,6,0,0,0,1,0
패션치트키,6,0,0,0,0,0
그립뱅크 마케팅,5,0,0,0,0,0
Insta360,5,0,1,0,0,0
멀티잇 - Multicampus IT,5,0,0,0,1,0
젬베베,5,0,0,0,0,0
오프아워,5,0,0,0,0,0
미오데칼코마니,5,0,0,0,0,0
라티티,5,1,1,0,0,0
파티온,5,1,1,0,0,0
미니학습지,5,1,1,0,0,0
남선생홈푸드,5,0,0,1,0,0
Lilu,5,0,0,0,0,0
맘스터치 - 버거&치킨,5,0,0,0,1,0
신지모루lab,5,0,0,0,0,0
내 피부과 의사의 휴가,5,0,0,0,0,0
프리우먼 Free Woman,5,0,0,0,0,0
마지아룩,5,0,0,0,0,0
인피테,5,0,0,0,0,0
Grip Bank,5,0,0,0,1,0
오통닭,5,0,0,0,0,0
트루쿡,5,0,0,0,0,0
마이템즈,5,0,0,0,0,0
오피고우,5,1,1,0,0,0
Jellyup 젤리업,5,0,0,0,0,0
스킨푸드 Skinfood,5,0,0,0,1,0
동구밭,5,1,1,0,0,0
뭐야이거?,5,0,0,0,0,0
종근당건강,5,1,1,0,0,0
포뷰트-스케일러,5,0,0,0,1,0
홍동비책,5,0,0,0,0,0
육아맘 온솔미,5,0,0,0,0,0
리큅 L'EQUIP,5,0,0,0,1,0
Debbiemeyer korea,5,0,0,0,0,0
애슬러,5,0,0,0,0,0
Acwell,5,1,1,0,0,0
Jejememe,5,0,0,0,0,0
타가,5,1,1,0,0,0
아누코 Anuko,5,0,0,0,1,0
Andear,5,0,0,0,0,0
Buzztravelersglobal,5,0,0,0,0,0
Uglybitesclub,5,0,0,0,0,0
HoEn,5,0,0,0,0,0
요즘리뷰,5,0,0,0,0,0
감탄브라,5,1,1,0,0,0
Renopti - 레놉티,5,0,0,0,0,0
이파마스터 - iipamaster,5,0,0,0,0,0
Smithtea Korea,5,0,0,1,0,0
트라히어,5,1,1,0,0,0
omg_electronics,5,0,0,0,0,0
닥터리코스메틱,5,0,0,0,0,0
씨드비 Seedbee,5,0,0,0,1,0
Beigic,5,0,1,0,0,0
haroo__hi,5,0,0,0,0,0
모햇,5,1,1,0,0,0
mowmmall,5,0,0,0,0,0
Shezhome,5,0,1,0,0,0
Ballop-밸롭,5,0,0,0,1,0
CAELA,5,1,1,0,0,0
FINV 핀브,5,0,0,0,1,0
아비튜드,5,1,1,0,0,0
프렙바이비레디,5,0,0,0,0,0
ILCORSO,5,0,1,0,0,0
비욘드 (BEYOND),5,0,0,0,1,0
정글몬스터,5,1,1,0,0,0
GEAR BY GASH,5,0,0,0,1,0
바엘,5,1,1,0,0,0
유튜버꿈나무,5,0,0,0,0,0
Meowtimes,5,1,1,0,0,0
타이탄클래스,5,0,0,0,0,0
자이티,5,0,0,0,0,0
1204,5,0,0,0,0,0
L3xng,5,0,0,0,0,0
초월,5,0,0,0,0,0
색동서울 Saekdong Seoul,5,0,0,0,1,0
놈캐리어,5,1,1,0,0,0
healthyplace,5,0,1,0,0,0
캔코,5,0,0,0,0,0
Japaholic Korea,5,0,0,0,0,0
Cutem 큐템,5,0,0,0,0,0
레무로,5,0,0,0,0,0
Terroirbon,5,0,0,0,0,0
Wholeblending 홀블렌딩,5,0,0,0,0,0
Nowandthanmkt,5,0,0,0,0,0
윙크학습,5,1,1,0,0,0
통영숙수 tongyeongchef,5,0,0,0,1,0
루시아이 크리스마스,5,0,0,0,1,0
하이마트(Hi-mart),5,0,0,0,0,0
비어썸,5,0,0,0,0,0
플레인팟,5,1,1,0,0,0
타파웨어 - Tupperware Brands Korea,5,0,0,0,0,0
듀이셀.Offical,5,0,0,0,1,0
ㄱr벼워질ㄹrl?,5,0,0,0,0,0
Healthforbeauty,5,0,0,0,0,0
바비톡,5,1,1,0,0,0
MyRealTrip,5,0,1,0,0,0
LOHWI,5,0,0,0,0,0
칩스서울,5,0,0,0,0,0
Bbangpro Diet Bakery,5,0,0,0,1,0
이블렛,5,0,0,0,0,0
에드모어,5,0,0,0,0,0
호호에미,5,0,0,0,0,0
Mini Recipe 미니레시피,5,0,0,0,0,0
오뚜기 라면.ZIP,5,0,0,0,1,0
dr.piel_official,5,0,0,1,0,0
GREEK DAY,5,0,1,0,0,0
벤튼,5,1,1,0,0,0
칼로 Calo,5,0,0,0,1,0
도프라이브,5,0,0,0,0,0
리얼베리어 Real Barrier,5,0,0,0,1,0
LST: 한국에서 즐기는 유학생활,5,0,0,0,0,0
예뻐ズlㅈΓ,5,0,0,0,0,0
VIPKID 코리아,5,0,0,1,0,0
오린하우스 야외웨딩 돌잔치 고희연 기업행사,5,0,0,0,0,0
Ma Journée,5,1,1,0,0,0
Hei glow,5,0,0,0,1,0
언니들의 리뷰모음.zip,5,0,0,0,0,0
Neoteria planet,5,0,0,0,1,0
Club Med,5,1,1,0,0,0
ELT Cosmetics 이엘티,5,0,0,0,0,0
Veramore_official,5,0,0,0,0,0
덴라이프,5,0,0,0,0,0
Costalgia 코스텔지아,5,0,0,0,1,0
Ourskin,5,0,1,0,0,0
건강한범벨이,5,0,0,0,0,0
여리한다이어트,5,1,1,0,0,0
Mens Effect,5,0,0,0,0,0
인버브 inverb,5,0,0,0,0,0
시니어 클럽,5,0,0,0,0,0
Candorlov Cosmetics,5,0,0,0,1,0
르뷔제,5,1,1,0,0,0
주방마녀비법,5,0,0,0,0,0
리프팅 연구소,4,0,0,0,0,0
REY,4,0,0,0,0,0
비브리브,4,0,0,1,0,0
하우파머시,4,0,0,0,0,0
Henell,4,0,0,0,0,0
대성축산,4,1,1,0,0,0
토스,4,1,1,0,0,0
사람인,4,0,0,0,0,0
FitPet,4,0,1,0,0,0
스콜 SKöLL,4,0,0,0,0,0
스기약국 일본【공식】,4,0,0,0,0,0
가벼운 학습지,4,0,0,1,0,0
라라스윗 Lalasweet,4,0,0,0,1,0
Line On Ballet 정은쌤,4,0,0,0,0,0
더 나은 내일을 위한 습관,4,0,0,0,0,0
Naming. 네이밍 코스메틱,4,0,0,0,1,0
LATE - 레이트,4,0,0,0,1,0
Hassoul,4,0,0,1,0,0
아토세이프,4,1,1,0,0,0
와일드캣88,4,0,0,0,0,0
위자드조선,4,0,0,0,0,0
ByReve,4,0,0,0,0,0
베지어트,4,1,1,0,0,0
수니홈,4,1,1,0,0,0
ROLLY,4,0,1,0,0,0
아리솜 arisom.,4,0,0,0,0,0
LFmall,4,0,0,0,1,0
해브해드 HAVE HAD,4,0,0,0,0,0
Livb 리브비,4,0,0,0,1,0
Jeong Seo,4,0,0,0,0,0
쟈뎅 - Jardin,4,0,0,0,1,0
design.review.lab,4,0,0,0,0,0
JI9BON.official,4,0,0,0,0,0
타임투런 TIME to RUN,4,0,0,0,0,0
Bodyfine,4,0,1,0,0,0
벨37 풀빌라 펜션,4,0,0,0,0,0
팀버핏,4,0,0,0,0,0
영라뉴,4,1,1,0,0,0
HALO SHOP 헤일로샵,4,0,0,0,0,0
Wakemake,4,0,1,0,0,0
아임얼라이브 콤부차,4,1,1,0,0,0
Savwa professional,4,0,1,0,0,0
온작,4,1,1,0,0,0
Paid Team Placeholder,4,0,0,0,0,0
포인드,4,0,0,0,0,0
아르베,4,1,1,0,0,0
코링코 코스메틱,4,0,0,0,1,0
zone_jam_,4,0,0,0,0,0
Wellchop,4,0,0,0,0,0
누비지오,4,1,1,0,0,0
Lifework - 라이프워크,4,0,0,0,1,0
델링그,4,1,1,0,0,0
월세는 내친구,4,0,0,0,0,0
아밀리 Amily,4,0,0,0,1,0
그레이시티 수원,4,0,0,0,0,0
셀럽스픽,4,0,0,0,0,0
Jloria,4,0,0,0,0,0
닥터아돌,4,1,1,0,0,0
코이,4,1,1,0,0,0
MaH_Kor,4,0,0,0,1,0
160kgk,4,0,0,0,0,0
Lilysilk JAPAN,4,0,0,0,1,0
오픈갤러리 OPEN GALLERY,4,0,0,0,1,0
핏트-매일이 가벼워지는 단백질 쉐이크,4,0,0,0,0,0
바이탈사인,4,0,0,0,0,0
마인드카페,4,1,1,0,0,0
Chinsu_Hot_Sauce_KR,4,0,0,0,0,0
로로스키니 숄더릴랙사,4,0,0,0,0,0
hairrhythm,4,0,0,0,0,0
엄마의 한스푼,4,0,0,0,0,0
마틸라,4,1,1,0,0,0
Glow.B Global,4,0,0,0,0,0
몽뤼르,4,1,1,0,0,0
dabongss.selfcare,4,0,0,0,1,0
Salim jopd,4,0,0,0,0,0
Liner Research Assistant,4,0,0,0,0,0
킵유어핏 KEEP YOUR FIT ,4,0,0,0,1,0
Melt halo,4,0,0,0,0,0
Undage,4,0,1,0,0,0
PUZL,4,0,0,0,0,0
이브이메드,4,0,0,0,0,0
언니들의 필수템,4,0,0,0,0,0
LG전자,4,1,1,0,0,0
직방,4,1,1,0,0,0
코랩 드라이샴푸 COLAB Korea,4,0,0,0,1,0
누디크,4,1,1,0,0,0
네버두와이-Neverdowhy,4,0,0,0,0,0
삼성카드(Samsungcard),4,0,0,0,1,0
숨고 - Soomgo,4,0,0,0,1,0
리빙크리에이터,4,1,1,0,0,0
신라스테이플러스,4,0,0,0,0,0
slowlife_lea,4,0,0,0,0,0
노에이지 noage,4,0,0,0,0,0
프로틴유목민,4,0,0,0,0,0
Paula's Choice,4,0,1,0,0,0
펫바이블,4,0,0,0,0,0
펫베오,4,0,0,0,0,0
포스처룸,4,0,0,0,0,0
Goyohaus,4,0,0,0,0,0
VUCA 뷰카,4,0,0,0,0,0
토들즈,4,0,0,0,0,0
Spotify Korea,4,0,0,1,0,0
hattke,4,0,0,0,0,0
큐마켓,4,0,0,0,0,0
NOMOT,4,0,0,0,0,0
클룹 - CLOOP,4,0,0,0,1,0
PAP Magazine,4,0,0,0,0,0
Wellit.official.page,4,0,0,0,1,0
kiimuir.us,4,0,0,0,1,0
ᴍɪᴍɪ 미미,4,0,0,0,0,0
Scarkat,4,0,0,0,0,0
앙또미뇽 Antomignon,4,0,0,0,1,0
시원스쿨 프랑스어,4,0,0,0,1,0
현대카드,4,1,1,0,0,0
Edison.baby,4,0,0,0,1,0
HEY DUDU,4,0,0,0,0,0
삼대오백,4,1,1,0,0,0
좋은경희한의원_보니바이오,4,0,0,0,0,0
한국식품상회,4,0,0,0,0,0
시원스쿨 스페인어,4,0,0,0,1,0
드실랩,4,0,0,0,0,0
Citir,4,0,0,0,0,0
에어워크서프,4,0,0,0,0,0
아띠베뷰티,4,0,0,0,0,0
Egattoc Beauty,4,0,0,0,0,0
아늑 호텔 · Anook Hotel,4,0,0,0,0,0
정샘물 뷰티 JSM Beauty,4,0,0,0,1,0
CHANEL,4,0,1,0,0,0
Blanc101,4,0,0,0,0,0
Mature'ism,4,0,0,0,0,0
XP-Pen - KR,4,0,0,0,0,0
Gluet.official,4,0,0,0,0,0
케이에스인터내셔널,4,0,0,0,0,0
조박몰,4,0,0,0,0,0
Yunjac,4,1,1,0,0,0
닥터비타 Dr.Vita,4,0,0,0,1,0
에스티 로더 코리아 Estee Lauder Korea Market,4,0,0,0,1,0
르마하,4,1,1,0,0,0
qss_ofcl,4,0,0,0,0,0
루시에르,4,0,0,0,0,0
Marvelio,4,0,0,0,0,0
멀티락,4,0,0,0,0,0
하루의공간,4,0,0,0,0,0
후아유 Who.A.U,4,0,0,0,1,0
쥬혜,4,0,0,0,0,0
컴포트랩 맨즈 Comfortlab Mens,4,0,0,0,1,0
Beauty info,4,0,0,0,0,0
리커버,4,0,0,0,0,0
Gynocure.kr,4,0,0,1,0,0
스키니랩,4,1,1,0,0,0
Lordloar,4,0,0,0,0,0
세상 모든 다이어트 꿀팁,4,0,0,0,0,0
Ppeanut,4,0,0,0,0,0
Beautyoung 뷰티영,4,0,0,0,1,0
블랙샌즈,4,0,0,0,0,0
오르비에 ORBIÉ,4,0,0,0,0,0
허비쉬 ㅣ HUBBISH,4,0,0,0,0,0
Gleglow,4,0,0,0,0,0
Tevron,4,0,0,0,0,0
Pozenic,4,0,1,0,0,0
fiirn,4,0,0,0,0,0
섭컬마켓 subcul market,4,0,0,0,0,0
모리,4,0,0,0,0,0
MAX AI,4,0,0,0,0,0
Klorane France,4,0,0,0,1,0
킹스샴푸,4,0,0,0,0,0
Hadana,4,0,0,0,0,0
THAWMEofficial,4,0,0,0,0,0
Shopcider_kr,4,0,0,1,0,0
AMUSE 어뮤즈,4,0,0,0,1,0
헤드스파7,4,0,0,0,0,0
foursome.kr,4,0,0,0,0,0
올리보,4,0,0,0,0,0
Studio17,4,1,1,0,0,0
간호사의숲,4,0,0,0,0,0
Owncolor ,4,0,0,0,0,0
스카이원,4,0,0,0,0,0
포뷰트,4,1,1,0,0,0
Marvini 마르비니,4,0,0,0,0,0
Heveblue,4,0,1,0,0,0
Wink - Video Enhancing Tool,4,0,0,0,1,0
uremind.official,4,0,0,0,0,0
Yellow tail - KR,4,0,0,0,0,0
Myprotein,4,1,1,0,0,0
윌라,4,1,1,0,0,0
29',4,1,1,0,0,0
PRIZM,4,1,1,0,0,0
Ingan.ai,4,0,0,0,0,0
피부고민타파,4,0,0,0,0,0
Helinoxwear,4,0,0,0,0,0
dypro2025,4,0,0,0,0,0
데일리컴퍼니,4,0,0,0,0,0
Silky Hug,4,0,0,0,0,0
Catalogfashion,4,0,0,0,0,0
darak.party,4,0,0,0,0,0
"퀄리티즘, TZM",4,0,0,0,0,0
shape.our,4,0,0,0,0,0
월드비전 World Vision Korea,4,0,0,0,1,0
KCP POS+,4,0,0,0,0,0
아카라치,4,0,0,0,0,0
포들,4,1,1,0,0,0
SNOW,4,0,0,0,0,0
뷰니스 Beauness,4,0,0,0,0,0
TFIT,4,0,1,0,0,0
주식회사 에이펙스,4,0,0,0,0,0
파이브바이브,4,1,1,0,0,0
Xiaoyingviva,4,0,0,0,0,0
요즘 다이어트 트렌드,4,0,0,0,0,0
메디솝,4,1,1,0,0,0
Shertz_Korea,4,0,0,0,0,0
"일상의 특별함, 코코슈",4,0,0,0,0,0
Ooznary.,4,0,0,0,0,0
smokinghotvirgin,4,0,0,0,0,0
Lakanto Korea,4,0,0,0,0,0
헬로우봇,4,1,1,0,0,0
MUJI Korea,4,0,1,0,0,0
스마이즈,4,1,1,0,0,0
플뤼에 PLUIE KOREA,4,0,0,0,0,0
Renfit 리앤핏,4,0,0,0,1,0
HDEX,4,1,1,0,0,0
Guessunderwear.kr,4,0,0,0,0,0
룸페커 (www.roompacker.co.kr),4,0,0,0,0,0
아르케,4,0,0,0,0,0
멍냥닥터,4,0,0,0,0,0
트래블기어,4,1,1,0,0,0
sangwookx_,4,0,0,0,0,0
Fillimilli,4,1,1,0,0,0
포포라보 - Pawpaw LABO,4,0,0,0,1,0
누보펫,4,0,0,0,0,0
이아이오,4,1,1,0,0,0
Trip To Japan,4,0,0,0,0,0
Nim Video,4,0,0,0,0,0
드샤르에 - De Chareh,4,0,0,0,0,0
KKRuM,4,0,0,0,0,0
AI Catch Video APP,4,0,0,0,1,0
앤허니 &honey,4,0,0,0,1,0
엘리하이 키즈,4,0,0,1,0,0
fitson___official,4,0,0,0,0,0
라운테스 - Lountess,4,0,0,0,1,0
낫포유 NOT4U,4,0,0,0,1,0
위글리,3,0,0,0,0,0
Loop,3,0,0,0,0,0
BIODERMA,3,0,1,0,0,0
Voltium,3,0,1,0,0,0
슬립앤슬립,3,1,1,0,0,0
시초,3,1,1,0,0,0
로얄오크 프리미엄 하이볼,3,0,0,0,0,0
Mihak,3,0,1,0,0,0
Ayunche 아윤채,3,0,0,0,1,0
recruit.bdai,3,0,0,0,0,0
sunnicorn_life,3,0,0,0,1,0
Coiris,3,0,1,0,0,0
Dwmall_official,3,0,0,0,0,0
ANF KOREA,3,0,0,1,0,0
BETTERS Official 베럴즈,3,0,0,0,0,0
BeautyCam,3,0,1,0,0,0
3040을 위한 뷰티꿀팁,3,0,0,0,0,0
라이즐,3,0,0,0,0,0
Idea2Posts,3,0,0,0,0,0
맥스클리닉,3,1,1,0,0,0
Kupido_movingwear,3,0,0,0,0,0
플라이코지 Plycozy,3,0,0,0,1,0
포뷰트-두피타투,3,0,0,0,1,0
BRKA 브르카,3,0,0,0,0,0
고몽드,3,1,1,0,0,0
드롭드롭드롭 dropdropdrop,3,0,0,0,0,0
로맨틱무브 본점 - 홍대점,3,0,0,0,1,0
OFFLO,3,0,0,0,0,0
Muzigae Mansion,3,1,1,0,0,0
Travelodge Hotels Asia,3,0,0,0,0,0
Nukhan - 뉴칸,3,0,0,0,1,0
FigureLabs,3,0,0,0,0,0
발목 연구소,3,0,0,0,0,0
이너마음,3,0,0,0,0,0
Nubare,3,0,0,0,0,0
세모점: 세상 모든 점집,3,0,0,0,0,0
뷰티마이스킨,3,0,0,0,0,0
MOZI,3,1,1,0,0,0
비상교육 온리원 키즈,3,0,0,0,1,0
피부과 뷰티,3,0,0,0,0,0
Snaps,3,0,0,0,0,0
wedding21_mag,3,0,0,0,0,0
Morus Korea,3,0,0,0,0,0
Nongshimtaekyung,3,0,0,0,0,0
동화 디자인보드,3,0,0,0,0,0
랭크 - RANK,3,0,0,0,0,0
그린로댕,3,0,0,0,0,0
닥터하우쉬카,3,1,1,0,0,0
Viabélloofficiᶏl,3,0,0,0,0,0
빌리프(belif),3,0,0,0,1,0
건강 센터,3,0,0,0,0,0
KOOM Festival,3,0,0,0,0,0
패션풀,3,0,0,0,0,0
cereshome_official,3,0,0,0,0,0
Moroccanoil,3,1,1,0,0,0
에이치덱스 피플,3,0,0,0,1,0
Denps - 덴프스,3,0,0,0,1,0
엣드맹 - 그리고et 내일demain,3,0,0,0,0,0
CARIN 카린,3,0,0,0,1,0
papcultures_,3,0,0,0,0,0
세븐펫,3,0,0,0,0,0
모던하우스,3,1,1,0,0,0
전국 부동산 알려주는 주비서,3,0,0,0,0,0
Kcnr.korea,3,0,0,0,0,0
Ricórso,3,0,0,0,0,0
폼글 foamgle,3,0,0,0,1,0
번개장터 - Bunjang,3,0,0,0,1,0
삼원각,3,0,0,0,0,0
반려공감 닥터바이,3,0,0,0,1,0
아큐탬즈,3,0,0,0,0,0
seoro_mamma,3,0,0,0,0,0
뮬라웨어,3,1,1,0,0,0
핏펫,3,1,1,0,0,0
Aldicom,3,0,0,0,0,0
옆커폰,3,1,1,0,0,0
리 어퍼스트로피,3,0,0,0,0,0
Grand Josun Jeju - 그랜드 조선 제주,3,0,0,0,0,0
Postes,3,0,0,0,0,0
株式会社pdc,3,0,0,0,0,0
equal_magazine,3,0,0,0,0,0
seonny_snpe,3,0,0,0,1,0
오늘어터,3,0,0,0,0,0
Leejeongchul,3,0,0,0,0,0
플로나,3,1,1,0,0,0
라이프스탠다드,3,1,1,0,0,0
Bloomtide.official,3,0,0,1,0,0
EGA 에가,3,0,0,0,1,0
SPAO 스파오,3,0,0,0,1,0
Filakids_official,3,0,0,1,0,0
베스트미,3,0,0,0,0,0
휴플러스,3,1,1,0,0,0
로그인 포레스트 Login Forest,3,0,0,0,1,0
비피오 BIFIO,3,0,0,0,0,0
허프퍼프 huffpuff,3,0,0,0,0,0
presolar_official,3,0,0,0,0,0
vision__paul,3,0,0,0,0,0
Giveaways.com,3,0,0,0,0,0
밀리의서재,3,0,0,1,0,0
메아리셋,3,0,0,0,0,0
Foreun,3,0,0,0,0,0
WondershareKorea ,3,0,0,1,0,0
Denlife 덴라이프,3,0,0,0,0,0
오늘31 KOREA,3,0,0,0,0,0
드웰러,3,0,0,0,0,0
아베끄몽,3,1,1,0,0,0
Percendi,3,1,1,0,0,0
Electrolux,3,0,0,0,0,0
음양관,3,0,0,0,0,0
비헬씨어,3,0,0,0,0,0
한국백혈병어린이재단,3,0,0,0,0,0
KANEI TEI,3,0,0,1,0,0
더베네푸드,3,1,1,0,0,0
강촌레일파크,3,0,0,0,0,0
Bezt,3,0,0,0,0,0
페어홈,3,0,0,0,0,0
흐름출판,3,0,0,0,0,0
한국컴패션,3,0,0,0,0,0
Le Paludier de Guérande Korea,3,0,0,0,0,0
Cleardea,3,0,1,0,0,0
atelier.faye.perfume,3,0,0,0,0,0
탄산오름,3,0,0,0,0,0
케어웰,3,1,1,0,0,0
아이스트 - I.st cosmetics,3,0,0,0,1,0
라인트 Liint,3,0,0,0,0,0
리안 유모차,3,0,0,0,1,0
Cheersfitlab,3,0,0,0,0,0
반려다움,3,0,0,0,0,0
ESSA - 에싸 소파,3,0,0,0,1,0
"핏에이블, Fitable",3,0,0,0,0,0
편안함의 끝판왕 모그라미,3,0,0,0,1,0
리상회,3,0,0,0,0,0
비거너리,3,1,1,0,0,0
SNP,3,0,1,0,0,0
매스티나 mastina,3,0,0,0,1,0
헌치 HUNCH,3,0,0,0,1,0
루니엘,3,1,1,0,0,0
REVIONrx,3,0,0,0,0,0
9thmarket,3,0,0,0,0,0
Yourvet,3,0,0,0,0,0
Oriena,3,0,0,0,0,0
그라운드플랜,3,1,1,0,0,0
Rejuvenilofficial,3,0,0,0,0,0
히어리-Heeari,3,0,0,0,1,0
ETS토플,3,0,0,0,0,0
breezm,3,0,0,0,0,0
비긴즈,3,0,0,0,0,0
오리고 ORIGO,3,0,0,0,0,0
이오시카,3,1,1,0,0,0
Femmue,3,0,1,0,0,0
정원e샵,3,0,0,0,0,0
아론샵,3,0,0,0,0,0
Speak,3,1,1,0,0,0
아르떼뮤지엄 Arte Museum,3,0,0,0,1,0
MasterPRO Korea,3,0,0,0,0,0
"모두의요금제, 모요",3,0,0,0,1,0
Mend Clinic,3,0,0,0,0,0
퓨어라벨,3,1,1,0,0,0
Solutions for Our Climate - 기후솔루션,3,0,0,0,1,0
Otod,3,0,0,0,0,0
오래오랩 - OraeoLab,3,0,0,0,0,0
Easydew,3,1,1,0,0,0
Satechi_Kr,3,0,0,1,0,0
용감이네집,3,0,0,0,0,0
87MM,3,0,1,0,0,0
ADAUL / 어다울,3,0,0,0,1,0
JENNIFEROOM,3,1,1,0,0,0
Saint James Korea,3,0,0,1,0,0
Flinky,3,0,0,0,0,0
미지로,3,0,0,0,0,0
Dyson,3,0,1,0,0,0
선곡의 달인 - 추천음악,3,0,0,0,0,0
Tipsy Chat,3,0,0,0,0,0
마이클 - 대한민국 1등 차량관리앱,3,0,0,0,1,0
디멘트,3,0,0,0,0,0
Merrymother,3,0,0,0,0,0
alex.jonasse,3,0,0,0,0,0
TOEFL,3,0,0,0,0,0
Everydaze_korea,3,0,0,0,0,0
지갑을열게한것들,3,0,0,0,0,0
델타허브 코리아,3,0,0,0,0,0
Peteto,3,0,0,0,0,0
프라임 커리어 - Prime Career,3,0,0,0,0,0
5d5bag,3,0,0,0,0,0
كوب قهوة,3,0,0,0,0,0
두위씨 dowesee,3,0,0,0,0,0
밥스누 - Bobsnu Yakkong,3,0,0,0,0,0
머니루트,3,0,0,0,0,0
Breezfy,3,0,0,0,0,0
Slowlolliofficial,3,0,0,0,0,0
갠소,3,0,0,0,0,0
에코팩토리,3,0,0,0,0,0
Allrightgreen,3,1,1,0,0,0
꿀팁,3,0,0,0,0,0
민트영어 - Mint English,3,0,0,0,1,0
으라차차활력업,3,0,0,0,0,0
PIBU PIBU KOREA,3,0,0,0,0,0
닥터오라클,3,1,1,0,0,0
나만알고싶은템,3,0,0,0,0,0
klipsch_kr_official,3,0,0,1,0,0
Honeyplant,3,0,0,0,0,0
파이브앤플러스,3,0,0,0,0,0
Aromatica,3,1,1,0,0,0
퍼스트클래스 - 하이엔드의 만남보장 매칭,3,0,0,0,0,0
Mfrenz,3,0,0,0,0,0
랑느,3,0,0,0,0,0
쫑부인,3,0,0,0,0,0
비오비투어,3,0,0,0,0,0
MMTG 문명특급,3,0,0,0,0,0
On Brix,3,0,0,0,0,0
Think Way,3,0,0,1,0,0
굿웨어몰,3,1,1,0,0,0
해피테일즈,3,0,0,0,0,0
Celare,3,0,0,0,0,0
룩플 Lookple,3,0,0,0,0,0
리딩게이트,3,1,1,0,0,0
소녀레시피(Girl's recipe),3,0,0,0,0,0
검은머리꿀팁,3,0,0,0,0,0
Careermizing,3,0,0,0,0,0
사이즈오브,3,0,0,1,0,0
Baby Boom,3,0,0,0,0,0
컴포지션 스튜디오,3,1,1,0,0,0
Beauty korea,3,0,0,0,0,0
새벽달,3,0,0,0,0,0
빅유니온,3,0,0,0,0,0
dearbyme_official,3,0,0,0,0,0
והב אותך,3,0,0,0,0,0
Biohancer,3,0,0,0,0,0
레브슈즈,3,0,0,0,0,0
SFE Admin,3,0,0,0,0,0
리보핏,3,0,0,0,0,0
Ploop brand,3,0,0,0,0,0
루미오라,3,0,0,0,0,0
집품 - 집에 대한 모든 정보,3,0,0,0,1,0
"부동산 단기임대 1위, 33m2-삼삼엠투",3,0,0,0,1,0
AOU 에이오유,3,0,0,0,1,0
힐스파,3,0,0,0,0,0
PicklePlus,3,0,0,0,0,0
인스타광고,3,0,0,0,0,0
Factory Normal - 팩토리 노멀,3,0,0,0,0,0
Lucier.korea,3,0,0,0,0,0
Hartypet,3,0,0,0,0,0
퀸즈 하우스,3,0,0,0,0,0
이슬로 Seedbee,3,0,0,0,1,0
CJ 라이브쇼,3,0,0,0,0,0
솝24,3,0,0,0,0,0
무신사 스탠다드 홈,3,0,0,0,1,0
ChatGPT,3,1,1,0,0,0
피지컬가먼츠,3,0,0,0,0,0
james_real_english,3,0,0,0,0,0
A'pieu 어퓨,3,0,0,0,1,0
아프리모 Afrimo,3,0,0,0,1,0
리얼리뷰 모음집,3,0,0,0,0,0
TISLO,3,0,1,0,0,0
rollz_kr,3,0,0,0,0,0
EPIK,3,0,0,0,0,0
Geekta_official,3,0,0,0,0,0
월터워커 시다스,3,0,0,1,0,0
Bomnal&,3,0,0,0,0,0
나일로라,3,1,1,0,0,0
Charde.official,3,0,0,1,0,0
모공 없애고 싶은 사람들,3,0,0,0,0,0
Almost blue,3,0,0,0,0,0
Fruittella Korea,3,0,0,0,0,0
Lacostena Korea,3,0,0,0,0,0
Roro11,3,0,0,0,0,0
Tonymoly,3,1,1,0,0,0
Amazing Victoria Gangnam,3,0,0,0,0,0
한국후지필름,3,1,1,0,0,0
PADA Ishigakijima,3,0,0,0,0,0
Alavague 아라바그 ,3,0,0,0,1,0
VPROVE - 비프루브,3,0,0,0,1,0
Kamee,3,1,1,0,0,0
화이트샌즈,3,0,0,1,0,0
Beanpole,3,0,0,1,0,0
아이사랑,3,0,0,0,0,0
Dr.ogiderm.official,3,0,0,0,0,0
유밀,3,0,0,0,0,0
세라픽,3,0,0,0,0,0
Citybreeze 시티브리즈,3,0,0,0,1,0
MZ들의 다이어트,3,0,0,0,0,0
낮은코를오또카니,3,0,0,0,0,0
에이카랩스,3,1,1,0,0,0
육아상식 아토오겔,3,0,0,0,1,0
kangheecho KPGA,3,0,0,0,0,0
yournus_official,3,0,0,0,0,0
페넬로페,3,0,0,0,0,0
Camvil,3,1,1,0,0,0
오르노이 ORNOI,3,0,0,0,0,0
인생추천템,3,0,0,0,0,0
여우들의 비밀정보,3,0,0,0,0,0
네츄레메디,3,0,0,0,0,0
"가봤어, 태안?",3,0,0,0,0,0
낫띵베럴,3,1,1,0,0,0
seamonster_baby,3,0,0,0,1,0
베이비스탠다드,3,0,0,0,0,0
DK 온라인스토어,3,0,0,0,0,0
베트남피크타임,3,0,0,0,0,0
88tiger,3,0,0,0,0,0
빌라르 VILAR,3,0,0,0,0,0
시원스쿨 독일어,3,0,0,0,1,0
Kindstep,3,0,1,0,0,0
차란,3,1,1,0,0,0
띵들리,3,0,0,0,0,0
WHO LOVES ART,3,0,0,1,0,0
BRAYE 브레이,3,0,0,0,1,0
BAUM,3,0,0,0,0,0
안다르,3,1,1,0,0,0
정미소,3,0,0,0,0,0
나만알고싶은아이템,3,0,0,0,0,0
Huggly,3,0,0,0,0,0
한솥,3,0,0,0,0,0
아닐로 - ANILLO,3,0,0,0,1,0
청담우리몰,3,0,0,0,0,0
라인교정센터,3,0,0,0,0,0
스킨케어꿀팁,2,0,0,0,0,0
tmoney_mobility,2,0,0,0,1,0
세레스홈 event,2,0,0,0,0,0
인테리어 꿀템 추전,2,0,0,0,0,0
"멜킨스포츠, Melkin Sports",2,0,0,0,1,0
유잼유니버스,2,0,0,0,0,0
김단단,2,1,1,0,0,0
이즈칸,2,0,0,0,0,0
Dr.felis,2,0,0,0,0,0
보배마을,2,0,0,0,0,0
무작정 따라하기 - 길벗이지톡,2,0,0,0,0,0
개수대연구소 디자인,2,0,0,0,0,0
데니스홈홈,2,0,0,0,0,0
페노비스 Penovis,2,0,0,0,0,0
Ames Worldwide,2,0,0,0,0,0
필라테스 린 대곡점,2,0,0,0,0,0
비비앙 Bibiang,2,0,0,0,0,0
Tic Tac Tiles Korea,2,0,0,0,0,0
If_a_day,2,0,0,0,0,0
쥬비스,2,1,1,0,0,0
nyunyu.giftshop,2,0,0,0,1,0
애경산업 aekyung,2,0,0,0,1,0
Itzon잇존,2,0,0,0,0,0
건강정보채널,2,0,0,0,0,0
Akiwaii,2,0,0,0,0,0
텀스-Tums,2,0,0,0,1,0
고이장례연구소,2,0,0,0,0,0
T1 League of Legends / T1 리그오브레전드,2,0,0,0,0,0
서울에서 뭐 하지?,2,0,0,0,0,0
베이비페어,2,0,0,0,0,0
인천을 즐겨라,2,0,0,0,0,0
Nuebetter뉴베러,2,0,0,0,0,0
팔도 (Paldo),2,0,0,0,1,0
큐원 알룰로스,2,0,0,0,1,0
맛잘알다이어터,2,0,0,0,0,0
hobini99,2,0,0,0,0,0
데이트in서울,2,0,0,0,0,0
견생템 저장소,2,0,0,0,0,0
바이오뉴트리온,2,1,1,0,0,0
라라스테이션,2,0,0,0,0,0
대구 국제 주류&칵테일 쇼,2,0,0,0,0,0
아이키랩,2,0,0,0,0,0
닥터신-건강연구소,2,0,0,0,1,0
Manus AI,2,1,1,0,0,0
코에르,2,1,1,0,0,0
KeeZee.official ,2,0,0,0,0,0
kokumsook,2,0,0,0,0,0
Patima group,2,0,0,0,0,0
길벗스쿨 아이,2,0,0,0,0,0
알쓸건강,2,0,0,0,0,0
리코하우스 licohouse,2,0,0,0,0,0
KT폰교체센터,2,0,0,0,0,0
자누아 매트리스,2,0,0,0,0,0
INIINI.global,2,0,0,0,0,0
Dspero,2,0,0,0,0,0
정리습관,2,1,1,0,0,0
Outin Portable Electric Espresso Machine,2,0,0,0,1,0
포그닝,2,0,0,0,0,0
MAISON246,2,0,0,0,0,0
샤틴 SATIN,2,0,0,0,1,0
joocyee_kr,2,0,0,0,0,0
4kpop,2,0,0,0,0,0
노에트 nauet ,2,0,0,0,0,0
forme_rr1,2,0,0,0,0,0
Shop korea,2,0,0,0,0,0
Kanying-VA,2,0,0,0,0,0
Queen.never.gomin,2,0,0,0,0,0
페어플레이,2,0,0,0,0,0
Arédaoofficial,2,0,0,0,0,0
큐월드 - Qworld,2,0,0,0,1,0
NEST of Canada-네스트오브캐나다,2,0,0,0,0,0
돈버는영어,2,0,0,0,0,0
네이처빌,2,0,0,0,0,0
이옌,2,0,0,0,0,0
펫팅,2,0,0,0,0,0
포노 부오노,2,0,0,0,0,0
마지시모 Majisimo,2,0,0,0,0,0
닥터빼,2,0,0,0,0,0
이서정,2,0,0,0,0,0
잘밤,2,0,0,0,0,0
일리윤 - illiyoon,2,0,0,0,1,0
Aperire 아페리레,2,0,0,0,1,0
운세저장소,2,0,0,0,0,0
니드인,2,1,1,0,0,0
kizik korea,2,0,0,0,0,0
뷰티셀럽,2,0,0,0,0,0
AIGLE KR,2,0,0,1,0,0
Magikan,2,0,0,0,0,0
1507 Benefit Lounge,2,0,0,0,1,0
블리블리 VELY VELY,2,0,0,0,1,0
메이크업 아티스트 브러쉬 Studio17,2,0,0,0,1,0
팁텔러,2,0,0,0,0,0
딜팩토리,2,1,1,0,0,0
민아름,2,0,0,0,0,0
lovee_sson,2,0,0,0,0,0
slow afternoon,2,0,0,0,0,0
siso.nail.lash,2,0,0,0,0,0
이너생각,2,0,0,0,0,0
딜리얼 Deliel,2,0,0,0,0,0
MuscleKorea,2,0,0,0,0,0
INKO 잉코,2,0,0,0,0,0
Sandric - 샌드릭,2,0,0,0,0,0
comport.neverstop,2,0,0,0,0,0
블루존,2,1,1,0,0,0
illigo.129,2,0,0,0,1,0
오어스 Oearth,2,0,0,0,0,0
이건사야돼,2,0,0,0,0,0
Yibi,2,0,0,0,0,0
인베이더스쿨,2,0,0,0,0,0
TikTok Lite Korea,2,0,0,0,1,0
Zengenetics,2,0,0,0,0,0
Renneny,2,0,0,0,0,0
Eind,2,0,0,0,0,0
Curlyshyll,2,0,1,0,0,0
Akitz_pro,2,0,0,0,0,0
아틀리에 933',2,0,0,0,0,0
내돈내산꿀템,2,0,0,0,0,0
브리든 Breeden,2,0,0,0,0,0
recellby.1,2,0,0,0,0,0
Biodrone,2,0,0,0,0,0
오필리,2,1,1,0,0,0
스무아디 sumuadi,2,0,0,0,0,0
뉴트로지나,2,1,1,0,0,0
데일리 뷰티 꿀팁,2,0,0,0,0,0
리베르,2,1,1,0,0,0
솔닥,2,0,0,0,0,0
"Re,move",2,1,1,0,0,0
26초 : 초고속 단어 암기 앱,2,0,0,0,0,0
로켓츠 아이스하키,2,0,0,0,0,0
QRANG 큐랑,2,0,0,0,0,0
모이몰른,2,1,1,0,0,0
AI Catch: AI Video Generator,2,0,0,0,1,0
드로우핏 우먼,2,0,0,1,0,0
쿠첸,2,1,1,0,0,0
HunterKorea,2,0,0,1,0,0
Axon.AI,2,0,0,0,0,0
Wiredcompany,2,0,0,0,0,0
네네린도,2,0,0,0,0,0
dueundl,2,0,0,0,0,0
윙블링,2,1,1,0,0,0
Fairliar,2,0,0,0,0,0
헤이미쉬홈,2,0,0,0,0,0
구온 GUON,2,0,0,0,0,0
혀니,2,0,0,0,0,0
캘리쌤 영어 ,2,0,0,0,0,0
tegamisha_korea,2,0,0,0,0,0
Anaforyou.kr,2,0,0,0,0,0
소스링크 Saucelink,2,0,0,0,0,0
한국도로교통공단,2,0,0,0,0,0
마이오헤어,2,0,0,0,0,0
"지우개패드, 셀리맥스",2,0,0,0,1,0
Milktouch,2,0,0,1,0,0
Roem로엠,2,0,0,0,0,0
리세스랩,2,0,0,0,0,0
Joo Hee Jeon,2,0,0,0,0,0
Nominical,2,0,0,0,0,0
박카스,2,1,1,0,0,0
Doddl Korea,2,0,0,0,0,0
하루반,2,0,0,0,0,0
큐쓰qss,2,0,0,0,0,0
닥터슈라클,2,1,1,0,0,0
미라클,2,0,0,0,0,0
URBANDTYPE (어반디타입),2,0,0,0,1,0
Coralique,2,0,0,0,0,0
푸디버디 FoodyBuddy,2,0,0,0,1,0
Grand Josun Busan - 그랜드 조선 부산,2,0,0,0,0,0
트립톡,2,0,0,0,0,0
Lediffer,2,1,1,0,0,0
5_hany,2,0,0,0,0,0
소소집,2,0,0,0,0,0
Finj,2,0,0,0,0,0
슬로우오션,2,0,0,0,0,0
원티드 wanted,2,0,0,0,1,0
보탬고주파,2,0,0,0,0,0
Cuktech Asia ,2,0,0,0,1,0
지학사 엄빠공감,2,0,0,0,0,0
동원F&B,2,1,1,0,0,0
BEOKA.korea,2,0,0,0,0,0
듀얼소닉,2,1,1,0,0,0
adeva,2,0,0,0,0,0
The Amall,2,0,0,0,0,0
라끄본 Lacbon,2,0,0,0,0,0
N.PRIME 엔프라임,2,0,0,0,0,0
begin202,2,0,1,0,0,0
교원그룹,2,0,0,0,0,0
와이드앵글,2,1,1,0,0,0
Cosmodive,2,0,0,0,0,0
위글랜,2,0,0,0,0,0
바른식방,2,0,0,0,0,0
놀로스토어 knollo store,2,0,0,0,1,0
Featuring,2,0,0,0,0,0
멘탈탄탄,2,0,0,0,0,0
도로시와,2,1,1,0,0,0
સ브템찾았어,2,0,0,0,0,0
Vividmontage,2,0,1,0,0,0
Eulji Lewis 을지루이스,2,0,0,0,0,0
Merrymonde,2,0,0,1,0,0
프로텍트어베드,2,0,0,0,0,0
리오프 LIOF,2,0,0,0,1,0
Sundayplanet47,2,0,0,0,0,0
바이애콤,2,1,1,0,0,0
XOX,2,0,0,0,0,0
발머스한의원-강남,2,0,0,0,0,0
DECET,2,0,0,0,0,0
지노키오,2,0,0,0,0,0
Marlenkakorea,2,0,0,1,0,0
Bobbi Brown Cosmetics,2,1,1,0,0,0
휴브론,2,1,1,0,0,0
Serin with,2,0,0,0,0,0
베옹오피셜,2,0,0,0,0,0
Walt Disney Studios,2,0,0,0,1,0
할인 그 루트,2,0,0,0,0,0
Psiquiatria Injetável,2,0,0,0,0,0
12EST,2,0,0,0,0,0
판티오,2,0,0,0,0,0
Lecomme,2,0,0,0,0,0
Galon,2,0,0,0,0,0
미래홍삼_키즈,2,0,0,0,0,0
누오 NUO,2,0,0,0,0,0
Chukha,2,0,0,0,0,0
Saturnbird Coffee KR,2,0,0,1,0,0
베베쥬,2,0,0,0,0,0
잇퓨 it:fu,2,0,0,0,1,0
Equal:ogy,2,0,0,0,0,0
Ou_official,2,0,0,0,0,0
리얼스피킹,2,0,0,0,0,0
Burningit.official,2,0,0,0,0,0
Yomeblog,2,0,0,0,0,0
AIVideo004,2,0,0,0,0,0
리틀도르,2,0,0,0,0,0
유능한 사건파일,2,0,0,0,0,0
오늘의핫플,2,0,0,0,0,0
behey_kids,2,0,0,0,0,0
AIVideo005,2,0,0,0,0,0
current__r,2,0,0,0,0,0
HEVVY,2,0,0,0,0,0
Dίḙṫ sanṫé,2,0,0,0,0,0
JAPAN RAIL CLUB,2,0,0,0,0,0
잉녕,2,0,0,0,0,0
_k_jixxy,2,0,0,0,0,0
레테라,2,1,1,0,0,0
씨에프,2,0,0,0,0,0
벨르랑코,2,1,1,0,0,0
블랙퍼플,2,0,0,0,0,0
jinny_spectrum,2,0,0,0,0,0
에듀플렉스,2,1,1,0,0,0
블랑쉬,2,0,0,0,0,0
Nusense,2,0,0,0,0,0
바이탈쉴드,2,0,0,0,0,0
파라마운트,2,0,0,0,0,0
토스플레이스,2,1,1,0,0,0
BRIZL,2,0,0,0,0,0
cozycozy.com,2,0,0,0,0,0
포라 Phora,2,0,0,0,0,0
토이미소,2,0,0,0,0,0
바노바기코스메틱/banobagicosmetic,2,0,0,0,0,0
HERRSAINE 헤르세인,2,0,0,0,0,0
Maison Repere,2,0,0,0,0,0
오브히 OVHEE,2,0,0,0,1,0
스튜디오몰입,2,0,0,0,0,0
데일리뷰티,2,0,0,0,0,0
PAPER POP,2,0,0,0,0,0
쥬베룩 스킨케어 - Juvelook Skincare,2,0,0,0,1,0
The SAEM 더샘,2,0,0,0,1,0
AI Catch APP : AI Video Generator,2,0,0,0,1,0
肉汁水餃子 餃包 六本木交差点,2,0,0,0,0,0
크리스천데이트,2,0,0,0,0,0
나들이음,2,0,0,0,0,0
rhombuslab,2,0,0,0,0,0
Noise store,2,0,0,0,0,0
DUSTE,2,0,0,0,0,0
큐빅스전자,2,0,0,0,0,0
Passer - 파세르,2,0,0,0,0,0
FRANZ Skincare,2,0,0,0,1,0
치카프렌즈,2,0,0,0,0,0
카페in수원용인,2,0,0,0,0,0
호갱노노,2,0,0,0,0,0
비오엠 B.O.M,2,0,0,0,1,0
통증파괴자,2,0,0,0,0,0
드브르베,2,0,0,0,0,0
Fridayseven,2,0,0,0,0,0
올미오펫,2,1,1,0,0,0
보이스캐디,2,1,1,0,0,0
Boochidany,2,0,0,0,0,0
kikozy,2,0,0,0,0,0
신비한 과자가게,2,0,0,0,0,0
latte_beaver,2,0,0,0,0,0
퓨리나,2,0,0,0,0,0
현명ㅎrヱ 건강ㅎŁ 일バ6,2,0,0,0,0,0
에스터브룩 코리아 - Esterbrook Korea,2,0,0,0,0,0
"클라, CLA 페이지",2,0,0,0,1,0
MERCI ANNE S,2,0,0,0,0,0
어반드,2,0,0,0,0,0
보충제업업,2,0,0,0,0,0
텍사스바베큐캠핑 향남점,2,0,0,0,0,0
닥터리코,2,0,0,0,0,0
moncrosssafety,2,0,0,0,0,0
위위먼데이,2,0,0,0,0,0
Aveeno 아비노,2,0,0,0,1,0
녹기 전에,2,0,0,0,0,0
빌드.biild,2,0,0,0,0,0
Tterian,2,0,0,0,0,0
Summerholic,2,0,0,0,0,0
Monplisse,2,0,0,0,0,0
正確姿勢,2,0,0,0,0,0
디어니스 오피셜,2,0,0,1,0,0
핀사미 코리아,2,0,0,0,0,0
글램핑,2,0,0,0,0,0
알고케어,2,1,1,0,0,0
Cristelkorea,2,0,0,0,0,0
Beautytrend,2,0,0,0,0,0
공부꿀템,2,0,0,0,0,0
더홀릭고척점,2,0,0,0,0,0
피토틱스,2,1,1,0,0,0
레시피박스 - Recipe box,2,0,0,0,1,0
ZEROGRAM_official,2,0,0,0,0,0
Kiri Korea,2,0,0,1,0,0
Visa,2,1,1,0,0,0
Lin.ave.nue,2,0,0,0,0,0
에르고파우치,2,0,0,0,0,0
루디크,2,0,0,0,0,0
cloudemotion,2,0,0,0,0,0
Istoria app,2,0,0,0,0,0
칼로,2,1,1,0,0,0
Alivelab 얼라이브랩,2,0,0,0,1,0
유어너스,2,0,0,0,0,0
새종로약국-newjongropharmacy,2,0,0,0,0,0
XTUFF,2,0,0,0,0,0
Codegraphy I 코드그라피,2,0,0,0,1,0
lubian.kr,2,0,0,0,0,0
비키비키,2,0,0,0,0,0
Dogjee-도우지,2,0,0,0,0,0
Healtheday 힐더데이,2,0,0,0,0,0
글로우 다이어리 - Glow Diary,2,0,0,0,0,0
Insta,2,0,0,0,0,0
베지톨로지,2,0,0,0,0,0
리쥬덱스,2,0,0,0,0,0
Tavo Pets,2,0,0,0,1,0
동남아언니,2,0,0,0,0,0
숲소리-Soopsori,2,0,0,0,1,0
에끌무아 éclmoi,2,0,0,0,0,0
2025 리:바운드 축제,2,0,0,0,0,0
Umbro Korea,2,0,0,1,0,0
백억언니,2,0,0,0,0,0
Nomanual STORE SEOUL,2,0,0,0,1,0
휴럼 사이언스,2,0,0,0,1,0
eyesmag,2,0,0,0,0,0
"쇼핑은 그대로 적립은 추가로,칩스",2,0,0,0,0,0
Mozilab,2,0,0,0,0,0
비아지오,2,1,1,0,0,0
홀리인코드,2,0,0,0,0,0
키출판사,2,1,1,0,0,0
IONTO COMED ASIA,2,0,0,0,0,0
미래엔 키즈,2,0,0,1,0,0
뼈말라성공,2,0,0,0,0,0
ceramique_global,2,0,0,0,0,0
Hil.korea,2,0,0,0,0,0
프리미엄 출산&육아용품 모윰,2,0,0,0,0,0
金品茶語 King Ping Cha Yu,2,0,0,0,0,0
Amazingcre ,2,0,0,0,0,0
My homesick,2,0,0,0,0,0
Hhjbeauty.official,2,0,0,0,0,0
AZH,2,0,0,0,0,0
NDY,2,0,1,0,0,0
바이오드롭 - Bio drop,2,0,0,0,0,0
힐스펫 뉴트리션,2,0,0,0,0,0
아임비타 I’mvita,2,0,0,0,1,0
WMC_official,2,0,0,1,0,0
올가휴,2,1,1,0,0,0
클레드엣-Cledeet,2,0,0,0,0,0
마이리얼트립키즈,2,0,0,1,0,0
Hyshelpyourself,2,0,0,0,0,0
ALDO Korea,2,0,0,0,0,0
올데이즈,2,1,1,0,0,0
파스텔 야돔 코리아,2,0,0,0,0,0
Mayiflower_stationery,2,0,0,0,0,0
Neoparking 네오파킹,2,0,0,0,0,0
Papahome STORE,2,0,0,0,0,0
우아성형외과,2,0,0,0,0,0
미스사사,2,1,1,0,0,0
Alcon_vc_official,2,0,0,0,0,0
Davydiffuser,2,0,0,0,0,0
필요약,2,0,0,0,0,0
끌리메뷰티,2,0,0,0,0,0
쿠비엔,2,0,0,0,0,0
건강정보통,2,0,0,0,0,0
연모비 YeonmoVi,2,0,0,0,0,0
Sopoom79 Shop,2,0,0,0,0,0
글월 Letter Service & Shop,2,0,0,0,0,0
롯데칠성음료,2,1,1,0,0,0
TUTU Ballet Academy,2,0,0,0,0,0
KT 모바일퓨처리스트,2,0,0,0,0,0
Torras Global,2,0,0,1,0,0
페이히어 Payhere,2,0,0,0,1,0
Dumaro,2,0,0,0,0,0
W컨셉,2,0,0,0,0,0
교동식품,2,1,1,0,0,0
VU,2,1,1,0,0,0
Mistake Project,2,0,0,0,0,0
LULULUN（ルルルン）,2,0,0,0,0,1
헤르몬,2,0,0,0,0,0
Loeny.,2,0,0,0,0,0
그립 Grip,2,0,0,0,1,0
Flowoom,2,0,0,0,0,0
Bambu Lab Korea,2,0,0,1,0,0
BodyRise,2,0,0,0,0,0
Sungbooneditor global,2,0,0,1,0,0
Genspark AI,2,0,0,0,1,0
루솜,2,0,0,0,0,0
Moblḙoofficial,2,0,0,0,0,0
H&M,2,1,1,0,0,0
쿠팡 꿀템 모음집,2,0,0,0,1,0
NOL,2,1,1,0,0,0
아름다운 일상,2,0,0,0,0,0
생활백서 - 생활용품의 모든 것,2,0,0,0,0,0
Inertia 이너시아,2,0,0,0,1,0
AMPLE:N (앰플엔),2,0,0,0,1,0
QR official,2,0,0,0,0,0
celq:ne,2,0,0,0,0,0
진중 우육면관,2,0,0,0,0,0
둠벅_Doombug,2,0,0,0,1,0
피부미백학과,2,0,0,0,0,0
꿀때기곱창,2,0,0,0,0,0
토스뱅크,2,1,1,0,0,0
본투비딜리셔스,2,0,0,0,0,0
라플리,2,0,0,0,0,0
Cosmemag,2,0,0,0,0,0
Beiskin,2,0,0,0,0,0
동안피부 꿀팁공유,2,0,0,0,0,0
선망 sunmanc,2,0,0,0,0,0
테일러센츠 taylorscents,2,0,0,0,1,0
민음사,2,1,1,0,0,0
셀럽시크릿 비포앤애프터바이오,2,0,0,0,0,0
웅진식품,2,1,1,0,0,0
Didier Dubot Korea,2,0,1,0,0,0
라크네 LAKNE,2,0,0,0,0,0
데싱디바,2,1,1,0,0,0
AIVideo003,2,0,0,0,0,0
"그여자의식탁,다겸이가구",2,0,0,0,0,0
Bausch + Lomb,2,0,0,0,0,0
리브애니웨어,2,1,1,0,0,0
LemÖÖn,2,0,0,0,0,0
Ohandki,2,0,0,0,0,0
아녹 - anok,2,0,0,0,0,0
다온맘,2,0,0,0,0,0
Deepinor,2,0,1,0,0,0
상상초월 고단백 크런치,2,0,0,0,0,0
JDQKR,2,0,0,0,0,0
ZZUP,2,0,0,0,0,0
노이어,2,1,1,0,0,0
go_ddg,2,0,0,0,0,0
코제트,2,1,1,0,0,0
포레스트북스,2,0,0,0,0,0
Aequwa,2,0,0,0,0,0
katie_you0402,2,0,0,0,0,0
마로셀_Marocell,2,0,0,0,0,0
캔디페이,2,0,0,0,0,0
부마켓,2,0,0,0,0,0
진심을다한 마사지&스파,2,0,0,0,0,0
팩케이크 packcake,2,0,0,0,0,0
DIV,2,0,0,0,0,0
m_lab2022,2,0,0,0,0,0
Seer.day,2,0,0,0,1,0
Kipling,2,0,0,0,0,0
아이버에서 만난 케이스,2,0,0,0,0,0
삼천리스포츠단,2,0,0,0,0,0
LXT,2,0,0,0,0,0
Shakawear_kr,2,0,0,0,0,0
토마스마블,2,0,0,0,0,0
바디브,2,1,1,0,0,0
바우어파인트코리아,2,0,0,0,0,0
데일리리본,2,0,0,0,0,0
roain.kr,2,0,0,0,0,0
코코네일아울렛,2,0,0,0,0,0
Pluffy archive,2,0,0,0,0,0
가까 GAGGA,2,0,0,0,0,0
일루마 골든드롭 3,2,0,0,0,0,0
언니패션템,2,0,0,0,0,0
퍼플리쉬_Purplish,2,0,0,0,1,0
Dwmallofficial,2,0,0,0,0,0
할인,2,0,0,0,0,0
나이스정보통신,2,0,0,0,0,0
구보즈,2,0,0,0,0,0
주식회사 장르,2,0,0,0,0,0
Uncode,2,0,0,0,0,0
아이배냇,2,0,0,0,0,0
Ate It.,2,0,0,0,0,0
thing_1022,2,0,0,0,0,0
컵오브티 매거진,2,0,0,0,0,0
FORMOD_Official,2,0,0,0,0,0
Vabeauty.official,2,0,0,0,0,0
미와수,2,0,0,0,0,0
Wonjungyokorea,2,0,0,1,0,0
Challans de Paris_KR,2,0,0,1,0,0
생활꿀팁,2,0,0,0,0,0
Provence magazine,2,0,0,0,0,0
채심당,2,0,0,0,0,0
limdandy,2,0,0,0,0,0
세레스홈,2,0,0,0,0,0
Timix,2,0,0,0,0,0
올더뮤,2,1,1,0,0,0
holitual_official,2,0,0,1,0,0
두드림몰,2,0,0,0,0,0
인투니 iniini,2,0,0,0,0,0
파흐탱,2,0,0,0,0,0
H-온드림 스타트업 그라운드,2,0,0,0,0,0
워킹맘모여라,2,0,0,0,0,0
Otthonos,2,0,1,0,0,0
Myu,2,0,0,0,0,0
디즈니 코리아 Disney Korea,2,0,0,0,1,0
가히 KAHI,2,0,0,0,1,0
위틀스토어,2,1,1,0,0,0
Guess_Korea,2,0,0,0,0,0
네츄럴굿띵스 Natural Good Things,2,0,0,0,1,0
코지키즈,2,0,0,0,0,0
땡겨요,2,0,0,0,0,0
프롬랩스,2,1,1,0,0,0
커스텀어클락-Costumeoclock,2,0,0,0,1,0
Valencia 발렌시아,2,0,0,0,0,0
My Fluffy,2,1,1,0,0,0
"감각적인 라이프스타일, 리브제 Livjet",2,0,0,0,1,0
Welll.Heath,2,0,0,0,0,0
Inner Circle,2,0,0,0,0,0
웰더마 WellDerma,2,0,0,0,1,0
굿네이버스,2,1,1,0,0,0
코튼플레이,2,0,0,0,0,0
UMS,2,0,0,0,0,0
Manspick,2,0,0,0,0,0
Zerorice,2,0,0,0,0,0
La:shuim 라쉼,2,0,0,0,1,0
이로아 비타민,2,0,0,0,0,0
ʙᴇʙᴇʟᴜᴀ 베베루아,2,0,0,0,0,0
eah_flash,2,0,0,0,0,0
오가닉 베이비 스킨케어,2,0,0,0,0,0
디마레,2,1,1,0,0,0
Beauty LIVE,2,0,0,0,0,0
착한구두,2,1,1,0,0,0
프루떼,2,0,0,0,0,0
Dimitri 'Vegas' Thivaios,2,0,0,0,0,0
동국제약 헬스케어 온라인,2,0,0,0,1,0
Humbot,2,0,0,0,0,0
맛있는 소식,2,0,0,0,0,0
은율 Eunyul,2,0,0,0,1,0
nurex114,2,0,0,0,0,0
미나그램,2,0,0,0,0,0
뷰티꿀팁,2,0,0,0,0,0
글리머블,2,0,0,0,0,0
Naisture,2,0,0,0,0,0
Moev,2,0,1,0,0,0
라사라 패션아카데미,2,0,0,0,0,0
예고입시닷컴,2,0,0,0,0,0
악성피부연구소,2,0,0,0,0,0
Moonblue ink co,2,0,0,0,0,0
조아맘,2,0,0,0,0,0
에이센트,2,1,1,0,0,0
밸런스패치:Balancepatch,2,0,0,0,0,0
delascent.co.kr,2,0,0,0,0,0
Ala Moana Center,2,0,0,0,0,0
hince,2,1,1,0,0,0
슬로기,2,0,0,0,0,0
더 한방울,2,0,0,0,0,0
TapNow,2,0,0,0,0,0
키디키디 - 취향 육아 플랫폼,1,0,0,0,1,0
hanstriderunning,1,0,0,0,0,0
leewooyeols,1,0,0,0,0,0
Le Jour - 르주르,1,0,0,0,1,0
사주신당,1,0,0,0,0,0
윌북,1,1,1,0,0,0
BREVA,1,0,0,0,0,0
베베그로우,1,0,0,0,0,0
썸블라썸 Someblossom,1,0,0,0,1,0
GRN,1,1,1,0,0,0
MIKA Studio,1,0,1,0,0,0
"요즘 대외활동/공모전의 모든 것, 요즘것들",1,0,0,0,0,0
MILEZ,1,0,0,0,0,0
Espionage N3756,1,0,0,0,1,0
Madcattos Country Club,1,0,0,0,0,0
Veryhour 베리아워,1,0,0,0,1,0
Kivit,1,0,0,0,0,0
I_like_this,1,0,0,0,0,0
Nowk 녹,1,0,0,0,0,0
Philippine Airlines,1,0,0,0,0,0
룩핀,1,1,1,0,0,0
달숌,1,0,0,0,0,0
gymflix_seosin,1,0,0,0,0,0
neymossam,1,0,0,0,0,0
더라운지,1,1,1,0,0,0
존글렌,1,0,0,0,0,0
"광주,전라 유튜버들의 모임",1,0,0,0,0,0
MARU180 / MARU360,1,0,0,0,0,0
윌라스토리,1,0,0,0,0,0
국립부산국악원 Busan National Gugak Center,1,0,0,0,0,0
오닝바이브,1,0,0,0,0,0
힘થ근원,1,0,0,0,0,0
브랜딩 정보 올라온다,1,0,0,0,0,0
uanext.performance.lab,1,0,0,0,0,0
아베다 코리아 Aveda Korea Market,1,0,0,0,0,0
20th Century Studios (KR),1,0,0,0,0,0
프롬잇fromeat,1,0,0,0,0,0
ipsae_raw,1,0,0,0,0,0
삼성화재 N잡크루,1,0,0,0,1,0
Art-painter,1,0,0,0,0,0
pickby,1,0,0,0,0,0
Schick.intuition.korea,1,0,0,0,1,0
Korea Foundation-한국국제교류재단,1,0,0,0,0,0
노못 - nomot,1,0,0,0,0,0
MBC HRD center - for ads,1,0,0,0,0,0
Anpanmankr,1,0,0,0,0,0
알집매트,1,1,1,0,0,0
다이어트디저트,1,0,0,0,0,0
핫템꿀단지,1,0,0,0,0,0
세상모든면요리엔-100%메밀면-세모면,1,0,0,0,0,0
All_hiphop,1,0,0,0,0,0
쿠키약국,1,0,0,0,0,0
양키캔들 코리아,1,0,0,0,0,0
BadBlue. 배드블루,1,0,0,0,1,0
LOTTE Gallery 롯데갤러리,1,0,0,0,0,0
Tomost,1,0,0,0,0,0
Ansouis house,1,0,0,0,1,0
아만 허니,1,0,0,0,1,0
일본어무작정따라하기,1,0,0,0,0,0
플레이모빌 코리아,1,0,0,1,0,0
만나다컬러,1,0,0,0,0,0
쁘띠엘린 공식계정,1,0,0,0,1,0
Wellnessgirl12,1,0,0,0,0,0
Loop Seoul · 루프 서울,1,0,0,0,1,0
Auvergne-Rhône-Alpes Tourisme,1,0,0,0,0,0
RHINOSHIELD 라이노쉴드,1,0,0,0,1,0
Soyatable,1,0,0,0,0,0
아모코스플러스,1,1,1,0,0,0
Lancôme,1,0,0,0,0,1
MIHK 미학,1,0,0,0,1,0
Deloitte,1,0,0,0,0,0
flexwork,1,0,0,0,0,0
용인 성남 광주를 즐겨라,1,0,0,0,0,0
KnoCommerce,1,0,0,0,0,0
벤티플렉서코리아,1,0,0,0,0,0
Glute Slide,1,0,0,0,0,0
메디폴미 Mediforme,1,0,0,0,0,0
다룸,1,1,1,0,0,0
Moreden2,1,0,0,0,0,0
Vie Pratique,1,0,0,0,0,0
당신은 행운아,1,0,0,0,0,0
Veganifect,1,1,1,0,0,0
신농작소,1,0,0,0,0,0
프레피펫 - Preppy Pet,1,0,0,0,0,0
플라레세타 Plareceta,1,0,0,0,0,0
돌비웨이,1,0,0,0,0,0
weekus.kr,1,0,0,0,0,0
아σΙ 건강 매거진,1,0,0,0,0,0
Jangbagooni,1,0,0,0,0,0
Soonding,1,0,0,0,0,0
갓성비마트,1,0,0,0,0,0
solarium.object.house,1,0,0,0,0,0
카페in대구,1,0,0,0,0,0
요즘 트렌드,1,0,0,0,0,0
마이유럽,1,0,0,0,0,0
weatt_official,1,0,0,0,0,0
uniqlo_kids_baby_kr,1,0,0,0,0,0
Bauato,1,0,0,0,0,0
Freshian-프레시안,1,0,0,0,1,0
giemarseoul,1,0,0,0,0,0
Offlow.makeup,1,0,0,0,0,0
New World Hoiana Beach Resort,1,0,0,0,0,0
jecheongha,1,0,0,0,0,0
_lee_nuyhij,1,0,0,0,1,0
havenee_official,1,0,0,0,0,0
플랫퍼,1,0,0,0,0,0
헬씨몽드 Healthy Monde,1,0,0,0,0,0
크리플래닛,1,0,0,0,0,0
럭키클로버,1,1,1,0,0,0
엑사브라,1,0,0,0,0,0
뉴밋 newmeet,1,0,0,0,0,0
DBpia - 디비피아,1,0,0,0,0,0
티엘씨,1,0,0,0,0,0
0.8L,1,0,0,0,0,0
Demimood,1,0,0,0,0,0
barabom_color,1,0,0,0,0,0
welcomesiyoon,1,0,0,0,0,0
Creatiai gen,1,0,0,0,0,0
노루페인트,1,0,0,0,0,0
dalbmong,1,0,0,0,0,0
독보남_dokbonam,1,0,0,0,0,0
YAO hair brush,1,0,0,0,1,0
CJ햇반,1,0,0,0,0,0
코리안헤라클레스 이용승,1,0,0,0,0,0
IManagement,1,0,0,0,0,0
Denby Korea,1,0,0,0,0,0
ahro,1,0,0,0,0,0
Saltandchocolate,1,0,0,0,0,0
Secretink_portfolio,1,0,0,0,0,0
포엘리에 옴므,1,0,0,0,1,0
리옐,1,0,0,0,0,0
수면 아카이브,1,0,0,0,0,0
Sungbooneditor,1,0,0,1,0,0
여백 워크스페이스&스터디카페,1,0,0,0,0,0
더픽트,1,0,0,0,0,0
시원스쿨랩 어학원,1,0,0,0,0,0
오뉴이,1,0,0,0,0,0
아이비클래스,1,0,0,0,0,0
Baejita page,1,0,0,0,0,0
대전관광공사,1,1,1,0,0,0
그레터스,1,0,0,0,0,0
뷰드 vude,1,0,0,0,0,0
브링더홈,1,0,0,0,0,0
Hanscoaching / 한스코칭,1,0,0,0,0,0
Super00market,1,0,0,0,0,0
옳곡,1,1,1,0,0,0
Mgears,1,1,1,0,0,0
Indiba Asia,1,0,0,0,0,0
nume.official,1,0,0,1,0,0
마담래쉬 Madame Lash,1,0,0,0,0,0
사주마을,1,0,0,0,0,0
fromjin__official,1,0,0,0,0,0
꿀팁 저장소,1,0,0,0,0,0
168cm,1,1,1,0,0,0
Emmafy,1,0,0,0,0,0
꿀팁주는언니,1,0,0,0,0,0
CERNI,1,0,0,0,0,0
Piepii,1,0,0,0,0,0
올리브갤러리,1,0,0,0,0,0
핏온유,1,0,0,0,0,0
관리해야 이뻐지지,1,0,0,0,0,0
Ram's Home,1,0,0,0,0,0
LLS-Life Less Serious,1,0,0,0,0,0
can_yuri_,1,0,0,0,0,0
몽제 Mongze,1,0,0,0,1,0
"감각적인 무드, 언포인트",1,0,0,0,0,0
초이락샵 공식스토어,1,0,0,0,0,0
진효조,1,0,0,0,0,0
ybmbooks,1,0,0,0,0,0
oggitt.com,1,0,0,0,0,0
코코넛트래블,1,0,0,0,0,0
젠투테이블,1,0,0,0,0,0
에드엔마이너스,1,0,0,0,0,0
Pith 피쓰,1,0,0,0,0,0
Readdy AI Website Builder,1,0,0,0,0,0
kimjuuone,1,0,0,0,0,0
Haumstyle,1,0,0,0,0,0
nurfit_official,1,0,0,0,0,0
비디비치 (VIDIVICI),1,0,0,0,1,0
바디라인연구소  ,1,0,0,0,0,0
개인,1,0,0,0,0,0
zip.mag,1,0,0,0,0,0
맘솔브,1,0,0,0,0,0
올오브유 all of you,1,0,0,0,0,0
Barrel 배럴,1,0,0,0,1,0
설레짐,1,0,0,0,0,0
Redroot 레드루트,1,0,0,0,1,0
Gymflix Peace,1,0,0,0,0,0
용감쓰,1,0,0,0,0,0
Eau Thermale Avène,1,0,0,0,0,1
Branden Taiwan,1,0,0,0,1,0
jjjji___hye,1,0,0,0,0,0
Ottocast.kr,1,0,0,0,0,0
Youngwonhee,1,0,0,0,0,0
가구톡세상,1,0,0,0,0,0
Hansol.shin,1,0,0,0,0,0
비네이쳐스,1,0,0,0,0,0
Monday Cereal,1,0,0,0,0,0
NUCU,1,0,0,0,0,0
지니비 genibee,1,0,0,0,1,0
COVERSEOUL_official,1,0,0,1,0,0
보자기카드-마음 담은 청첩장,1,0,0,0,0,0
NBA 덩크 시티,1,0,0,0,0,0
KABINE,1,0,0,0,0,0
웰빙연구소,1,0,0,0,0,0
포뷰트-두피앰플,1,0,0,0,1,0
리츠 RITZ,1,0,0,0,0,0
오뚜기몰,1,0,0,1,0,0
HEODE,1,0,0,0,0,0
GLAD Hotels & Resorts - 글래드 호텔앤리조트,1,0,0,0,1,0
Damoamag,1,0,0,0,0,0
"700여개 카테고리 전문가 찾기, 크몽",1,0,0,0,1,0
FIFTY FIFTY,1,0,0,0,0,0
캣마트,1,0,0,0,0,0
오바이오틱스,1,0,0,0,0,0
sansuyuram,1,0,0,0,0,0
대한민국 산림청,1,0,0,0,1,0
그린테크라이프,1,0,0,0,0,0
트리셀,1,1,1,0,0,0
닥터바지오 Dr.BBagio,1,0,0,0,0,0
제이준코스메틱- JayjunCosmetic,1,0,0,0,0,0
티켓투더문,1,0,0,0,0,0
마제스탠드,1,0,0,0,0,0
뷰티상식,1,0,0,0,0,0
Double Lovers,1,0,0,0,0,0
클라리스트,1,0,0,0,0,0
리얼하이볼,1,0,0,0,0,0
오투가구,1,0,0,0,0,0
김몽키,1,0,0,0,0,0
상하목장,1,1,1,0,0,0
하우투러브미,1,0,0,0,0,0
태초 taecho,1,0,0,0,0,0
키체스,1,0,0,0,0,0
hanna_afri,1,0,0,0,0,0
Mooming 무밍,1,0,0,0,0,0
Tmoney,1,1,1,0,0,0
세기피앤씨 알리미 김대리,1,0,0,0,1,0
오토노스,1,1,1,0,0,0
Anotherhand,1,0,0,0,0,0
Page for Ads,1,0,0,0,0,0
인천문화재단,1,0,0,0,0,0
둠벅doombug,1,0,0,0,0,0
kangunhwa,1,0,0,0,0,0
Doch - 도흐,1,0,0,0,0,0
던업,1,0,0,0,0,0
할인계,1,0,0,0,0,0
플리다스,1,0,0,0,0,0
Aalok Global,1,0,0,1,0,0
SmallStuff,1,0,0,0,0,0
LVDWY 러브듀이,1,0,0,0,0,0
Shurink home,1,0,0,0,0,0
Lucier.athletic,1,0,0,0,0,0
플롱트,1,0,0,0,0,0
비슈누,1,0,0,0,0,0
Jloria m page,1,0,0,0,0,0
Glam Up,1,0,0,0,1,0
요즘 언니핏,1,0,0,0,0,0
휙서울,1,0,0,0,0,0
뷰티밤스킨,1,0,0,0,0,0
발효공방1991,1,0,0,0,0,0
Veganifect.official,1,0,0,1,0,0
컴피백,1,0,0,0,0,0
Foodmaster,1,0,0,0,0,0
Vigloo Korea,1,1,1,0,0,0
Ravrac,1,0,0,0,0,0
블러핏_blurfit,1,0,0,0,0,0
파이토리진,1,0,0,0,0,0
에슬 essl,1,0,0,0,0,0
환경재단,1,1,1,0,0,0
MILL korea,1,0,0,0,0,0
포카리스웨트,1,1,1,0,0,0
Phytover,1,0,0,0,0,0
balbal_trip,1,0,0,0,0,0
Norm-or,1,0,0,0,0,0
픽크닉 Picknic,1,0,0,0,0,0
torso_for_men,1,0,0,0,0,0
말콤-Malcom,1,0,0,0,0,0
BOSE Doubul,1,0,0,0,1,0
아이닉,1,1,1,0,0,0
잡코리아,1,0,0,0,0,0
룩먼,1,0,0,0,0,0
Nurihaus,1,0,0,0,0,0
이지엔6,1,0,0,0,0,0
Innersera,1,1,1,0,0,0
saniti.kr,1,0,0,0,0,0
Artwork,1,0,0,0,0,0
Lifting Labs,1,0,0,0,0,0
맘트리,1,0,0,0,0,0
어비즈,1,0,0,0,0,0
Misuabarbe the knitmaker,1,0,0,0,0,0
디마르3,1,1,1,0,0,0
엘리자베스스튜어트,1,1,1,0,0,0
어커스텀,1,0,0,0,0,0
Innoant,1,0,0,0,0,0
주식회사 베베데코,1,0,0,0,1,0
비비드몽타주,1,1,1,0,0,0
IWOKE,1,0,0,0,0,0
에너자이저 홈즈,1,0,0,0,1,0
퍼블리 PUBLY,1,0,0,0,1,0
Mahagrid - 마하그리드,1,0,0,0,1,0
툴레 키즈,1,0,0,1,0,0
홈스타일링 및 제품 리뷰,1,0,0,0,0,0
로그인 포레스트,1,0,0,0,1,0
휘휘,1,0,0,0,0,0
테리크,1,1,1,0,0,0
AI Video Studio,1,0,0,0,0,0
Nespresso Korea,1,0,0,1,0,0
커먼프레임,1,0,0,0,0,0
샐러드판다 - Salad Panda,1,0,0,0,1,0
시드니면세점,1,0,0,0,0,0
운동하는 작업치료사 • 나린₊·,1,0,0,0,0,0
몽뜨허브,1,0,0,0,0,0
더리터,1,0,0,0,0,0
Come out and play,1,0,0,0,0,0
ZVZO,1,0,0,0,0,0
Livinghue,1,0,0,0,0,0
9.81 PARK,1,0,0,0,0,0
Fastpapermag,1,0,0,0,0,0
Just like j,1,0,0,0,0,0
솔랄라,1,0,0,0,0,0
YUPPE,1,0,0,0,0,0
Studypie,1,0,0,0,0,0
yoojinwish,1,0,0,0,0,0
PAP Beauty,1,0,0,0,0,0
세시드 - Cecith,1,0,0,0,0,0
flatper_official,1,0,0,0,0,0
사주로그,1,0,0,0,0,0
소노호텔앤리조트-Sonohotelsresorts,1,0,0,0,1,0
Fancy media,1,0,0,0,0,0
Untitled.made,1,0,0,0,0,0
잉크앤페더-inknfeather,1,0,0,0,0,0
kumssi_family,1,0,0,0,0,0
서울을 즐겨라,1,0,0,0,0,0
n.beai,1,0,0,0,0,0
테일러팜스 Taylor Farms,1,0,0,0,1,0
NAFIK.official,1,0,0,0,0,0
Lonque,1,0,0,0,0,0
Ourcovers.korea,1,0,0,0,0,0
금성침대,1,0,0,0,0,0
식이해법연구소,1,0,0,0,0,0
헤리티지 플레이트,1,0,0,0,0,0
thehechyeomoyeomagazine,1,0,0,0,0,0
이이엘댄스,1,0,0,0,0,0
아우라픽,1,0,0,0,0,0
Maresup,1,0,0,0,0,0
군살정리 비법,1,0,0,0,0,0
크로켓 : 전세계 커넥팅 쇼핑,1,0,0,0,1,0
Sharkhome.kr,1,0,0,0,0,0
매니패스트 manyfast,1,0,0,0,0,0
키네메디칼,1,0,0,0,0,0
아뜰리에 서라운드,1,0,0,0,0,0
케어놀로지 Carenology,1,0,0,0,1,0
Neworigin a2,1,0,0,0,1,0
앨짱의 여행과 육아이야기,1,0,0,0,0,0
수학교재연구소,1,0,0,0,0,0
Soyu Magazine,1,0,0,0,0,0
emis_official,1,0,0,1,0,0
Alpecin,1,1,1,0,0,0
뷰티매거진,1,0,0,0,0,0
비기캐리어,1,0,0,0,0,0
OraeoLab - Global,1,0,0,0,0,0
Tatli,1,0,0,0,0,0
자기관리 Lv.100,1,0,0,0,0,0
오늘의 트렌드,1,0,0,0,0,0
Under Armour,1,1,1,0,0,0
Bloomingtalestudio,1,0,0,0,0,0
i-dle 아이들,1,0,0,0,0,0
스마트캔디,1,1,1,0,0,0
땡큐파머,1,1,1,0,0,0
업비트,1,0,0,0,0,0
스파이더 코리아 - Spyder Korea,1,0,0,0,0,0
The Heart Leader Podcast,1,0,0,0,0,0
지름신,1,0,0,0,0,0
s2mina,1,0,0,0,0,0
AM COSMETICS_Official,1,0,0,1,0,0
OOPSY,1,1,1,0,0,0
쁘리엘르,1,1,1,0,0,0
메디리즈,1,1,1,0,0,0
Anua,1,1,1,0,0,0
루패밀리대빵,1,0,0,0,0,0
div-liv.com,1,0,0,0,0,0
포포 PC방,1,0,0,0,0,0
멋쟁이사자처럼,1,1,1,0,0,0
이슈슈슉,1,0,0,0,0,0
Homeliving,1,0,0,0,0,0
마미그래 Mommygreat,1,0,0,0,0,0
Postream,1,0,0,0,0,0
캐스키드슨 뷰티,1,0,0,0,1,0
LE BOUND,1,0,0,0,0,0
살롱드레터 모바일청첩장,1,0,0,0,0,0
얼리페이,1,0,0,0,0,0
홍콩스냅 글린트그라피,1,0,0,0,0,0
덴티플 Dentiple,1,0,0,0,0,0
CU 씨유,1,0,0,0,0,0
인히어,1,0,0,0,0,0
Cavish - 카비시,1,0,0,0,1,0
도깨비만물상점,1,0,0,0,0,0
디깅수원,1,0,0,0,0,0
Smartrip,1,0,0,0,0,0
SHARE X,1,0,0,0,0,0
모공 줄이는법,1,0,0,0,0,0
dream_high_ap,1,0,0,0,0,0
VERAMORE,1,0,0,0,0,0
HAGO,1,1,1,0,0,0
온유어마크,1,0,0,0,0,0
에데닉 쇼핑몰,1,0,0,0,0,0
스토리너스 - storinus,1,0,0,0,0,0
"자체제작, 하이퀄리티 전문 남성 슈즈 쇼핑몰 '오오룩'",1,0,0,0,0,0
LIT - 릿,1,0,0,0,0,0
플로우이너뷰티,1,0,0,0,0,0
젠님,1,0,0,0,0,0
SHEIN,1,1,1,0,0,0
gangnam1000mi_official,1,0,0,0,0,0
모모케이,1,0,0,0,0,0
pixpics.io,1,0,0,0,0,0
cake_insider,1,0,0,0,0,0
nomia_interior,1,0,0,0,1,0
Gymflix19,1,0,0,0,0,0
Keep in Touch Makeup 키핀터치메이크업,1,0,0,0,0,0
썬플랜 Son Plan,1,0,0,0,1,0
뉴니크,1,0,0,0,0,0
명료함 팬 페이지,1,0,0,0,0,0
STOD,1,0,0,0,0,0
리꼬르소,1,0,0,0,0,0
이상한 과자 가게 전천당,1,0,0,0,0,0
IKEA 이케아,1,0,0,0,0,0
프로핏 코스메틱,1,0,0,0,0,0
플릿,1,0,0,0,0,0
패디펫,1,0,0,0,0,0
로토토베베,1,1,1,0,0,0
오늘의 꿀팁,1,0,0,0,0,0
shirter,1,0,1,0,0,0
더미스,1,0,0,0,0,0
Motomont,1,0,0,0,0,0
컬러풀,1,1,1,0,0,0
부키,1,1,1,0,0,0
elena___mj,1,0,0,0,0,0
Yunho Park -Yuno,1,0,0,0,0,0
Uniqlo Korea 유니클로,1,0,0,0,0,0
짐포유율량점,1,0,0,0,0,0
강남피부커뮤니티,1,0,0,0,0,0
Lots,1,0,0,0,0,0
LikkGolf,1,0,0,0,0,0
bysec_official,1,0,0,1,0,0
 프리퀀터 코리아,1,0,0,0,0,0
Deracell,1,0,0,0,0,0
ERER,1,0,0,0,0,0
꿀팁정보특공대,1,0,0,0,0,0
L'H.A.S,1,0,0,0,0,0
Coffee Guy,1,0,0,0,0,0
Stenny,1,1,1,0,0,0
펫츠놀로지,1,1,1,0,0,0
CLOTE,1,1,1,0,0,0
Le Jardin Retrouvé,1,0,0,0,1,0
스브스뉴스,1,0,0,0,0,0
"윙잇, 일상을 편하고 맛있게",1,0,0,0,1,0
헬스매거진 용에디터,1,0,0,0,0,0
cro_house__,1,0,0,0,0,0
Aalok,1,1,1,0,0,0
문뽕뷰티,1,0,0,0,0,0
LG전자 온라인 입점대행점,1,0,0,0,1,0
Lazy.z_official,1,0,0,0,0,0
친환경포장박스,1,0,0,0,0,0
TAG EIGHT LLC.,1,0,0,0,1,0
Soliday,1,0,0,0,0,0
북스톤,1,0,0,0,0,0
Mode-r,1,0,0,0,0,0
Coca-Cola,1,1,1,0,0,0
Reverseformula,1,0,0,1,0,0
yoonina_official,1,0,0,0,0,0
브릴랑미 Brillant Mi,1,0,0,0,0,0
Biterm,1,0,0,0,0,0
운동은내일로,1,0,0,0,0,0
라다미노,1,0,0,0,0,0
Macrene Actives,1,0,0,0,0,0
공간디자인페어,1,0,0,0,0,0
현대차 정몽구 재단,1,0,0,0,0,0
알에이치코리아,1,1,1,0,0,0
테라카니스,1,0,0,0,0,0
LuaRén,1,0,0,0,0,0
Dragon Siege,1,0,0,0,0,0
Touche 뚜쉐,1,0,0,0,0,0
나락서점,1,0,0,0,0,0
코드잇,1,1,1,0,0,0
Y존건강꿀팁,1,0,0,0,0,0
뮤즈인미,1,0,0,0,0,0
Innisfree (이니스프리),1,0,0,0,1,0
째깍악어,1,0,0,0,0,0
코린별,1,0,0,0,0,0
Paiged,1,0,0,0,0,0
Tati Coffice,1,0,0,0,0,0
OVROU,1,0,1,0,0,0
돈버는일본어,1,0,0,0,0,0
Olio Oliva,1,0,0,0,0,0
어글리어스,1,0,0,0,0,0
언니들의 ㅅㄹ꿀팁,1,0,0,0,0,0
오티아 O.tea,1,0,0,0,0,0
도노 DONO,1,0,0,0,1,0
네이처스웨이,1,1,1,0,0,0
소이프롬,1,0,0,0,0,0
루시에르 LUCIER,1,0,0,0,0,0
센트올,1,0,0,0,0,0
요즘엄마의 육아팁,1,0,0,0,0,0
은빌리버블,1,0,0,0,0,0
bodume,1,0,0,0,0,0
초딩맘 정보 공유,1,0,0,0,0,0
핫플지도,1,0,0,0,0,0
"콰트, 운동의 쉬운 시작",1,0,0,0,1,0
RER.office,1,0,0,0,0,0
Bubblee,1,0,0,0,0,0
오늘의 꿀템,1,0,0,0,0,0
DAN studio,1,0,0,0,0,0
올바름,1,0,0,0,0,0
geoje_story,1,0,0,0,0,0
Korea Samsonite,1,0,0,0,1,0
Movlabs,1,0,0,0,0,0
어센더,1,0,0,0,0,0
건강지식백과,1,0,0,0,0,0
악취없는 삶,1,0,0,0,0,0
Kangdan,1,0,0,0,0,0
Timeoff.club,1,0,0,0,0,0
루나랩 키즈,1,0,0,1,0,0
일산 파주 김포 맛집,1,0,0,0,0,0
Posca Korea. 포스카,1,0,0,0,0,0
Lucier,1,0,0,0,0,0
빠델,1,0,0,0,0,0
yeowoorak,1,0,0,0,0,0
Linkpie,1,0,0,0,0,0
발레핏 정은쌤,1,0,0,0,0,0
dooring_official,1,0,0,0,0,0
스타스케이프 풀빌라,1,0,0,0,0,0
1epick,1,0,0,0,0,0
변정수 pyeonjungsu,1,0,0,0,0,0
피캄 P.CALM LAB,1,0,0,0,1,0
Rock N Run 락앤런,1,0,0,0,0,0
로트리(lotree),1,0,0,0,0,0
inmr.kr,1,0,0,1,0,0
강집사,1,0,0,0,0,0
원알엠1rm,1,0,0,0,0,0
FILA Underwear,1,0,0,0,1,0
속편안상점,1,0,0,0,0,0
고고다이노,1,0,0,0,0,0
너츠굿,1,0,0,0,0,0
좌현,1,0,0,0,0,0
Second salt,1,0,0,0,0,0
Stgh,1,0,0,0,0,0
G마켓,1,1,1,0,0,0
Caviar Master,1,0,0,0,0,0
Tips Archive,1,0,0,0,0,0
후니투어,1,0,0,0,0,0
NOWDA 나우다,1,0,0,0,0,0
Kitsch,1,0,0,0,0,0
웨이브스튜디오라이브,1,0,0,0,0,0
Stikivoca,1,0,0,0,0,0
퍼스트미트- Firstmeat,1,0,0,0,0,0
페렌들리,1,0,0,0,0,0
Darakwon_japanese,1,0,0,0,0,0
어레이드,1,1,1,0,0,0
Vingle,1,0,0,0,0,0
메시아컬쳐스튜디오-Messiah CultureStudio,1,0,0,0,0,0
세벨리아,1,0,0,0,0,0
uzee_h,1,0,0,0,0,0
쿠차라,1,0,0,0,0,0
Hans style hanna,1,0,0,0,0,0
본디,1,1,1,0,0,0
レブロン/Revlon,1,0,0,0,1,0
MACNI,1,0,1,0,0,0
doraemon_kr_official,1,0,0,0,0,0
design_artty_k,1,0,0,0,0,0
Ohayofriends,1,0,0,0,0,0
Soez.shop,1,0,0,1,0,0
"Muse, 스타일온미",1,0,0,0,0,0
아넬라,1,0,0,0,0,0
농심 (Nongshim),1,0,0,0,1,0
ss___o1,1,0,0,0,0,0
오가닉그라운드,1,0,0,0,0,0
국립현대미술관문화재단,1,0,0,0,0,0
1w1p,1,0,0,0,0,0
셀트리온 지피덤,1,0,0,0,1,0
Canva Korea,1,1,1,0,0,0
Van Leeuwen Ice Cream,1,0,0,0,0,0
Karl&Hans 칼앤한스,1,0,0,0,1,0
SNPE,1,1,1,0,0,0
Staubzwilling,1,0,0,0,0,0
이퀄비,1,0,0,0,0,0
Sleeslee,1,0,0,0,0,0
덴마크,1,1,1,0,0,0
DIA Clinic JP,1,0,0,0,0,0
Mublic korea,1,0,0,0,0,0
마켓햇담,1,0,0,0,0,0
chorokk,1,0,0,0,0,0
코오롱몰 Kolonmall,1,0,0,0,1,0
이너플로,1,0,0,0,0,0
팔도보감,1,0,0,0,0,0
깨알수다방,1,0,0,0,0,0
Maisongladjeju - 메종글래드제주,1,0,0,0,0,0
KUNAsoycafe,1,0,0,0,0,0
에이텐코리아,1,0,0,0,0,0
동국제약,1,1,1,0,0,0
두대표,1,0,0,0,0,0
Ournostalgia.kr,1,0,0,0,0,0
문한빈,1,0,0,0,0,0
리즈랩,1,1,1,0,0,0
내 와이 찾기 Find My Why,1,0,0,0,0,0
Cloudemotion,1,0,0,0,0,0
문오피스,1,0,0,0,0,0
아르시에,1,0,0,0,0,0
Rrace,1,0,0,0,0,0
AI 꿀팁 모음,1,0,0,0,0,0
바르맘,1,0,0,0,0,0
맛집in수원용인,1,0,0,0,0,0
이사대학,1,0,0,0,0,0
musicspinning_no.1,1,0,0,0,0,0
강남다이어트여신,1,0,0,0,0,0
고3로그,1,0,0,0,0,0
RedteaGO,1,0,0,0,0,0
에르쯔틴,1,1,1,0,0,0
시크릿 쥬쥬,1,1,1,0,0,0
베이비벨,1,0,0,0,0,0
After blow,1,1,1,0,0,0
hugenest_paper,1,0,0,0,0,0
Lee Bodywear,1,0,1,0,0,0
owc_yoon,1,0,0,0,0,0
엠엠즈,1,0,0,0,0,0
mandesalon_korea.univ,1,0,0,0,0,0
투어비스,1,1,1,0,0,0
The Sool Company Korea,1,0,0,0,0,0
온세상공쥬들다모여,1,0,0,0,0,0
르멘트,1,1,1,0,0,0
nimbel.kr,1,0,0,0,0,0
Saenggwabang,1,0,0,0,0,0
Botanix,1,0,0,0,0,0
V.LIF Hospital,1,0,0,0,0,0
바이탈뷰티샵,1,0,0,0,0,0
건강한 언니들 꿀템,1,0,0,0,0,0
지호한방삼계탕,1,0,0,0,0,0
부블릭 bublik,1,0,0,0,0,0
노셀코지,1,0,0,0,0,0
Miffy Korea,1,0,0,0,0,0
다이어트 꿀팁,1,0,0,0,0,0
에이홉 ahope,1,0,0,0,0,0
소심한호랑이,1,0,0,0,0,0
Mercuri Digitalmed,1,0,0,0,0,0
포즈앤펍,1,0,0,0,0,0
Roika,1,1,1,0,0,0
노캡디자인,1,0,0,0,0,0
Misekiseoulmen,1,0,0,0,0,0
my_moadesign,1,0,0,0,0,0
뿜뿜 인플루언서,1,0,0,0,0,0
GS25,1,1,1,0,0,0
Imperial Age,1,0,0,0,0,0
메디트리,1,1,1,0,0,0
에이치,1,0,0,0,0,0
Levrence.skin,1,0,0,0,0,0
삼첩분식,1,1,1,0,0,0
SANUE,1,0,0,0,0,0
프롬리에,1,1,1,0,0,0
나인제트,1,1,1,0,0,0
탈모탈출,1,0,0,0,0,0
allsu_777,1,0,0,0,0,0
슬림플래닛,1,0,0,0,0,0
관યથ비법,1,0,0,0,0,0
오라카이 대학로 호텔 Orakai Daehakro Hotel,1,0,0,0,0,0
Igor Tulchinsky,1,0,0,0,0,0
Ceraon,1,0,0,0,0,0
cahuh_,1,0,0,0,0,0
Ollocdampharmacy,1,0,0,0,0,0
Münikund,1,0,0,0,0,0
꿀템 저장소,1,0,0,0,0,0
ordinarypeople,1,0,0,0,0,0
나리몽,1,1,1,0,0,0
jinjuhyung_,1,0,0,0,0,0
Goalstudio_official,1,0,0,1,0,0
포켓몬코리아,1,0,0,0,0,0
D'Alba Germany,1,0,0,0,0,0
Pl.leaveme,1,0,0,0,0,0
Glossy Seoul,1,0,0,0,0,0
유기리니,1,0,0,0,0,0
콜리에슈피,1,0,0,0,0,0
Jinnyyoon,1,0,0,0,0,0
⋌ㅏ줘ગ거,1,0,0,0,0,0
accept_n_remake,1,0,0,0,0,0
뉴트리메이드,1,0,0,0,0,0
씨에프엔,1,0,0,0,0,0
minumsa_books,1,0,0,0,0,0
sons.spirit,1,0,0,0,0,0
Ashrolen 애쉬로렌,1,0,0,0,1,0
대원헬스,1,1,1,0,0,0
뮤토웨어,1,0,0,0,0,0
무니토,1,0,0,0,0,0
Elraviecos,1,0,0,0,0,0
exhibition_artewith,1,0,0,0,0,0
제니하우스 코스메틱,1,0,0,0,1,0
Cafe wepla,1,0,0,0,0,0
매일의 친구 데이메이트,1,0,0,0,1,0
Chaewun,1,0,0,0,0,0
VivaVideo Editor,1,0,0,0,0,0
바디럽-Bodyluv,1,0,0,0,1,0
해태제과,1,1,1,0,0,0
마이피픈,1,1,1,0,0,0
winti 윈티,1,0,0,0,0,0
광주아트패스,1,0,0,0,0,0
윈불,1,0,0,0,0,0
베리썸,1,1,1,0,0,0
DEIG,1,0,0,0,0,0
디자이너 빈,1,0,0,0,0,0
Slowglow_Official,1,0,0,1,0,0
미닉스,1,1,1,0,0,0
자민경,1,1,1,0,0,0
Not New,1,0,0,0,0,0
briskin,1,0,0,0,0,0
하위나이트 스포츠 - Hauynite Sports,1,0,0,0,0,0
제주푸드앤와인페스티벌 - Jeju Food & Wine Festival,1,0,0,0,0,0
리터니티,1,1,1,0,0,0
AEREA,1,1,1,0,0,0
브루젠,1,0,0,0,0,0
Lostmanagementcities,1,0,0,0,0,0
Tio de santabarbara,1,0,0,0,0,0
롭스칼프,1,0,0,0,0,0
manbliss_,1,0,0,0,0,0
위메이크페인팅,1,0,0,0,0,0
썬슈룹 sun.shurupp,1,0,0,0,1,0
노렌,1,0,0,0,0,0
프리티 모바일,1,0,0,0,0,0
타입넘버 TYPE No.,1,0,0,0,1,0
Snowpeak_outdoor,1,0,0,0,1,0
jay_day____,1,0,0,0,0,0
Goodbeauty26,1,0,0,0,0,0
아이돌 이슈,1,0,0,0,0,0
BONCEPT,1,1,1,0,0,0
Killorie,1,0,1,0,0,0
niceghostclub,1,0,0,0,0,0
스포츠 사이언스 랩,1,0,0,0,0,0
루메온,1,0,0,0,0,0
달씨 darcie,1,0,0,0,0,0
신스바이오,1,0,0,0,0,0
PADA Miyakojima,1,0,0,0,0,0
HIX.AI.,1,0,0,0,0,0
이태기리,1,0,0,0,0,0
카멜마운트,1,1,1,0,0,0
실시간 서울,1,0,0,0,0,0
hoont_official,1,0,0,0,0,0
스위치온,1,0,0,0,0,0
펫긱 Petgeek,1,0,0,0,0,0
Global 6K for Water Korea,1,0,0,0,0,0
Hanspharma,1,0,0,0,0,0
siminbakery_hyoja,1,0,0,0,0,0
제이앤제이슨,1,0,0,0,0,0
ETUDE 에뛰드,1,0,0,0,1,0
나뚜라하우스,1,0,0,0,0,0
에잇세컨즈 - 8seconds,1,0,0,0,1,0
케어존 - Carezone,1,0,0,0,1,0
Lumare,1,0,0,0,0,0
Finitree,1,0,0,0,0,0
Aha studio.ID,1,0,0,0,0,0
SkinStandard,1,0,0,0,0,0
주니공간,1,0,0,0,0,0
콩알이네,1,0,0,0,0,0
마이메르시 치과위생사,1,0,0,0,0,0
fxIP,1,0,0,0,0,0
펫초이스 petchoice,1,0,0,0,0,0
LANEIGE 라네즈,1,0,0,0,1,0
러브라이너,1,0,0,0,0,0
박한별 / Byeol,1,0,0,0,0,0
피코,1,1,1,0,0,0
시리어스,1,1,1,0,0,0
AOMG,1,1,1,0,0,0
카밍의아뜰리에,1,0,0,0,0,0
현대차증권,1,0,0,0,0,0
Nuub,1,0,0,0,0,0
닥터캄 Dr.Calm,1,0,0,0,0,0
ASYOU 환인제약 애즈유,1,0,0,0,1,0
윤여운,1,0,0,0,0,0
AmazingTalker,1,0,0,0,0,0
닥터아나,1,0,0,0,0,0
비바코리아,1,1,1,0,0,0
팝업in서울,1,0,0,0,0,0
MERIDA-Seoul,1,0,0,0,0,0
Elloge,1,0,0,0,0,0
New 프로벨,1,0,0,0,0,0
AIVideo001,1,0,0,0,0,0
시유안,1,0,0,0,0,0
NoA Internasional,1,0,0,0,0,0
기능성 유산균 바이크롬,1,0,0,0,1,0
Cruv.kr,1,0,0,0,0,0
Hokki,1,0,0,0,0,0
DUNS Sweden,1,0,0,0,0,0
Benuet,1,0,0,0,0,0
BONE A PETY,1,0,0,1,0,0
roxie.pro,1,0,0,0,0,0
그린몬스터,1,1,1,0,0,0
Mom&twins,1,0,0,0,1,0
포네크 공식몰,1,0,0,1,0,0
Witply 윗플리,1,0,0,0,0,0
Gorilla Waxing ,1,0,0,0,0,0
롯데아울렛,1,0,0,0,0,0
tifof,1,0,0,0,0,0
monchhichi_official_korea,1,0,0,0,0,0
라니쥬,1,1,1,0,0,0
레닉,1,0,0,0,0,0
It's routine,1,0,0,0,0,0
HIX.AI,1,0,0,0,0,0
Wi-on 와이온,1,0,0,0,0,0
Rrmmseoul,1,0,0,0,0,0
닥터클라우더,1,0,0,0,0,0
shop_oveof,1,0,0,0,0,0
효지 - HYOJI,1,0,0,0,1,0
지학사,1,0,0,0,0,0
아이미｜eyeme eyelash,1,0,0,0,0,0
르무어,1,0,0,0,0,0
Anahata Yoga School,1,0,0,0,0,0
한국 가요 임금님,1,0,0,0,0,0
러마드-Rumad,1,0,0,0,0,0
Sunburnproject,1,0,1,0,0,0
INGA 잉가,1,0,0,0,1,0
텍스쳐 - txture,1,0,0,0,0,0
뷰스타여니,1,0,0,0,0,0
喜界島観光物産協会,1,0,0,0,0,0
Resear,1,0,0,0,0,0
카라디움,1,1,1,0,0,0
Now Speak English Online,1,0,0,0,1,0
생럭슈,1,0,0,0,0,0
Lia Kim,1,0,0,0,0,0
삼성화재 N잡 크루,1,0,0,0,1,0
Therabody_kor,1,0,0,0,0,0
chul1won,1,0,0,0,0,0
비됴클래스,1,0,0,0,0,0
X The League,1,0,0,0,0,0
플레이키즈프로,1,1,1,0,0,0
케이찹사라다,1,0,0,0,0,0
CreamHaus,1,0,0,0,0,0
래피즈 - REPIZ,1,0,0,0,1,0
EFILOW_official,1,0,0,1,0,0
Nareun - 나른,1,0,0,0,0,0
키에라,1,1,1,0,0,0
하나금융그룹 (Hana Financial Group),1,0,0,0,1,0
nuyis9,1,0,0,0,0,0
Mais,1,0,0,0,0,0
깔깔부부,1,0,0,0,0,0
1분꿀잼썰,1,0,0,0,0,0
플라야 PLAYA,1,0,0,0,0,0
채비공간 Chaebgonggan.official,1,0,0,0,1,0
Flove,1,0,0,0,0,0
AI Catch: AI Video APP,1,0,0,0,1,0
홈핏 Homefit,1,0,0,0,0,0
erty.ceo,1,0,0,0,0,0
시리어스펫,1,1,1,0,0,0
Columbia Sportswear,1,0,0,0,1,0
현대프리미엄아울렛 스페이스원,1,0,0,0,0,0
홀트아동복지회,1,0,0,0,0,0
인생 속옷 by 바디코,1,0,0,0,1,0
Santastudio,1,0,0,0,0,0
Treeny,1,0,0,0,0,0
화진,1,0,0,0,0,0
앤드로스,1,0,0,0,0,0
에어르,1,0,0,0,0,0
스프레이,1,0,0,0,0,0
유아른,1,1,1,0,0,0
원오브뎀,1,1,1,0,0,0
디트로네,1,0,0,0,0,0
디베아,1,1,1,0,0,0
The Nockin,1,0,0,0,0,0
라이프멘토,1,0,0,0,0,0
japan___story,1,0,0,0,0,0
tatli.ellie,1,0,0,0,0,0
파파존스,1,1,1,0,0,0
Kiehl's,1,1,1,0,0,0
카카오,1,1,1,0,0,0
퍼니메이드,1,0,0,0,0,0
Giveaways.com.au,1,0,0,0,0,0
라이온즈,1,0,0,0,0,0
wasabibear.mommy,1,0,0,0,0,0
Dino ai kr,1,0,0,0,0,0
Liftix,1,0,0,0,0,0
위아트,1,0,0,0,0,0
2way_income,1,0,0,0,0,0
Pyunkang Yul KR,1,0,0,1,0,0
스무살동디,1,0,0,0,0,0
fakejournal_official,1,0,0,0,0,0
youb_ming_s2,1,0,0,0,0,0
언라이프,1,1,1,0,0,0
맛집in인천부천,1,0,0,0,0,0
호텔페어-HotelFair,1,0,0,0,0,0
세종시문화관광재단,1,0,0,0,0,0
롯데웰푸드 - LOTTE Wellfood,1,0,0,0,1,0
이태리정미소,1,0,0,0,0,0
Checoo채윤,1,0,0,0,0,0
로렌츠,1,1,1,0,0,0
AETH,1,0,0,0,0,0
Me'ning,1,0,0,0,0,0
아이오랩스,1,0,0,0,0,0
imindacage,1,0,0,0,0,0
Bclose 비클로즈,1,0,0,0,1,0
Weseller,1,0,0,0,0,0
묘향가,1,0,0,0,0,0
Menasoo_official,1,0,0,0,0,0
무강바이오,1,0,0,0,0,0
수원 화성 동탄을 즐겨라,1,0,0,0,0,0
lovelyco.store,1,0,0,0,0,0
KT,1,1,1,0,0,0
Sensual Sleepwear Leading Lifestyle Brand,1,0,0,0,0,0
Kerbalive,1,0,0,0,0,0
슬림비법상자,1,0,0,0,0,0
뷰티맛집,1,0,0,0,0,0
누스,1,0,0,0,0,0
아신극장,1,0,0,0,0,0
Seamonster2016,1,0,0,0,0,0
Montbell de foret,1,0,0,0,1,0
ELROEL.cosmetic.korea,1,0,0,0,0,0
yongsennn,1,0,0,0,0,0
Smith W,1,0,0,0,0,0
홀리카 홀리카 2,1,0,0,0,0,0
Loacker,1,1,1,0,0,0
비벗,1,0,0,0,0,0
re.quentin,1,0,0,0,0,0
Wander Global,1,0,0,0,0,0
Disurge,1,0,0,0,0,0
studioorieus_w,1,0,0,0,0,0
탈모는타이밍,1,0,0,0,0,0
프로그,1,0,0,0,0,0
Norit.official,1,0,0,1,0,0
핑크존,1,0,0,0,0,0
Lukt Kindy,1,0,0,0,1,0
Dosi.manual,1,0,0,0,0,0
yeseul_w,1,0,0,0,0,0
쇼파1975 힐링베이스,1,0,0,0,0,0
바나날 - Bananal,1,0,0,0,1,0
SLIM9,1,0,1,0,0,0
leblanc.lc_official,1,0,0,0,0,0
엘랑코 My Pet & I,1,0,0,0,0,0
바잇미 - Bite me,1,0,0,0,1,0
Re:Brush,1,0,0,0,0,0
Mayreve.kr,1,0,0,0,0,0
덕화명란,1,0,0,0,0,0
unimasion,1,0,0,0,0,0
다신샵&다이어트신 - 다이어트 맛있게 관리하자,1,0,0,0,1,0
blubanoffical,1,0,0,0,0,0
Pilket 필켓,1,0,0,0,0,0
트리플피트니스,1,0,0,0,0,0
ssosijiyo_bbak,1,0,0,0,0,0
꿀팁춥스,1,0,0,0,0,0
Cerakey,1,1,1,0,0,0
Tarrytown_official,1,0,0,0,0,0
Nooni Skincare,1,0,0,0,1,0
Touchsoul 터치소울,1,0,0,0,0,0
투쿨포스쿨(too cool for school),1,0,0,0,1,0
Differ,1,0,1,0,0,0
토니앤가이 대치점,1,0,0,0,0,0
지둥지,1,0,0,0,0,0
team_edenbin,1,0,0,0,0,0
seoyujae ,1,0,0,0,0,0
Leverbe,1,0,0,0,0,0
W테라피 종로피부관리,1,0,0,0,0,0
nelna.shop,1,0,0,1,0,0
발머스한의원,1,0,0,0,0,0
Jucyjudy,1,0,0,1,0,0
LG유니참 펫케어,1,0,0,0,0,0
Banaco,1,0,0,0,0,0
Re:ssential,1,0,0,0,0,0
avanihotel_wedding,1,0,0,0,0,0
피부고민있어요?,1,0,0,0,0,0
LifeStandard,1,0,0,0,0,0
꿈꾸미,1,0,0,0,0,0
아시아나항공,1,1,1,0,0,0
NUNOK,1,0,0,0,0,0
몽키버니,1,0,0,0,0,0
베럴라비다,1,0,0,0,0,0
gooahyun,1,0,0,0,0,0
ssongri_official,1,0,0,0,0,0
Carat1984,1,0,0,0,0,0
Rdrdofficial,1,0,0,1,0,0
로긴,1,0,0,0,0,0
Neargarden - 니어가든,1,0,0,0,0,0
에이치다,1,0,0,0,0,0
아이레시피 irecipe jp,1,0,0,0,1,0
채식주의,1,0,0,0,0,0
테루파,1,0,0,0,0,0
Fitsleep,1,0,0,0,0,0
왓어룩,1,0,0,0,0,0
LG 스마트코티지,1,0,0,0,0,0
뷰피셜,1,0,0,0,0,0
sting925.1,1,0,0,0,0,0
Umarmung,1,1,1,0,0,0
Krug,1,0,0,0,0,0
OFRAME.by raf,1,0,0,0,1,0
Twwcosmetic,1,0,0,0,0,0
Licorne_kr,1,0,0,1,0,0
Cricut Korea,1,1,1,0,0,0
예뻐지는 개꿀팁,1,0,0,0,0,0
Pacdora,1,0,0,0,0,0
BJJ Fanatics Online Store,1,0,0,0,1,0
Rbow,1,0,1,0,0,0
은행연합회,1,1,1,0,0,0
01년생 다모여,1,0,0,0,0,0
옥스포더,1,0,0,0,0,0
분자Boonza,1,0,0,0,0,0
Heart Percent,1,1,1,0,0,0
레브킷,1,0,0,0,0,0
girls_recipe_,1,0,0,0,0,0
Kynda,1,0,0,0,0,0
Nobrand.official,1,0,0,1,0,0
시크릿에이지,1,0,0,0,0,0
Geekom.kr,1,0,0,0,0,0
itsnargissa,1,0,0,0,0,0
아티드 ATD,1,0,0,0,1,0
핵꿀템 소개,1,0,0,0,0,0
최신리뷰모음,1,0,0,0,0,0
아리뷔에,1,0,0,0,0,0
Kimchecky,1,0,0,0,0,0
Vands Hair Clinic,1,0,0,0,0,0
JH the Moment,1,0,0,0,0,0
AURIN,1,0,1,0,0,0
페이스리퍼블릭,1,0,0,0,0,0
Eyemua,1,0,0,0,0,0
힐이즈,1,0,0,0,0,0
이끌림라운지,1,0,0,0,0,0
Celladew,1,0,0,0,0,0
Resinikaa-2,1,0,0,0,0,0
THOME Global,1,0,0,1,0,0
Meunder - 미언더,1,0,0,0,1,0
soène 소엔,1,0,0,0,0,0
에어베리,1,1,1,0,0,0
Florescer Holística,1,0,0,0,0,0
JAVIN DE SEOUL,1,0,0,1,0,0
Rockfish Weatherwear,1,1,1,0,0,0
1507_benefitlounge,1,0,0,0,0,0
Kotona.at.home,1,0,0,0,0,0
무드샵,1,0,0,0,0,0
제주할망밥상,1,0,0,0,0,0
Bread Barbershop 브레드 이발소,1,0,0,0,0,0
SleepWelly,1,0,0,0,0,0
케이부스터,1,1,1,0,0,0
Dimer,1,0,0,0,0,0
EIRUA 에이루아,1,0,0,0,0,0
Video korea,1,0,0,0,0,0
sheen_seoul.ss,1,0,0,0,0,0
브리티시엠,1,1,1,0,0,0
Salm Clinic,1,0,0,0,0,0
복호두,1,0,0,0,0,0
Kernel360,1,0,0,0,0,0
suti_korea,1,0,0,0,0,0
백조씽크,1,0,0,0,0,0
피클플러스 PicklePlus,1,0,0,0,1,0
PEOZ Guitar,1,0,0,0,0,0
렌버블 Lenvable,1,0,0,0,0,0
4233mind,1,1,1,0,0,0
Objet by Kundal,1,0,0,0,1,0
flow.jeans,1,0,0,0,0,0
부산집집,1,0,0,0,0,0
니들리,1,1,1,0,0,0
Lattecream,1,0,0,0,0,0
Sim's Perfume,1,0,0,0,0,0
잡다하게알려주는신상꿀팁,1,0,0,0,0,0
minapark.kr,1,0,0,0,0,0
MouMou.Official,1,0,0,0,0,0
Đẹp quuá,1,0,0,0,0,0
이마트24,1,1,1,0,0,0
영화의전당,1,0,0,0,0,0
에브리원스 ,1,0,0,0,0,0
디커빈,1,0,0,0,0,0
인룩이벤트,1,0,0,0,0,0
"간호학과, 간호사 대나무숲",1,0,0,0,0,0
SkinCeuticals,1,0,0,1,0,0
iSharing Soft,1,0,0,0,0,0
Eseny,1,0,0,0,0,0
Carpuride,1,0,0,0,0,0
노티플라이,1,0,0,0,0,0
heynathan___,1,0,0,0,0,0
마롯,1,0,0,0,0,0
tina_english_speaking,1,0,0,0,0,0
Emma Mattress - 엠마 매트리스,1,0,0,0,1,0
교육필라테스,1,0,0,0,0,0
굿룩,1,0,0,0,0,0
K.LYNN 케이린,1,0,0,0,0,0
아모레 카운셀러,1,0,0,0,0,0
캠핏캠그,1,0,0,0,0,0
장사는 건물주다,1,0,0,0,0,0
عشاءع,1,0,0,0,0,0
Nesh 네쉬,1,0,0,0,1,0
ggung_y,1,0,0,0,0,0
트루타월 성수,1,0,0,0,0,0
크레마클럽,1,0,0,0,0,0
peer.club,1,0,0,0,0,0
Portré,1,0,0,0,0,1
디오프 - DEOFF,1,0,0,0,0,0
아파트멘터리 Apartmentary,1,0,0,0,1,0
하이산 Heisan,1,0,0,0,0,0
인싸이트 심리검사연구소,1,0,0,0,0,0
Dohaus,1,0,0,0,0,0
캘릭스,1,0,0,0,0,0
Wkndrs_official,1,0,0,0,0,0
movieland.archive,1,0,0,0,0,0
Pollo AI Video,1,0,0,0,0,0
Aida cosmetic,1,0,0,0,0,0
PNCOMMA,1,0,0,0,0,0
Moderato HENRI,1,0,0,0,0,0
만권당,1,0,0,0,0,0
DA EFFECT,1,0,1,0,0,0
Leterie,1,0,0,0,0,0
일색더_日色添,1,0,0,0,0,0
세레미 공식몰,1,0,0,1,0,0
한성기업(주) since1963,1,0,0,0,0,0
yuna_hi_eng,1,0,0,0,0,0
페노비스 Pnovis,1,0,0,0,0,0
블랑블랙,1,0,0,0,0,0
eastserviceshop.Page,1,0,0,0,1,0
Noblecollectionkorea,1,0,0,0,0,0
go_kingduck,1,0,0,0,0,0
rihgaguam.korea,1,0,0,0,0,0
제작자,1,0,0,0,0,0
셀로딘-celodin,1,0,0,0,1,0
리뷰,1,0,0,0,0,0
윤선생,1,1,1,0,0,0
E4A Nuttirtion,1,0,0,0,0,0
오프린트미,1,1,1,0,0,0
혼다코리아,1,1,1,0,0,0
sisoon,1,0,0,0,0,0
케끄,1,0,0,0,0,0
세라젬,1,1,1,0,0,0
모먼트어스,1,0,0,0,0,0
tonka25.1,1,0,0,0,0,0
AediV,1,0,0,0,0,0
웅진 스마트올,1,0,0,0,1,0
BEUT,1,0,0,0,0,0
오텍캐리어,1,0,0,0,0,0
cap_ahnmerica,1,0,0,0,0,0
YUZY - 유지,1,0,0,0,0,0
academy_page,1,0,0,0,0,0
STYLABmullae,1,0,0,0,0,0
golf_doha,1,0,0,0,0,0
민구,1,0,0,0,0,0
Beamme빔미,1,0,0,0,0,0
정언천,1,0,0,0,0,0
비바브놀,1,0,0,0,0,0
Editorial pure,1,0,0,0,0,0
차일드라이프 with 온누리스토어,1,0,0,0,1,0
벨누크-Bellnuke,1,0,0,0,0,0
The Lounge of Slow,1,0,0,0,0,0
Travelling summer,1,0,0,0,1,0
마리끌레르 패션,1,0,0,0,0,0
Sixkin,1,0,0,0,0,0
부트 BooT,1,0,0,0,0,0
VisitSingapore,1,1,1,0,0,0
연서의 지평선,1,0,0,0,0,0
Honeymoon_fair,1,0,0,0,0,0
그란데라인 Grande Line,1,0,0,0,0,0
위타민 weetamin,1,0,0,0,1,0
Deosinkofficial,1,0,0,0,0,0
bonniedami_academy,1,0,0,0,0,0
뷰티,1,0,0,0,0,0
코덕인생템,1,0,0,0,0,0
퀸즈이즈카운티,1,0,0,0,0,0
قصة الخفة,1,0,0,0,0,0
빈브라더스 - BEAN BROTHERS,1,0,0,0,0,0
Crip,1,0,0,0,0,0
뷰디토 허니팁,1,0,0,0,0,0
윌슨 테니스,1,0,0,0,1,0
Siyazu_korea,1,0,0,1,0,0
sigongsa_books,1,0,0,0,1,0
뿌쥬아 0301,1,0,0,0,0,0
"기록이 몸을 만든다, 번핏",1,0,0,0,0,0
Relentless Media,1,0,0,0,0,0
not_about_hyob,1,0,0,0,0,0
일동생활건강hs,1,0,0,0,0,0
종로문화재단,1,0,0,0,0,0
나무뜰,1,0,0,0,0,0
TRUU 童,1,0,0,0,1,0
amode.hyun,1,0,0,0,0,0
vivacloset.shop,1,0,0,0,0,0
AzforU,1,0,0,0,0,0
hoen,1,0,0,0,0,0
Hailuo AI Create,1,0,0,0,0,0
닥터디퍼런트,1,1,1,0,0,0
KT&G 상상마당 시네마,1,0,0,0,0,0
명퉤,1,0,0,0,0,0
에르띠코리아,1,0,0,0,0,0
한미사이언스 프로-캄,1,0,0,0,0,0
소소리리,1,0,0,0,0,0
lowclub.official,1,0,0,0,0,0
너의하루플리,1,0,0,0,0,0
Hy,1,0,1,0,0,0
아리의 소소콜콜한 일상,1,0,0,0,0,0
Folnua,1,0,1,0,0,0
Coolpick,1,0,0,0,0,0
Daywalker,1,1,1,0,0,0
슈니엘,1,1,1,0,0,0
모헤세,1,0,0,0,0,0
포른른,1,0,0,0,0,0
Haveawhale,1,0,0,0,0,0
펫바자,1,0,0,0,0,0
Star Wars,1,0,0,0,0,0
1등 건강 습관,1,0,0,0,0,0
Maisonminoc,1,0,0,0,0,0
헤르시,1,0,0,0,0,0
비건 빵빵이네,1,0,0,0,0,0
TeumgyulOfficial,1,0,0,0,0,0
Yybeauty,1,0,0,0,0,0
오브오,1,0,0,0,0,0
noirnine_lovedby,1,0,0,0,1,0
editor_dongwon,1,0,0,0,0,0
고고다이노 키즈카페 공식페이지,1,0,0,0,0,0
Vestway.Korea,1,0,0,0,0,0
PAP Culture,1,0,0,0,0,0
Mix&match,1,0,0,0,0,0
Da 피부제,1,0,0,0,0,0
Exosomore,1,0,0,0,0,0
braten,1,0,1,0,0,0
29CM,1,1,1,0,0,0
Project mibae,1,0,0,0,0,0
Typeservice,1,0,0,0,0,0
Gymflix9,1,0,0,0,0,0
비욘드그루밍,1,0,0,0,0,0
invideo,1,0,0,0,0,0
Metabev Korea - 메타베브코리아,1,0,0,0,0,0
Tripoai,1,0,0,0,0,0
건강연구소,1,0,0,0,0,0
Filmora_korea,1,0,0,0,0,0
푸디버디,1,1,1,0,0,0
almkopi.kr,1,0,0,0,0,0
1_6_9._9,1,0,0,0,0,0
Le'studio,1,0,0,0,0,0
Evercell 에버셀,1,0,0,0,1,0
Sweetu-one,1,0,0,0,0,0
high pace,1,0,0,0,0,0
더마씨,1,0,0,0,0,0
Neulssin_official,1,0,0,0,0,0
Hawd,1,0,0,0,0,0
Maison de U: 메종드유,1,0,0,0,0,0
지포드,1,0,0,0,0,0
에이엠코스메틱.Official,1,0,0,1,0,0
Doctorfit.official,1,0,0,0,0,0
아 넬 루 체 ,1,0,0,0,0,0
Mag&black,1,0,0,0,0,0
tina_trendy_english_,1,0,0,0,0,0
