channel_id,F13_17,F18_24,F25_34,F35_44,F45_54,F55_64,F65,M13_17,M18_24,M25_34,M35_44,M45_54,M55_64,M65
UC_230L3zru61U0lsGdTEbTQ,2,8,12,15,20,12,6,0,3,4,5,7,4,2
UC_3zuiuxex4cbO76QAUgDuQ,5,35,30,10,5,2,1,1,4,4,2,1,0,0
UC_lPYQ5ddh506aZ9CcEUIig,0,5,8,6,6,3,1,2,12,18,15,13,7,4
UC_nfaNeurFfMUU3VzB7_HTg,6,21,17,13,11,5,3,2,7,5,4,3,2,1
UC_PPy9cITWTIlXThbMJymUw,2,6,9,14,18,12,6,1,3,4,7,9,6,3
UC_pwIXKXNm5KGhdEVzmY60A,3,14,16,12,10,5,2,2,9,10,7,6,3,1
UC_qR5dTURwq7AHFPuDYJx9Q,0,5,8,9,9,5,2,2,8,12,14,14,8,4
UC_uyxB9i4J9O5atc_2fBKww,2,8,13,10,9,5,3,1,8,13,11,9,5,3
UC_xVzJW2DD6aIYxa_cGXCOA,6,36,25,9,4,2,1,1,5,5,3,2,1,0
UC_yXJHFhPQzbW-iLF_JOgtg,2,8,12,10,8,4,1,2,10,14,12,10,5,2
UC-74flATChsfPVo7WM4xpMQ,2,8,10,12,12,5,1,2,8,10,12,12,5,1
UC-G-e3hGQ0u9ZHlHO8wTBqw,1,3,5,4,4,2,1,2,12,21,18,15,8,4
UC-kb6tfft4ep1uublxTqjjw,6,21,18,14,11,5,3,2,6,5,4,3,1,1
UC-oo-DlXVXzexre774Ry1Gw,6,34,26,9,5,2,1,1,5,5,3,2,1,0
UC-oyaiXwIMrvI3k7eIqZh-g,2,8,10,8,6,3,2,2,12,17,12,10,5,3
UC-qJ6ZN0llyeG7vkcHX3Plw,2,8,12,16,19,11,5,0,3,4,6,7,5,2
UC-sJHUpJNWE582kayfboxtA,0,6,10,10,12,8,4,0,6,10,10,12,8,4
UC-wrTgUaS97-DuwTkL2WrSg,3,9,7,8,5,2,1,5,17,13,14,10,4,2
UC-yxv88H-ZhIMNvJSfBqO_A,2,9,13,18,16,7,3,1,4,6,9,7,3,2
UC-z8oSQVHiT3vYjTubN-edg,2,10,13,9,8,5,3,2,10,13,9,8,5,3
UC-Za12q87wv8Eg7iiyfER0A,1,13,21,14,13,6,3,1,6,8,6,5,3,1
UC-ZclTqKP-bjQ3V2xDitIXQ,8,30,24,10,6,2,1,2,6,5,3,2,1,0
UC02CBIkE88qzILfmV0am2TA,6,26,17,12,10,5,3,2,8,4,3,2,1,1
UC0lG56T2k6zKpqLXnpFCibA,0,5,8,9,9,4,2,2,8,12,14,15,8,4
UC0o6Vb1Yi1IoVf9m6nY_StA,2,8,12,15,18,12,7,1,3,4,5,6,4,3
UC0Ppr16uMzDdj4UfH5u1Rug,4,8,8,21,14,6,4,2,4,4,12,8,3,2
UC0X_E9MU5JpP4s5pCUYeRqw,3,10,12,29,11,2,1,1,4,5,13,5,1,1
UC0YgvW0cwwW4vjty9VYBkcg,2,8,10,10,8,4,2,2,10,13,13,10,5,3
UC0ZsNvrekvSMRVdbSkqq-cQ,4,25,26,12,8,4,2,1,6,6,3,2,1,0
UC126cRKF7JPn6uN_szW6BaA,2,10,14,18,16,8,4,1,4,5,7,6,3,2
UC1DMyY9iLVEpFedMBNqh9pg,0,4,7,12,16,8,3,0,4,7,12,16,8,3
UC1V4RTa2F9TMTNq_d6Aq1jg,3,20,22,12,9,4,2,1,8,8,5,4,2,0
UC1WF2loTh7ehcQOkTV5fEmA,4,10,8,20,14,4,4,2,6,4,12,8,2,2
UC1Wvk2pYKZNFARD-42plTJA,4,14,14,14,12,4,2,2,8,8,8,6,2,2
UC1Ydej176wc7N3BVBUER5FQ,6,23,19,12,8,4,2,2,8,6,4,3,2,1
UC1YvLoq9XPW5Kg2i9sZGCJg,4,13,12,8,8,4,2,2,13,12,8,8,4,2
UC1ZbCmQDV51etWH-PybQxIQ,2,8,14,16,20,11,5,0,3,4,5,6,4,2
UC1zVbfSZSKz9r2AzF50l9sA,2,8,7,6,4,1,0,5,20,18,15,10,3,1
UC2aTMNEjBPvCYuT63Q_wtFw,1,5,8,6,5,2,1,2,12,21,16,12,6,3
UC2DFv8--wsONI_fc8OjGLoA,5,30,26,11,6,2,1,1,6,6,3,2,1,0
UC2lF3WLHV88MV_bcgJ4MsFA,4,17,16,12,10,6,3,2,8,8,6,5,2,1
UC2mpeDx-rPof9ER5-8cRr8A,1,4,6,6,6,3,2,2,10,15,16,16,9,4
UC2Qi3C7T-Yd8Q2-QoKOckzQ,1,6,9,8,7,4,2,2,9,15,14,12,7,4
UC2SIWgqcys7Gcb6JxsFTm1Q,0,3,3,3,2,1,0,4,18,24,18,14,6,4
UC2XJd5esVI8grFQcg0S8fiw,4,24,26,12,9,4,2,1,6,6,3,2,1,0
UC35379gf-ZJpk6tdulA5gJg,3,12,16,12,10,5,3,2,8,10,8,6,3,2
UC38Rsi7z91NkpvkblaN33bA,4,17,12,16,11,5,3,2,8,6,8,5,2,1
UC3bbfeAS6i1zMVUYMA55B6Q,1,4,7,10,16,11,7,1,3,5,8,12,9,6
UC3EnbFx6mBs2QPJ_BYqQm6g,8,30,24,10,6,2,1,2,6,5,3,2,1,0
UC3KE1jEXZGON_9ocGSID9VQ,3,16,21,14,12,6,3,1,6,6,5,4,2,1
UC3m2zdDF35XOpOLFpJPXs4A,2,8,10,8,6,3,2,2,12,17,12,10,5,3
UC3mbksW8n2ipLL8_MhDSA8A,1,3,5,5,4,2,1,2,11,19,18,16,9,4
UC3NQgm1Th1sMhOIJ8KnQrOg,3,12,12,15,10,5,3,2,8,8,10,7,3,2
UC3wAxdCmGkaUmMga8x0pxKQ,1,6,9,11,16,10,7,1,4,6,8,10,7,4
UC3Z9LlERLPe9DHTHxdyhSOQ,4,20,23,14,10,5,2,1,6,6,4,3,1,1
UC3ZQbE9FKR8TwHYqTNcIXQQ,6,34,24,7,3,1,1,2,7,8,4,2,1,1
UC4_L5Klv-z2VqaxI_Lr3iNw,4,16,23,16,13,6,3,1,4,5,4,3,1,1
UC43UB0SC3sFZkYCuPHtkTew,8,34,24,8,3,1,1,2,8,6,3,2,0,0
UC46g4LG1VqRPcT0N4Qu9rsA,4,12,10,24,12,4,1,2,6,5,12,6,2,0
UC4gwe2c2yXljGqbH5KibpeQ,2,12,18,18,15,7,3,1,4,6,6,5,2,1
UC4IvIir715gMt5X886Lb7Hg,0,3,5,10,15,11,6,0,3,5,10,15,11,6
UC4KkateHnTqBTXUavun6hoA,5,24,22,16,11,5,3,1,4,3,3,2,1,0
UC4LbF7X56QIHL3Oejt8kuyw,2,11,13,8,6,3,2,2,13,15,11,8,4,2
UC4mMqn0EPMoOwWqU8--2how,3,9,7,5,4,2,0,6,20,16,12,10,4,2
UC4mV4omijEEhZG3XpFhSh8g,1,6,8,6,6,3,2,2,12,17,14,12,7,4
UC4PAS3ck6trKI0RsM2Nskew,6,35,25,9,5,2,1,1,5,5,3,2,1,0
UC4Si4YUQMK2c3QhmP7lDY2A,6,35,26,11,6,3,1,1,4,4,2,1,0,0
UC4X-z5g4TBjxc-y_1X1UY4g,8,31,20,9,6,3,2,2,8,5,3,2,1,0
UC4Z-_an4FmdRx0NPJ5l6TyQ,4,25,27,14,10,4,2,1,4,4,2,2,1,0
UC54h7i-hxGEXEQzA6-F4X1Q,9,38,26,8,4,2,1,1,4,4,2,1,0,0
UC561zXOZW5NAyzzMmSOJE6A,5,31,25,10,7,3,2,1,5,5,3,2,1,0
UC57_jVZTM427hTqYMXf7utA,5,31,23,7,4,1,1,2,8,9,4,2,2,0
UC5FXH49CowG9kPYos5XzHsA,6,25,18,12,9,4,2,2,8,5,4,3,1,1
UC5Hw7iX_3I2n9Exp-VF3CPw,4,13,12,17,12,6,4,2,6,6,8,6,2,2
UC5rNAdQWDhaw_Z4PEK7TPJw,2,10,12,8,7,4,2,2,12,15,10,8,5,3
UC5rYjoynnQOPdUFqVk2tCsg,4,20,24,14,10,4,2,1,6,7,4,3,1,0
UC5UDFbCotZajPdfkbjxJ7gA,1,4,7,7,8,4,2,1,8,14,15,16,9,4
UC5VYeCWFVeQsO2TeVxzia2g,0,4,7,10,16,12,8,1,3,5,8,12,9,5
UC6-xD1NKnCu2ukDx4wZI73g,2,6,6,5,3,1,0,6,20,18,16,11,4,2
UC6AAEarAFrkj1JZ3lC0IRIw,2,8,14,17,20,11,5,0,3,4,5,6,3,2
UC6eFcKI5wEzPohYfPagtrvQ,2,8,12,17,16,8,4,1,4,6,8,8,4,2
UC6eiITYbH_Vlwh251sE2yeA,3,13,14,10,9,5,3,2,9,11,8,7,4,2
UC6gbVH-zlupe0E1iUbnI8XQ,8,37,24,9,4,1,1,1,6,5,3,1,0,0
UC6pQKtIqKX31sVPg9vvhl9A,8,26,19,12,10,4,2,2,6,4,3,2,1,1
UC6SRrTvkBysz4noMXRiJR1A,2,9,14,15,18,9,4,1,4,5,6,7,4,2
UC6XcOO_VcChm2EtA8ozk47g,2,8,10,13,10,5,2,2,8,10,13,10,5,2
UC6xRDwYtCdTF3E3FRTS8iXQ,1,2,4,4,4,2,1,2,11,18,18,18,10,5
UC70u2e8gK14R7QfFs7ehNDw,3,17,17,12,9,5,3,2,9,9,6,5,2,1
UC72Yq2bhmBDkpvm6F0pSH4Q,2,10,13,13,17,13,9,0,3,4,4,5,4,3
UC76kl0EpZQq1qhJEhN0-ksA,4,14,14,14,12,4,2,2,8,8,8,6,2,2
UC7gxpDJx2UXm79gyJbnLGAA,2,12,14,9,8,4,1,2,12,14,9,8,4,1
UC7IX6_Ecvyp4qeYInIaOe4A,4,12,12,12,12,6,4,1,8,8,8,8,4,1
UC7kYzfu7mHLQ7nG6AMnTc9g,2,10,12,8,7,4,2,2,12,15,10,8,5,3
UC7sGH3zB5r7eNaiRk0adSLQ,6,35,26,10,5,2,1,1,5,5,3,1,0,0
UC86T02acE7ixVz5ZLTlrnQw,2,8,6,10,6,2,0,4,14,12,18,12,4,2
UC8HdHfumfHZyguRnFCoZ-7w,1,8,14,14,18,10,5,1,4,6,6,7,4,2
UC8hqMmUNBGntbPYpc3jgc5A,8,35,25,10,6,2,1,1,5,4,2,1,0,0
UC8Hy4QKdKD2JoLUWWhehgVA,4,12,10,24,12,4,1,2,6,5,12,6,2,0
UC8o3mOVsMcw8th1gPGkOAiQ,2,11,13,8,6,3,2,2,13,15,11,8,4,2
UC8ocQaJFp-adzGtwcBuS3iQ,1,6,8,7,7,4,2,2,10,15,13,13,8,4
UC8UA4pJ_gT8Ig8LGuXvZXIw,0,2,4,4,4,2,1,2,10,21,21,18,8,3
UC93z07CgOYCbi4DVgLwEI5w,2,11,13,10,8,4,2,2,11,13,10,8,4,2
UC95ZxIfCS6T9wt7-XeF1naw,4,17,16,12,10,6,3,2,8,8,6,5,2,1
UC98Dpw8CHzoPuEYbL9SnXWQ,3,12,13,11,8,4,3,3,11,11,9,7,3,2
UC9Bem0SzrA7kzyB_ucFrUVQ,3,12,18,18,18,9,4,1,3,4,4,4,2,0
UC9bpx_CSS4_7czvNlw5Sn5g,0,4,6,7,9,5,2,1,8,12,14,18,9,5
UC9G7V6-HU_Cg7-yWLO1rH6w,3,17,18,13,10,4,2,2,9,9,6,5,2,1
UC9H7EEQSfQCuVR_sLdWfpcA,3,16,21,15,13,4,2,1,6,7,5,4,2,1
UC9mKxPyNKr9HbYJsBPbTrDQ,4,20,20,15,12,5,3,1,5,5,4,3,2,1
UC9sWXYfsfyG1A9oNGIe1Gjw,4,16,16,14,10,5,2,2,8,8,7,5,2,1
UC9SxIMTbO5pf97hCV0Ta1PQ,8,31,22,10,6,3,1,2,6,5,3,2,1,0
UC9Z-KxdMBq8G1xypxuCS7oQ,5,27,25,13,9,4,2,1,4,4,3,2,1,0
UCA8ev5qp7jxAzgWkDoYfl0w,2,12,14,10,8,3,1,2,12,14,10,8,3,1
UCa8kktUkK9JWZQoudZ_o5pg,3,17,19,15,12,6,3,1,6,6,5,4,2,1
UCAcAIQ45c_HxNwQN1jQsTvQ,0,4,6,9,9,3,1,1,8,12,18,18,8,3
UCad-DXhhQL3WYdK_OjM4ulg,0,7,11,10,11,7,4,0,7,11,10,11,7,4
UCaEFCj8Es60ttJ79XmRGUBA,4,24,26,12,9,4,2,1,6,6,3,2,1,0
UCAEqgVJCBUUpZJ4Ac4E4sCw,6,30,25,12,8,3,2,1,4,4,2,2,1,0
UCafjAhRv5eAQS0U_uvDC9xQ,3,12,12,15,10,5,3,2,8,8,10,7,3,2
UCAh2LyuAPPmumIgQPJUH6tA,1,6,9,12,15,10,7,1,4,6,8,10,7,4
UCaktoGSdjMnfQFv5BSyYrvA,3,13,13,8,7,4,2,2,13,13,9,7,4,2
UCAmff0euQRf6RwVlbB8PLMw,2,12,18,18,18,10,5,0,2,4,3,4,2,1
UCaMrelL4hFkL8z5PV8dZSTw,3,9,8,8,5,2,1,5,16,14,14,10,3,2
UCaO6TYtlC8U5ttz62hTrZgg,5,22,20,13,9,3,2,2,7,7,4,3,1,1
UCat2CSzaple02nnhbUSJ2zg,4,21,19,12,7,3,2,2,11,9,5,3,1,1
UCayEH46Rr_uucTJShN2hjaw,3,14,16,9,7,4,2,2,12,12,8,6,3,2
UCB-da9UYJTC5fY0l9eQkw_A,2,8,10,8,6,3,2,2,12,17,12,10,5,3
UCB0iI4S727iXExTQvEVG4UQ,6,30,27,9,5,2,1,1,6,6,4,2,1,1
UCb2wQgdDmoAbLdiBpJ8Ruiw,4,17,16,12,10,6,3,2,8,8,6,5,2,1
UCb8_UiUdnM9S7r1aYPAsSMw,5,24,26,14,10,4,2,1,4,4,3,2,1,0
UCb8obEhuoWZjiGBKAucSs4Q,0,4,8,9,11,6,2,1,6,11,13,16,9,4
UCBce9IuAOaS4qcWfrptfAzw,8,37,24,10,6,3,1,1,4,3,2,1,0,0
UCbCr61T2VVDefksr7UuTkaA,2,8,15,14,17,9,5,1,4,6,6,7,4,2
UCbg8gIygyKV8a_locoYOp5g,0,5,8,8,8,4,1,2,9,15,15,15,7,3
UCBgq8vQK5am6Kwqe0ctFTQQ,3,17,19,15,12,6,3,1,6,6,5,4,2,1
UCbj8rj-bTbTV5FdkDr7O0Ew,6,21,16,13,11,6,3,2,7,5,4,3,2,1
UCBnpc0Q2mwCY1HsQKbR8eXg,2,9,13,12,8,4,2,2,9,13,12,8,4,2
UCbp9_ijlMQsqWInAGtOtl1w,2,12,17,14,11,6,3,1,7,9,7,6,3,2
UCbPMLKzSCNeEhRy786Iyl-w,0,4,6,7,9,5,2,1,8,11,14,18,10,5
UCbsOv3mGx-zvFeofLwk4fZQ,1,4,6,7,9,4,2,2,8,12,14,18,9,4
UCBTiJkU51Q2O4ydwZM5p0pQ,6,21,16,14,12,6,3,2,6,4,4,3,2,1
UCBU8GKSd4NY0wCdcalbaltw,1,5,8,8,9,6,3,1,8,13,11,14,8,5
UCbUNWAsGISwidbzNjr3BEiQ,8,38,26,9,5,2,1,1,4,3,2,1,0,0
UCbvd0SRuTGwhsfbfNvGuIeg,8,31,20,11,7,3,2,2,6,4,3,2,1,0
UCbwLVDVY-_JWwuaHTKDVQEg,8,30,20,11,7,3,2,2,7,4,3,2,1,0
UCbyIn7dGCQLxTuhKnprNuVA,2,12,14,10,7,3,2,2,12,14,10,7,3,2
UCc_vOO8-XNMT8KmIVTEbt5g,6,34,23,7,3,1,0,2,9,7,4,3,1,0
UCc1GXgZkCWqMigov81N58tw,4,14,14,14,12,4,2,2,8,8,8,6,2,2
UCC2eYTm2w0O58u-VWeGZB2w,1,7,10,9,9,5,3,1,8,13,11,12,7,4
UCc5FMPqRE3V8n3PjeAtL40w,2,8,12,16,19,12,6,1,3,4,5,6,4,2
UCcA88_Z7wQWMoQ9bKwjuanA,2,9,11,8,7,3,2,2,13,15,12,9,5,2
UCCBRfFrlyPlv6tcivYaYuSQ,2,12,21,18,14,6,3,1,4,6,5,5,2,1
UCcjmCG5tTegWwqcSDSkDevQ,4,20,24,16,12,5,2,1,4,5,3,3,1,0
UCcm-yqBUwigNyeCtZbk9-JA,4,12,12,17,12,6,4,2,6,6,8,6,3,2
UCCn9DUIFswc09aqQPtRH0rw,4,16,16,12,10,6,4,2,8,8,6,4,2,2
UCcnIIv_VYMhzFqlB7vxfSYw,2,8,12,14,14,8,4,0,5,7,9,9,5,3
UCcPIzAgErXVXJYc-SAsPkTw,6,30,25,11,7,3,2,1,5,5,3,2,0,0
UCcQ3h0t8O3sBNSMhOh7JIoA,4,20,25,15,10,4,2,1,5,6,4,3,1,0
UCCQoFBGvLo_Uz6NtNLLwM_A,6,34,25,11,6,3,2,1,5,4,2,1,0,0
UCcQTRi69dsVYHN3exePtZ1A,0,2,5,6,7,4,2,1,5,13,16,19,13,7
UCCRGdPlx7Ljl3R5fYC8nP4Q,4,13,12,16,9,2,1,3,10,9,12,7,1,1
UCCSBusSRUfkOdVGgKoaOldQ,6,21,16,14,12,6,3,2,6,4,4,3,2,1
UCCVVZUezWHBXoV84p68AFSA,2,6,8,7,6,3,2,2,12,17,14,12,6,3
UCCXv6UDFMLtYJ-fed-O5M3g,6,24,20,12,8,3,2,2,8,6,4,3,1,1
UCcZ7McBJAPWYTgTWr60xBmA,4,22,24,14,9,4,2,1,6,6,4,3,1,0
UCczH5Speho3IKZrvSwabC3w,0,4,7,6,5,3,2,2,11,18,16,14,8,4
UCd3YanYs7-tKwsGCCWsCt1A,4,15,13,16,10,4,3,2,8,7,9,6,2,1
UCD843E90Vfg5H0-hsQ-fPQg,2,8,12,16,19,11,4,1,3,4,6,7,5,2
UCD9Ht6f2AZWzN4nGXME4w6A,2,10,14,16,16,10,5,0,4,5,6,6,4,2
UCdEkKjMLL_MnxTpO-iqsQkQ,1,7,10,8,6,3,1,2,12,18,14,11,5,2
UCdeuu8Wzf5xPkgDv9UMQDOQ,4,16,16,12,10,5,3,2,8,8,6,5,3,2
UCdgoV7195ulSwXHEbLkMzMg,3,17,21,15,11,5,2,1,6,7,5,4,2,1
UCDjkAMGMzaYqmDuQUTD-vbQ,3,15,20,14,11,5,2,1,7,8,6,5,2,1
UCDKKPrByvoFyYW6fTC2fjXQ,2,8,7,7,5,2,1,4,17,14,16,11,4,2
UCdKlfON_xFvTSmPGmjk-wEQ,2,9,12,18,16,8,4,1,4,5,8,7,4,2
UCdKXT-oXmXOubtC3rtPPiOQ,0,3,7,10,14,10,6,0,3,7,10,14,10,6
UCdMeT09aEFDCH0NghWV41HQ,3,16,20,16,14,7,3,1,4,5,4,4,2,1
UCdN2U_X-m7LibaN_JK2PC8w,8,36,26,10,5,2,1,1,4,4,2,1,0,0
UCDnavRl81IuyYrGRFzJJRcw,1,4,7,6,5,3,1,2,11,19,15,14,8,4
UCdSyGG-j_ORzUBS_VuUU4zQ,2,10,14,14,13,7,4,1,6,8,8,7,4,2
UCDT33t5kxs8MkxkqV3MPJHQ,6,25,19,12,8,4,2,2,8,5,4,3,1,1
UCdwbxzlp9Zo3vSp1I0AXxdg,2,8,12,16,20,12,6,1,3,4,5,6,3,2
UCDZgzql5kw4aISIqVgD-K9w,3,13,13,16,12,7,4,1,6,6,8,6,3,2
UCE3IKR3j4_BjeUT_WGg8MNQ,2,13,15,15,16,9,5,1,4,5,4,5,3,2
UCe52oeb7Xv_KaJsEzcKXJJg,4,18,19,14,11,5,2,1,7,7,5,4,2,1
UCE5tZKSDiRoFz0g9wQpChhw,4,17,17,13,8,4,4,2,9,8,6,4,2,2
UCeB_NPRMEMjttBlSN6stEog,3,13,12,12,11,6,4,2,8,8,8,7,4,2
UCeB1H2G-7DtM6h06-EEIzaA,4,12,10,19,11,4,2,2,8,6,12,7,2,1
UCeB9L97iG06KNi6qeydbqPA,8,38,25,9,5,2,1,1,4,4,2,1,0,0
UCEBb7-AsshOm8w1IuzYC_SQ,6,35,25,9,5,2,1,1,5,5,3,2,1,0
UCef6FpB7jL5OZVOJxN9EHjQ,2,12,14,10,7,3,2,2,12,14,10,7,3,2
UCeiycw2C6Pu60jeZX2VEP4g,4,16,22,16,13,6,3,1,4,5,4,3,2,1
UCEJ-f4hrXfRtwOlsI_J3dCA,4,14,14,14,12,4,2,2,8,8,8,6,2,2
UCejtUitnpnf8Be-v5NuDSLw,1,3,4,3,2,1,0,4,18,25,18,13,4,3
UCeOUdN-wAfWKEVhsyKurzog,5,26,25,14,9,4,2,1,4,4,3,2,1,0
UCepUWUpH45hRTi-QePdq1Bg,1,8,13,12,11,5,2,1,7,12,10,10,5,2
UCEQnIe_ddY6hvfq2PQYdERA,6,24,20,10,8,4,2,2,8,6,4,3,2,1
UCeSqIzcs_kHyuBc3HKBKuhg,3,13,12,16,9,3,2,2,9,9,12,7,2,1
UCeuDXPTV54EIM1G8ZOzZBrQ,6,23,20,12,8,4,2,2,7,6,4,3,2,1
UCExFACxJNrrJnO0PhzUPl2g,1,4,5,5,5,3,2,2,12,16,14,16,10,5
UCEzu3u0kRNE48TaSvNUFRdA,2,8,12,16,19,11,5,0,3,4,6,7,5,2
UCf0_CQb5KJo6h8FYal2JJYg,4,12,12,12,12,6,4,1,8,8,8,8,4,1
UCF1tsTUoLGHk_nuroMGvh8w,2,8,10,8,6,4,2,2,12,15,12,10,6,3
UCf4p7OruzuRGaSIqexjuiHQ,3,12,12,15,10,5,3,2,8,8,10,7,3,2
UCFCfQaWXzyLI3quXaHSOUfA,1,5,9,9,10,5,3,1,7,12,12,14,8,4
UCfFiQM05Kb5SfyvVxJ1kPRg,2,8,10,8,6,3,2,2,12,17,12,10,5,3
UCfFxcJWFHcisvS946HhSaJw,3,13,15,12,10,5,3,2,8,9,8,7,3,2
UCfGLwdghH0suSwDR53uvD6A,1,4,6,5,4,2,1,2,12,20,16,15,8,4
UCfk0gwt3ATfkql_UvuA-lag,3,16,24,14,12,6,3,1,5,6,4,3,2,1
UCfK6gDM5NwP1NJra4zYh0wA,1,8,10,10,9,5,3,1,9,12,12,11,6,3
UCfMOtq8f0rRvBTF_qLiNLlQ,2,8,10,8,6,3,2,2,12,17,12,10,5,3
UCfsU_mKz1RUt2YVHowdVgag,8,35,21,8,4,2,1,2,8,5,3,2,1,0
UCFWCkebN8CAybspnCM22oDA,0,5,8,9,9,4,2,2,8,12,14,15,8,4
UCFxTcCyo3BKGp61kVFP8anQ,2,4,4,10,5,1,1,4,11,11,30,13,2,2
UCFyyeaFAUJXrKUAapAso8ww,2,8,10,13,10,5,2,2,8,10,13,10,5,2
UCg_byd-UXCtQl2GC1Z1GW_A,2,8,8,20,10,1,1,2,8,8,20,10,1,1
UCg0yPGUXMPsmjldrfQ1lDkQ,8,31,20,11,7,3,2,2,6,4,3,2,1,0
UCG5LQP1b0ZGyiedDgdcRetg,1,8,14,17,20,11,6,0,3,4,5,6,4,1
UCg7GWV9e0dOVp8EmOY34VoQ,8,38,25,9,5,2,1,1,4,4,2,1,0,0
UCG8tU5lHTYV2SJVxzB-40GA,9,38,26,8,4,1,1,1,5,4,2,1,0,0
UCgbJ4nBmiElui1AoyGp108Q,1,4,6,7,9,4,2,2,8,12,14,18,9,4
UCggr09T2i34bO8cXWHU0_Tg,6,20,16,14,11,5,2,2,7,5,5,4,2,1
UCgJTo8qbv55WUTA6BvkiVPQ,3,33,35,9,4,1,1,1,4,4,3,1,0,1
UCGlwvLfvOVTPRph-3_T0Uhw,4,12,12,12,12,6,4,1,8,8,8,8,4,1
UCgMixiPSMWvAvip47k0ebVg,2,8,10,8,6,4,2,2,12,15,12,10,6,3
UCgnqFIDTNWyAa5dOO3H_YJA,4,23,25,14,8,3,2,1,6,6,4,3,1,0
UCGOmN3nk8pMefKbJX2i5wDg,3,9,10,32,12,2,2,1,4,4,14,5,1,1
UCGqfcm2F87BnqFs_Ivz62uQ,8,31,25,9,5,2,1,2,6,5,3,2,1,0
UCgS0rnDEXuKdbAQC-TKMw0A,4,12,8,14,8,2,2,4,12,8,14,8,2,2
UCGt6u2SdqcEU9YFsIMonUeg,6,21,17,13,11,5,3,2,7,5,4,3,2,1
UCGUF3IzchsnHqqFq6cJ-Z_w,2,8,12,14,13,9,5,1,5,7,8,8,5,3
UCGW59n1GYcL-Mc0zUoSzYpA,8,30,22,10,6,3,2,2,6,5,3,2,1,0
UCHa6h8DGLYkAljbskQbIXHw,8,31,22,10,6,2,1,2,7,5,3,2,1,0
UCHB97AhpkKP52uzZysfxQ9g,0,2,4,6,11,12,14,0,2,4,6,11,12,14
UCHcG0b71Rm6qosZc5FH9hjQ,1,3,5,4,4,2,1,2,12,21,18,15,8,4
UCHHkP5D3JP0W4opHXMa7WyQ,5,23,20,11,9,3,1,2,9,8,4,3,1,1
UCHiNbsJgzu3BIdC0dprz18Q,2,8,10,9,8,4,2,2,10,15,12,11,5,2
UCHKxhp14ftesAUgb_Pb1tFg,2,8,11,8,10,8,6,1,8,9,8,9,7,5
UChL_w4h_8RpHj2UYwRHZruQ,0,2,3,3,3,1,0,1,13,25,19,18,8,3
UChLozb40hBe2NZDXhtymQgQ,2,10,14,16,16,10,5,0,4,5,6,6,4,2
UCHNVoXJmtj6brGXWSiDXdSg,4,16,14,14,11,6,3,2,8,7,7,5,2,1
UCHQj5T2MD6vD4K6Zc3We6pg,1,4,6,5,4,2,1,2,12,21,17,15,7,3
UCHQya_IzvO6T1S3g4nhF4Jw,2,8,11,18,16,8,4,1,4,5,9,8,4,2
UCHUkpUuH7O3U7eIx93tMUwA,6,32,25,8,4,2,1,1,6,9,3,2,1,1
UCHXm_Mm4Di2MykBEeToGIsA,1,4,7,7,7,4,2,1,8,15,15,17,8,4
UCHzW_7Mf8G0JxP4b0LoAd7A,1,8,13,14,17,10,6,1,4,6,6,7,4,2
UCI0j2BAzZ4dhefiN1ina_eg,2,8,12,18,16,8,4,1,4,5,8,8,4,2
UCi52LI7c8Al2Ut0ND4iHu1Q,2,8,12,10,8,4,2,2,10,15,12,9,4,2
UCi5jk6zC3XD8seJYr_YAonw,3,13,13,12,10,6,4,2,8,8,8,7,4,2
UCi88xf8_ZNb8Ir9CriltGwg,12,37,21,8,4,2,1,2,6,4,2,1,0,0
UCIDhFdxhNYx8mfpjxEXH_8w,8,31,25,9,5,2,1,2,6,5,3,2,1,0
UCiEahRmKod3vJmYWRRrl60w,2,8,8,20,10,1,1,2,8,8,20,10,1,1
UCIfA85RfanUlc3tndNyCxMg,0,2,3,4,4,3,1,2,9,16,17,21,12,7
UCIflGGRD8fb8lXmt_bHRv_A,2,10,16,16,16,8,4,1,4,6,6,6,3,2
UCihytZV7O6jswS0Elj6oeZQ,0,5,8,8,8,4,1,2,9,15,15,15,7,3
UCIn1p2ZbhOo8fyZp1S60uGg,1,7,12,12,13,8,5,1,5,8,9,10,6,3
UCIOHzEDwgUuLBZwPKEUt1AQ,1,4,6,5,4,2,1,2,12,20,16,15,8,4
UCIuDua3JS1-m9zi4CuAqBVw,2,8,9,9,8,4,2,2,10,13,12,12,6,3
UCivpKczA9lvzBThoTlvSW9w,3,16,20,15,12,6,3,1,6,6,5,4,2,1
UCj5tP7M9I97yIvXshO5yukQ,8,31,25,9,5,2,1,2,6,5,3,2,1,0
UCJ66AvaHJ2pHD_-AyUailuQ,4,31,27,11,8,3,1,1,6,5,2,1,0,0
UCJ89cab4dA1MVoAcVcGDm7g,2,8,8,8,12,8,4,2,8,8,8,12,8,4
UCJAlMXCB5RPZ980f1dwsjrQ,4,20,25,15,12,4,2,1,4,5,3,3,1,1
UCJBqs5a_WXD0zkIe-9YzNgg,2,12,16,16,14,7,4,0,5,7,7,6,3,1
UCjFTY4_BJ4prXVmFow9x93g,4,15,12,14,12,5,3,2,8,6,8,6,3,2
UCjGKmGTscWDJZlBWnaqXR4w,2,13,17,12,11,6,4,1,7,9,7,6,3,2
UCjha6oGXuz0MAjoEzSFcrUQ,1,5,10,11,15,14,8,1,3,5,6,9,7,5
UCjhNm63Qtjq4NkkjbYyAl_Q,2,8,14,19,18,8,4,1,3,5,7,7,3,1
UCjJYiN_b8-qrUs8-jfiixDQ,2,9,14,14,17,9,5,1,4,6,6,7,4,2
UCJnP6qOukPcFSzF1-rGgs_Q,4,15,12,17,10,4,2,2,8,7,10,6,2,1
UCJPvTnFMrJXBiXrP4mPhIJw,2,13,13,8,8,4,2,2,13,13,8,8,4,2
UCjThXKI7pUKK5gNe2oEa8ow,3,13,12,16,9,3,2,2,9,9,12,7,2,1
UCJWGrBCX_cBQYI-cgGIz1JQ,1,3,5,4,4,2,1,2,12,21,18,15,8,4
UCJWxPxDJcJJet0C2rzPgt1A,6,21,18,14,11,5,3,2,6,5,4,3,1,1
UCK2JegInDWoDtwEpjh4HzLg,2,8,11,10,9,4,2,2,9,13,12,10,5,3
UCK7SWMuvT-N7ivx01Vot_cQ,5,31,25,10,7,3,2,1,5,5,3,2,1,0
UCKEvBMEpqQPrvh5ZeN_P3og,4,20,20,12,9,4,2,2,8,8,5,4,2,0
UCkGHfaOvdHxoqftxHTCEsqg,0,1,2,2,2,1,0,2,11,21,23,22,10,4
UCKjXlzj7nTil7r1hbCmoJ6w,0,8,14,14,14,8,4,1,5,8,8,8,5,3
UCKLqd0j_fzQ0A2gUdGlWiyg,2,9,8,8,6,3,2,2,13,15,13,11,5,3
UCkmYjbyu3OKlsMNaWyqUIYQ,1,6,10,8,7,3,1,2,10,17,14,12,6,3
UCKTcm72XXsg9nPvc7vATq5w,2,10,13,10,8,4,3,2,10,13,10,8,4,3
UCkvh3vrWsoi_cd7HyiikzIQ,2,12,20,19,19,9,4,0,2,3,3,3,2,1
UCKx4pUhKW7pWVpO6mF-f3pw,2,8,13,15,14,7,4,1,5,7,10,8,4,2
UCkXMDC3Bwy_R4n08AvNskRQ,4,25,26,11,7,3,2,1,7,7,4,2,1,0
UCkYdOUmqCTKtz35Ef90iRqw,4,17,14,14,11,5,3,2,8,7,7,5,2,1
UCkykaNPwmc6tga-Ny3yb1Ig,6,21,16,14,12,6,3,2,6,4,4,3,2,1
UCKYx39nA51fgUTCR-b9Ds5g,6,30,30,8,3,1,1,2,6,7,3,1,0,1
UCKziRqbw2AvmAJ5wcYXRaMw,4,17,12,16,11,5,3,2,8,6,8,5,2,1
UCL_C7hmXXGXpUCKJO27_X_w,6,21,16,14,12,6,3,2,6,4,4,3,2,1
UCLF9ztbI5cyW6AjVw58Dglg,2,12,17,15,12,6,3,1,6,8,7,6,3,2
UClFvGKn7uvEwM5FUkKz5wMA,2,8,10,10,8,4,2,2,10,13,13,10,5,3
UClIyOhAHIYcA0D6lh2ufi4A,2,8,13,12,11,6,3,1,7,11,10,9,5,2
UClJNgnMWzvEzJuLcpH7m4vQ,7,36,21,7,2,1,0,3,10,7,3,2,0,0
UCLkDL6da2NXck_FEjjonjAg,2,9,8,8,6,3,2,2,13,15,13,11,5,3
UClNFc4zc-Ydu1MBBQU4eSfQ,2,12,17,15,12,6,3,1,6,8,7,6,3,2
UClp1OJecb1YYwKYJjfHxDiw,2,12,18,18,14,5,3,1,5,7,7,5,2,1
UCLrUPsfYlpbAG-27otO09rw,9,31,21,8,5,2,1,2,8,5,3,3,1,1
UCLSlnGCGspUWbbiUbdFvGcA,3,20,23,13,9,4,2,1,7,7,5,3,2,1
UClSYdHYXqST8phtUVGZrAjw,2,10,14,14,13,7,4,1,6,8,8,7,4,2
UCLvk76DFmbHIveAvYUDajUg,8,31,25,9,5,2,1,2,6,5,3,2,1,0
UClwBDUAxmjb9zosF_f3l0Ng,4,20,18,11,8,4,2,2,10,9,5,4,2,1
UCLzKdLArJQvW-D2dw6g5zAQ,5,20,16,13,10,5,3,2,8,6,5,4,2,1
UCM-a3i9vttS4Rg9fsvkKJNQ,2,10,12,23,12,2,2,0,6,7,14,8,2,0
UCM-QlN1Vvt_WwRypANpz-Pw,0,2,4,6,9,4,2,0,5,9,17,25,12,5
UCM0pggwtvnALuXmFQIxXlGA,8,35,25,10,3,1,1,1,6,6,3,1,0,1
UCm3tzuevoAq9vvjsbgcr0pQ,2,13,17,13,11,5,2,1,9,10,7,6,3,1
UCm47x4BB9Gcqk3KQGol5y5g,0,4,7,7,6,3,2,2,10,16,16,15,8,4
UCm5werRkN6o36iijZgQCoYg,2,10,12,8,6,4,2,2,13,15,10,8,5,3
UCma37fJBlF718VRgGlx4yGA,4,15,12,16,11,4,3,2,8,7,9,6,2,1
UCMCrIvfH6LwGleDMwrm-4rQ,8,38,25,8,4,2,1,1,5,5,2,1,0,0
UCmD_hRhMgxsf5e-6cEuxjSg,2,12,17,12,10,5,3,1,8,11,8,6,3,2
UCMEa9i_abyRv_9n_GO1-9qg,0,4,7,9,14,10,6,0,4,7,9,14,10,6
UCMEbRpvuwTbXxGiyDb1mT8w,0,2,4,5,5,3,2,2,9,15,16,19,12,6
UCmFmXikTRqcGKthkONnR0HQ,2,8,12,10,10,5,3,2,8,12,10,10,5,3
UCMfyNcdKtW3NkQnvBgi3e8A,0,5,9,8,8,4,2,1,8,15,14,14,8,4
UCMGR2wTS0NxxWdZulxVW4Kg,2,8,8,7,5,2,1,4,17,16,14,10,4,2
UCmiFyFR0jl4fkUUA0YvzU_Q,2,8,10,8,6,3,2,2,12,17,12,10,5,3
UCMIUx2zV4VvZGyrt4CetTbA,3,13,16,10,8,4,3,2,10,12,8,6,3,2
UCmJ_7PzHjRJzxT24I4l2_HA,0,4,7,7,6,3,2,2,10,16,16,15,8,4
UCmJHtwNbypraJWj5vmP6gyQ,2,12,17,15,12,6,3,1,6,8,7,6,3,2
UCMK6IYpugcn36O2GIkDtMpw,5,30,25,11,7,3,2,1,6,5,3,2,0,0
UCmw4u8rcpv-GsnAEYyBxqvg,8,34,22,8,4,2,1,2,8,5,3,2,1,0
UCMWjHMmAgsyqsnaz7tbmcVg,8,31,20,11,7,3,2,2,6,4,3,2,1,0
UCmYg3YhOoNvu1l1MCkMuRvA,1,6,9,9,7,4,2,2,9,15,15,12,6,3
UCN-Aia3PzmVwj5D586BwGHw,0,4,6,6,6,3,2,2,10,16,16,16,9,4
UCN24OlTPdWgrMsaZ7kkwaAg,2,10,14,16,16,10,5,1,4,5,6,6,3,2
UCnA8UOxRlVbcF4aAk8K7TsA,4,24,25,13,9,4,2,1,6,6,3,2,1,0
UCNcDKgW_IrEb8Fdkg3eyAIQ,3,12,10,16,9,4,3,2,9,8,12,7,3,2
UCNHmBPfEKjK37T5vST3AsBw,3,12,18,18,17,9,4,1,3,4,4,4,2,1
UCNjQBiTSdoj2tCQLBGXFksw,0,5,8,8,8,4,1,2,9,14,14,15,8,4
UCNKrDQQ9OLARlFVpHIi7nrQ,6,36,22,8,4,1,1,2,6,8,4,2,0,1
UCNlyYPmscITfi4ZYLgk62Nw,0,2,4,4,3,2,1,2,12,21,18,18,9,4
UCNnMG3dIo3i1DKemZbBHxPw,6,23,19,13,8,4,2,2,8,6,4,3,1,1
UCNPDXRCSXRwIvClj_84nnrA,1,5,9,9,10,5,3,1,7,12,12,14,8,4
UCNrRJm0gWx69f8Ybdnsi23A,4,23,22,14,8,4,2,1,7,7,4,2,1,0
UCnvc1ZvOsXhMBroQ6x-ZusQ,8,31,25,9,5,2,1,2,6,5,3,2,1,0
UCNVCg2T_62IC9y_rUG9kybw,1,5,8,7,10,8,7,1,6,9,8,12,10,8
UCo_-ny9SP5Pbz8KM1KKchbA,0,2,4,2,2,1,0,4,18,26,18,14,6,3
UCo57FhczCqNgjNs76KD6IaQ,4,16,14,14,11,6,3,2,8,7,7,5,2,1
UCo8FSxw0d6xch5zQLKIi3oA,2,12,17,15,12,6,3,1,6,8,7,6,3,2
UCo8VObLTS3Bw7MzAbFcs4Bg,8,28,20,12,8,4,2,2,6,4,3,2,1,0
UCOa93p-U3Y7KPWQQTpbK5CA,4,16,16,12,10,6,4,2,8,8,6,4,2,2
UCoeborhkd5ongXh9niFsjAQ,4,12,12,12,12,6,4,1,8,8,8,8,4,1
UCoETiYRIk70hTYezS8emvPg,4,15,14,14,12,4,2,2,8,8,8,6,2,1
UCoJ_56-OMSe_jrp42ClhODA,7,34,28,12,4,1,1,1,3,5,3,1,0,1
UCoQy2wS5aiKCk-rUXiLS-vQ,5,30,26,12,9,4,2,1,4,4,2,1,0,0
UCorr0bxvL6DqpZ0So7rbwEw,1,8,10,10,9,5,3,1,9,12,12,11,6,3
UCOUTV496bbzGQgdtnt2zSpQ,4,14,14,14,12,4,2,2,8,8,8,6,2,2
UCOXr057Ke81U9BNpsulJA5w,6,21,16,14,12,6,3,2,6,4,4,3,2,1
UCp0BvOoOfBAG8nrf50bvkig,2,10,13,9,8,5,3,2,10,13,9,8,5,3
UCp14T2tM7z5X4Bvur_fjDzg,2,12,14,10,8,3,1,2,12,14,10,8,3,1
UCP158G9qK4oXcIUXpQKQkDg,0,8,14,13,14,9,5,1,5,8,7,8,5,3
UCp3FqH9y9X2wqGelph2hk9A,8,36,25,8,4,1,1,1,4,4,3,3,2,0
UCp3XIT2EnONgZWi3M8bX52Q,2,8,10,10,8,4,2,2,10,13,13,10,5,3
UCP4ucrZlX4CDMe1PraXTQGg,4,17,19,17,14,7,3,1,4,4,4,3,2,1
UCP7GxxL0cyQQpT8maAPADug,3,12,15,15,14,8,4,1,5,6,6,6,3,2
UCpaSjYNPU3kgbw5vqTaWOHQ,4,31,31,11,6,2,1,1,5,5,2,1,0,0
UCPbFt0ir9Yrp5lCzm-Ei7rw,8,31,25,9,5,2,1,2,6,5,3,2,1,0
UCPcXdcw0VzWDVr5m_pU-whQ,4,18,17,13,8,4,2,2,10,9,6,4,2,1
UCPde4guD9yFBRzkxk2PatoA,4,16,17,13,11,4,2,2,8,8,6,5,2,1
UCPEKOGS6en4-72_cUM2BsxQ,2,12,14,9,7,4,2,2,12,14,9,7,4,2
UCpGU9tTr80MI5-7Ap5t4RWw,1,4,7,10,16,11,7,1,3,5,8,12,9,6
UCPSFvPtLbs2-Z_JF7odgO7A,4,25,26,12,8,4,2,1,6,6,3,2,1,0
UCpsoD7qlwKBum4f3N9hROSw,2,8,8,18,10,2,2,2,8,8,18,10,2,2
UCptyYDiGZ9hs1pH0AaoBTxA,0,5,8,7,6,4,2,2,10,16,15,13,8,4
UCPwGQuQiIqvUTfa_OKZL7qQ,1,6,10,7,6,3,1,2,13,19,14,11,5,2
UCPyjIf-hSFosF3wLSgGJ0_w,2,8,8,18,10,3,1,2,8,8,18,10,3,1
UCq07DGhr1yYWT4p2HNNiBAA,4,17,16,12,8,4,2,2,11,9,7,5,2,1
UCq0vFVjLM-xaqhjHoEA1o-g,2,12,16,16,16,9,4,1,4,5,5,5,3,2
UCQ208ny4iVFEoHOTvNKnx3g,6,21,16,14,12,6,3,2,6,4,4,3,2,1
UCQ54-AhRa3BpWV6HWfyCakA,2,8,12,12,10,4,2,2,8,12,12,10,4,2
UCQa6jpeA2MayKYW5EGS5bPQ,3,12,17,16,15,8,4,1,4,5,5,5,3,2
UCqaSfiTyF72tSdi5TZ-HHmg,2,12,14,9,8,4,1,2,12,14,9,8,4,1
UCQbwKBuZYLcvnflgudmkG7Q,1,6,9,13,16,9,6,1,4,6,8,10,7,4
UCQCfJGIkyOrqhgEfGG9rlGQ,4,17,16,14,9,4,2,2,9,8,7,5,2,1
UCqDGcQ-BB-ArbrJi3IvaKiA,2,8,10,12,12,5,1,2,8,10,12,12,5,1
UCQf_PWfqzeTA_WI3ynYlI9g,4,24,27,12,8,4,2,1,6,6,3,2,1,0
UCqGYAdCdW8iC6i_yHEQC7Hg,0,5,9,10,12,6,3,0,6,11,12,14,8,4
UCQH_4B7Q1FT8avR3DXjkaCw,1,6,8,8,10,9,8,1,6,8,8,10,9,8
UCQI1VgWKYgVfBUKTTjLz8Rg,4,16,16,12,10,6,3,2,8,8,6,5,3,1
UCqOq3Aq9pZbc_nXL3VvFgNQ,2,8,14,17,16,8,4,1,4,6,7,7,4,2
UCqq-ovGE01ErlXakPihhKDA,3,17,19,12,10,5,2,2,8,8,6,5,2,1
UCqrXAWRR8aDJdlA0B3fwDeg,2,9,13,17,16,8,4,1,4,5,8,7,4,2
UCQySkkhqAxcZGI7p1a8JelQ,1,6,9,11,14,10,8,1,4,6,8,10,7,5
UCr_QBNzvSm_a7mreIpTregw,4,31,26,8,5,1,1,2,8,7,4,3,2,0
UCR4UDVR6Pt4zxpTgG6wJ67A,2,14,20,15,16,10,7,0,3,4,3,3,2,1
UCR5qOF4XUgHTghfOUvxSMug,2,9,13,14,14,8,4,0,5,7,8,8,5,3
UCR8th9vv4cSnfoY-Gx5hnbA,8,31,22,10,6,2,1,2,7,5,3,2,1,0
UCr9dFkKR6sX8YJRXUTYIwqA,6,35,25,9,4,2,1,1,6,5,3,2,1,0
UCRamIU-v2CiERMLJvd3o51Q,2,11,13,8,6,3,2,2,13,15,11,8,4,2
UCRCVQH7dJJ4T6RKrJ0_z25Q,2,7,9,11,9,4,2,2,9,12,14,12,5,2
UCRf7Duoz-kvpB7yKBDJHCfg,3,12,20,16,14,8,4,1,4,6,5,4,2,1
UCrH2v3rz2B8cjn457Dzh_aQ,1,6,9,12,15,10,7,1,4,6,8,10,7,4
UCRiIf6rt91BVfZVtURRXlOw,8,35,24,10,6,3,2,1,4,4,2,1,0,0
UCRK1Ohk5k-iY_bOfkbagEWA,6,35,26,10,6,2,1,1,5,5,2,1,0,0
UCrlqF_4ePI1h02gKjIG0n2w,6,13,13,26,12,4,2,2,4,4,8,4,1,1
UCRnqEY8J6HZ25p4BhkeI2-w,4,20,23,16,12,6,3,1,4,4,3,2,1,1
UCrRhwzalK9blRdmwPemcCAw,4,25,23,12,7,2,1,1,9,8,4,3,1,1
UCrskXsFaIZYYhjMR73ypEWA,2,8,10,10,12,9,6,1,6,8,8,9,7,4
UCrvcbKWESDn3FkB3v2CUUow,2,6,8,12,14,6,2,2,6,8,12,14,6,2
UCRXFTDe14-elvteC4wb5-FQ,0,4,7,10,16,12,7,0,3,5,8,12,10,6
UCRXL4vnST2AE6UtjrYMv4tw,8,31,22,10,6,3,1,2,6,5,3,2,1,0
UCS2qgKMDhuKGPEIxGNwJfMA,2,10,14,9,6,3,1,2,12,16,11,8,4,2
UCS6GXGMTU9MeDI00PvjH7Rw,3,16,19,15,11,5,3,1,6,7,6,5,2,1
UCs94I0lv0pEO8slwn2dqR9Q,6,28,20,11,6,3,1,2,9,5,4,3,1,1
UCSctlSk_PHmvxTEigDW6YFQ,2,9,11,10,10,5,3,2,9,11,10,10,5,3
UCSGC87iX0QhnIfUOI_B_Rdg,1,6,8,8,9,7,5,1,7,11,10,11,10,6
UCSHbm2TrspNZ_p_yd39kMNg,0,6,11,11,12,7,3,0,6,11,11,12,7,3
UCSkaixM5p8mYuBIdy2J0ZHw,2,9,12,9,8,5,3,2,10,13,10,9,5,3
UCSkGWmFUiTszAa_N_AT2SFA,1,8,15,16,18,11,5,1,3,5,5,6,4,2
UCSmtnQY65emMoVvOV_jlXMw,2,8,7,7,5,2,1,4,17,14,15,11,5,2
UCSPjRLWDAyePXM37nujuw6A,8,31,25,9,5,2,1,2,6,5,3,2,1,0
UCSRbmJdBGJXtZBqi7lQRkpA,3,20,25,14,10,4,2,1,6,6,4,3,1,1
UCSRosOBUNQS6nFj9O8L1sFQ,0,5,8,9,9,4,2,2,8,12,14,15,8,4
UCsRVrAgxAPgBC3rXqd8TEdA,2,11,13,8,8,5,3,2,11,13,8,8,5,3
UCSxhYq6K0mxF24SmMGeNNQA,2,10,14,8,6,3,2,2,12,17,10,8,4,2
UCt-PHaH-sgTZRHDNC3ryQDg,2,12,17,15,12,6,3,1,6,8,7,6,3,2
UCT0hOMxD29g2B6BrK6QTIag,8,31,24,10,5,2,1,2,6,5,3,2,1,0
UCtEx1WbyWlku8JfbOwqaAnA,4,14,14,14,12,4,2,2,8,8,8,6,2,2
UCTg0cq8gWSbmepuO6Fsv5eQ,2,10,12,9,7,3,2,2,13,15,11,8,4,2
UCTmeu3zduIzeJVPE22XClsA,2,13,13,8,8,4,2,2,13,13,8,8,4,2
UCtPACma2rZI--zevey3fBtw,4,17,16,12,8,4,2,2,11,9,7,5,2,1
UCTQGAYPtbnCEfW9IGx65kiw,5,32,20,7,4,1,0,2,10,9,4,3,2,0
UCTqJ69kiphji6gI23VzZ1LA,2,12,16,15,14,8,4,0,5,7,6,6,3,2
UCU-sMKxICmoPVeQ82dPDC8g,1,5,8,6,5,3,2,2,12,19,14,12,7,4
UCU1qTK2t6vTy4jTODY9sXZA,2,11,14,10,9,5,4,1,10,13,9,6,4,2
UCU6csRRs2KQhazaYk_EGyew,2,11,11,9,7,4,2,2,13,13,10,8,5,3
UCuajy72PSiVFbLHUrZXW3OA,6,23,18,14,10,4,2,2,7,5,4,3,1,1
UCUaMxbBAPA78kwBXUWRnIAg,3,13,19,18,14,5,2,1,4,7,6,5,2,1
UCUEbMnl7U4rLoMopD2bqT3Q,2,13,14,7,7,3,2,3,14,14,8,7,4,2
UCUkg_Ioh9fOx9gs5nFDyyzw,5,21,19,13,9,4,2,2,8,7,5,3,1,1
UCUl7oLla0tJwYBboYdoqR9A,1,5,8,6,5,2,1,2,12,21,16,12,6,3
UCun4wV8czkKcdMn_NDX8MIQ,8,31,21,10,7,3,2,2,6,4,3,2,1,0
UCUrCIBJ3ScRAOLgPElscZqA,4,30,26,8,5,1,1,2,8,8,3,3,2,0
UCUrWYHonurjeIMjzX7GKQsg,3,17,19,15,12,6,3,1,6,6,5,4,2,1
UCUUi4BERYA-Dh57ME2KRHfQ,2,8,13,17,15,8,4,1,4,6,8,7,4,3
UCuUuExDFAwfJiTmAR7m1ryw,1,3,6,10,17,17,13,0,1,3,5,9,8,7
UCUygRfanuNoV88Z6gpmNkqg,1,4,6,5,4,2,1,2,12,20,16,15,8,4
UCv1YGbD_UQ366S1o7Pfo5SA,1,3,5,5,4,2,1,2,12,19,18,16,8,4
UCv6nXR8A-wSidnF6H-2wQYg,4,20,23,14,10,5,2,1,6,6,4,3,1,1
UCvCM7u00Ez4u44NViSwFqtA,2,11,13,9,6,3,1,2,13,15,11,8,4,2
UCve5yy_PGR1SLO55ZA7AXVA,4,16,16,12,10,6,3,2,8,8,6,5,3,1
UCvGvf3Lk0Z5reU544g_SzPg,2,8,10,9,7,4,2,2,10,15,13,10,5,3
UCVh2gNkWpwjGlAhgIGvTapw,4,12,12,12,12,6,4,1,8,8,8,8,4,1
UCVi4J5y_uvl-t2wFE7Oz7lg,4,16,16,14,11,5,3,2,8,8,6,5,2,0
UCVIHivjInQ-sExgk5sTMAsA,3,12,17,16,15,8,4,1,4,5,5,5,3,2
UCVpqsiOml0_4Hy8nYuitiqw,4,20,22,16,12,6,3,1,4,4,3,3,1,1
UCVtb8J07WB991Pe5Rtbazew,2,8,12,16,22,11,5,0,3,4,5,7,4,1
UCVtFjLfVPGP6vXaepiFU-jw,4,17,14,14,11,5,3,2,8,7,7,5,2,1
UCvU6eoquqOQr7xLnqV7e6ZA,1,4,6,5,4,2,1,2,12,20,16,15,8,4
UCvVkgv0OejonauODCBts8qw,3,12,18,18,18,9,4,1,3,4,4,4,2,0
UCVVOwBAebvAeQC6Np6xoFFg,1,6,9,9,9,5,3,1,8,13,13,12,7,4
UCvzHPR5DVIb0IXQrqgk_2yA,4,20,25,15,9,4,2,1,5,6,4,3,1,1
UCw-kXdzxMdMdLNI0ZlFFbmA,8,24,16,6,6,2,1,2,9,8,5,8,4,0
UCW3TCP1GmoC-uE-9v1YFhGQ,4,22,24,14,9,4,2,1,6,6,4,3,1,0
UCW3wjGikqYrmQxZGxpmaFow,3,15,15,10,7,4,2,2,12,12,8,6,3,1
UCW67yGQxNNMnLqRHyaTjygA,3,7,19,27,18,4,4,1,1,3,9,5,0,0
UCW93TxguFksJh7K4gZL6UqA,4,21,16,10,7,3,2,2,12,10,6,4,2,1
UCWB-C3v8R-n-iDDLNOaiB0w,2,8,15,17,18,8,4,1,3,5,6,7,4,2
UCwcoBhnVg9YkS9Y8FfK_ddg,2,11,13,8,6,3,2,2,13,15,11,8,4,2
UCWDIhv3XRTBdnAFEjNoTQXw,8,38,26,9,5,2,1,1,4,3,2,1,0,0
UCweOkPb1wVVH0Q0Tlj4a5Pw,2,12,15,13,13,7,4,1,6,7,7,6,4,2
UCWg69oOYxf11EXXob0n7Zdw,1,6,8,14,14,6,1,1,6,8,14,14,6,1
UCwgtORdDtUKhpjE1VBv6XfA,5,26,22,13,10,4,2,1,6,5,3,2,1,0
UCWIzeu2KLuXaOrPwn-0_U6g,12,39,18,8,3,1,1,2,7,5,3,1,0,0
UCWmdRNmwKZGd5a9SCB8fvbQ,3,12,21,16,14,7,4,1,4,6,5,4,2,1
UCWMDwiersn1EhrXa5MPNQJg,1,3,5,6,6,3,1,2,9,16,19,17,8,4
UCwoBAXrW9dbSy3Yyg4n1Qvw,2,8,13,13,13,8,5,1,5,8,8,8,5,3
UCWTOQatW8G1HZtp1FfmlTdQ,6,31,24,12,8,4,2,1,5,4,2,1,0,0
UCWvq7kZL_IGI7Dd1J7vSnqw,1,6,10,8,7,3,1,2,10,17,14,12,6,3
UCWwgaK7x0_FR1goeSRazfsQ,2,7,8,6,4,2,1,4,17,18,15,10,4,2
UCWXBhD5SfoyJ3SUShTLz3WA,2,8,7,5,4,1,1,5,20,18,14,10,3,2
UCwyR-5gp7NCd-2DwLtdCtcw,6,25,20,12,8,3,2,2,8,6,4,3,1,0
UCwZFBiznMA4tCBv33jomTRA,2,8,13,18,16,8,4,1,4,5,8,7,4,2
UCX6OQ3DkcsbYNE6H8uQQuVA,2,8,6,7,4,1,1,6,20,16,16,9,3,2
UCXA47kuIAEN7vtruuuOgmlg,1,5,9,10,13,11,9,1,3,6,7,10,9,7
UCxA9k7UJz50ZJPa5aUGf7fw,4,31,30,10,5,2,1,1,6,6,3,1,0,0
UCxCHbZ327amWXRM3HKpb7Wg,1,4,6,6,9,5,2,2,8,12,12,18,10,5
UCxcZKNgyiVTjY6_LeeGwm4g,4,14,14,14,12,4,2,2,8,8,8,6,2,2
UCXGC5XO3hdwpapNsXLZoxtQ,4,16,16,12,10,6,4,2,8,8,6,4,2,2
UCXGzA4TjbsMQ9JK-SunYL4Q,8,35,26,10,6,2,1,1,4,4,2,1,0,0
UCxLMdPS1-XYFY6gKancf8Nw,2,8,12,16,20,10,5,1,3,4,6,7,4,2
UCxMPF9-9T3aNoGVkRpCxx3w,4,31,24,12,8,3,2,1,6,4,2,2,1,0
UCxQFCdMag6smOQVAObGBIgA,5,30,27,12,8,4,2,1,4,4,2,1,0,0
UCXql5C57vS4ogUt6CPEWWHA,1,2,4,4,3,2,1,1,10,16,17,21,12,6
UCXuzhVKNO9ZLm1q7edeipIw,4,32,27,10,5,2,1,1,5,7,4,1,0,0
UCxZzHb26tS9hrwBLHC7KR7g,2,9,12,14,14,9,5,0,5,6,8,8,5,3
UCy18c84nUgiIBmlROdoAkbA,2,12,14,9,7,4,2,2,12,14,9,7,4,2
UCYGMSEkgVFtmSHXgOOmuXXw,6,21,18,14,11,5,3,2,6,5,4,3,1,1
UCyGz6H8IAcbc4K9yVqtG2xw,3,12,17,19,15,7,3,1,4,5,6,5,2,1
UCYIxlZxTQvixNihWV31-fqA,5,25,24,12,8,3,2,1,6,6,4,3,1,0
UCYJlyU_Lf33eqp6KWYONTGg,7,31,24,8,4,1,1,1,5,9,5,3,2,0
UCYP86KLMy1QM5CTf_LI3Lvw,0,5,7,8,9,5,2,2,8,12,14,16,8,4
UCYPLiC4RE8iDRP7GwKnrLQA,2,8,10,8,6,3,2,2,12,17,12,10,5,3
UCYQ6j5Yf8f6O1mUsvPkm3Bg,1,4,7,9,14,12,9,1,3,5,7,11,10,7
UCYRkq7GwQm0ezrhFJOZPO9Q,2,6,5,4,3,0,0,7,24,20,15,10,3,1
UCyrv1MORdi7FLQOmzodKk4w,0,5,8,8,8,4,2,2,9,14,14,14,8,4
UCyrZMA9jPsKTvRhXFbPJ6Lg,1,6,9,9,12,10,7,1,5,8,8,10,8,6
UCyS8qRQ-qZLmgSsvWlVntyA,4,20,23,15,12,6,3,1,4,4,3,3,1,1
UCYsv-IHC-B-DiVMmJuqibcg,5,35,25,9,4,2,1,1,6,6,3,2,1,0
UCYXPam0D7D-cC0SzA1uaYfA,0,4,7,10,16,12,8,0,2,5,8,12,10,6
UCZ-B_El841ME7qGXvYinGmw,2,8,7,5,4,1,1,5,20,18,14,10,3,2
UCz4ia1i7DYpJiLyqK6d2Pug,2,12,18,16,13,7,3,1,5,7,6,5,3,2
UCz8gf4PK1Qth50lLHdvTCcA,3,13,12,17,9,2,2,3,10,8,12,6,2,1
UCZ8UEZsKAkXds_Y16NSJQBg,2,12,17,15,12,6,3,1,6,8,7,6,3,2
UCz8X5F5Zp18WS7vdW0jwVIA,3,23,24,10,7,2,1,1,10,10,4,3,1,0
UCzB4SMiJegcyFlnFvosUVcg,4,22,25,14,11,5,3,1,4,5,3,2,1,0
UCzgrJGDFqjYLQpSYdHNfQGw,4,18,18,16,11,4,3,2,6,6,6,4,2,1
UCZiaiLINmqx9Q1aFPtG6Flw,2,7,10,20,14,6,3,1,4,6,12,9,4,2
UCZic6YO_UK232ucGyhLszgA,3,13,13,14,10,5,3,2,8,8,9,7,3,2
UCzjCoCi2g2_kWhQusUOYF5w,2,12,14,10,7,3,2,2,12,14,10,7,3,2
UCznL5L7iTgTaqSBS5yF6g7w,8,24,20,12,8,4,2,2,6,5,4,3,1,1
UCzoQzoOfHQCCouHbjrDEvPQ,1,7,10,7,6,3,2,2,12,17,12,11,6,4
UCzRP7XaR_VgagQ1OV0xLOHA,1,5,8,7,6,3,2,2,10,17,15,13,7,4
UCzsa6G23UA7EzsZJWiucwBw,5,25,25,13,9,4,2,1,5,5,3,2,1,0
UCZYI3t48hF93J_vvIfGTkrw,1,6,9,9,8,4,2,2,9,15,14,12,6,3
UCzznO4xSV8BKnUBPyswtCUw,1,6,9,9,8,4,2,2,9,15,14,12,6,3
