brand_logo_id,brand_name_kr,brand_name_en,brand_videos,avg_views,one_month,topic,related_brands
18,라보에이치,"Labo H",212,109422,2,"뷰티 & 메이크업",NULL
30,올리브영,Oliveyoung,141,594668,NULL,"뷰티 & 메이크업","딜라이트 프로젝트,  탄탄"
32,셀리맥스,Celimax,472,210377,9,"뷰티 & 메이크업","시카지우개패드,  노니앰플,  레티날샷"
46,달바,Dalba,1407,87586,9,"뷰티 & 메이크업",비거너리
63,이니스프리,Innisfree,842,55560,13,"뷰티 & 메이크업",그린펫클럽
65,라끄시안,라끄시안,4,921214,NULL,"뷰티 & 메이크업",NULL
75,스킨푸드,"Skin Food",435,163306,1,"뷰티 & 메이크업",당근패드
76,마녀공장,ma:nyo,464,114423,1,"뷰티 & 메이크업","아워비건,  비피다"
79,에스트라,AESTURA,401,106878,36,"뷰티 & 메이크업",에이시카
80,라네즈,LANEIGE,498,91921,20,"뷰티 & 메이크업",NULL
81,에뛰드,"Etude House",636,75544,94,"뷰티 & 메이크업",뷰티즌
83,데이지크,dasique,239,74990,NULL,"뷰티 & 메이크업",NULL
84,클리오,CLIO,567,95762,1,"뷰티 & 메이크업",트윙클팝
95,바이탈뷰티,VitalBeautie,540,48176,24,"뷰티 & 메이크업","메타그린, 슈퍼콜라겐, 아모레퍼시픽바이탈뷰티, 슈퍼레티놀"
98,바이오힐보,"bio heal boh",505,37562,7,"뷰티 & 메이크업",NULL
100,닥터지,Dr.G,326,128893,2,"뷰티 & 메이크업",랩잇포어
102,스킨앤랩,skin&lab,88,66011,5,"뷰티 & 메이크업",NULL
103,웨이크메이크,wakemake,379,88440,2,"뷰티 & 메이크업",NULL
104,구달,goodal,400,108062,1,"뷰티 & 메이크업",NULL
106,미쟝센,mise-en-scène,151,201224,1,"뷰티 & 메이크업","MISEENSCENE, 이너플렉스"
107,메디힐,mediheal,1062,86743,44,"뷰티 & 메이크업",NULL
108,힐링버드,"healing bird",140,123637,1,"뷰티 & 메이크업",NULL
109,라운드랩,"round lab",305,98040,11,"뷰티 & 메이크업",NULL
112,LG생활건강,LG생활건강,321,103164,5,"뷰티 & 메이크업","유시몰, 홈스타,  펫패밀리,  리치 치약,  피지 세제,  46cm, 리엔"
115,닥터포헤어,Dr.ForHair,182,143961,8,"뷰티 & 메이크업",폴리젠
116,토리든,Torriden,318,80174,5,"뷰티 & 메이크업",NULL
117,에스쁘아,espoir,291,162127,4,"뷰티 & 메이크업",NULL
118,수이스킨,suiskin,24,102912,NULL,"뷰티 & 메이크업",NULL
119,설화수,Sulwhasoo,136,138676,4,"뷰티 & 메이크업",NULL
120,하킷,hakit,17,172195,NULL,"뷰티 & 메이크업",NULL
125,아모레퍼시픽,Amorepacific,195,109030,6,"뷰티 & 메이크업",구딸파리
130,밀크터치,"Milk Touch",66,111523,5,"뷰티 & 메이크업",NULL
133,라보페,Labope,35,90600,NULL,"뷰티 & 메이크업",NULL
142,비레디,"Be Ready",224,172520,12,"뷰티 & 메이크업",NULL
145,랑콤,Lancome,37,212235,1,"뷰티 & 메이크업",NULL
151,루나,Luna,131,59456,1,"뷰티 & 메이크업",투에딧
152,가히,kahi,81,213481,1,"뷰티 & 메이크업",NULL
161,바르다,브랜드네임정확성확인,4,500038,NULL,"뷰티 & 메이크업",NULL
162,파파레서피,paparecipe,37,134931,NULL,"뷰티 & 메이크업",NULL
168,비플레인,Beplain,452,46893,17,"뷰티 & 메이크업",NULL
173,더바디샵,"The Body Shop",28,50850,NULL,"뷰티 & 메이크업",NULL
180,마이오마이,"Mai Ohw Mai",37,522891,NULL,"뷰티 & 메이크업",NULL
184,비알머드,brmud,29,225015,NULL,"뷰티 & 메이크업",NULL
187,줄라이미,Julyme,12,279924,NULL,"뷰티 & 메이크업",NULL
190,키엘,Kiehl's,163,257101,2,"뷰티 & 메이크업",NULL
196,와이티디,y.td,4,316482,NULL,"뷰티 & 메이크업",NULL
225,다슈,Dashu,82,59901,NULL,"뷰티 & 메이크업",NULL
228,도브,Dove,56,164224,NULL,"뷰티 & 메이크업",베이비도브
237,얼루어,Allure,272,5718,NULL,"뷰티 & 메이크업",NULL
238,잇츠스킨,"It's skin",211,48506,NULL,"뷰티 & 메이크업",NULL
239,페리페라,Peripera,362,137083,7,"뷰티 & 메이크업",심플레인
240,벤튼,Benton,105,58721,1,"뷰티 & 메이크업",NULL
246,필리밀리,Fillimilli,146,96210,6,"뷰티 & 메이크업",NULL
254,AHC,AHC,202,103159,1,"뷰티 & 메이크업",NULL
255,샬롯틸버리,"Charlotte Tilbury",24,63391,NULL,"뷰티 & 메이크업",NULL
258,컬러그램,Colorgram,126,93869,NULL,"뷰티 & 메이크업",NULL
260,이자녹스,Isaknox,45,59823,2,"뷰티 & 메이크업",NULL
271,더마토리,Dermatory,343,108953,9,"뷰티 & 메이크업",NULL
276,바슈롬,Bauschlomb,9,48637,NULL,"뷰티 & 메이크업",NULL
278,딘토,Dinto,67,71396,1,"뷰티 & 메이크업",NULL
283,썸블라썸,Someblossom,9,347460,NULL,"뷰티 & 메이크업",NULL
287,오늘습관,"Daily Habit",7,60704,NULL,"뷰티 & 메이크업",NULL
293,키스미,Kissme,25,86538,NULL,"뷰티 & 메이크업",히로인메이크
299,포레오,Foreo,113,188230,NULL,"뷰티 & 메이크업",NULL
301,베르뷔,Verrvui,3,2110,NULL,"뷰티 & 메이크업",NULL
302,트리셀,Treecell,36,103004,NULL,"뷰티 & 메이크업",NULL
314,바닐라코,"Banila co.",350,67250,18,"뷰티 & 메이크업",클린잇제로
318,플란투어21,Plantur21,5,534239,NULL,"뷰티 & 메이크업",NULL
320,성분에디터,"Sungboon Editor",152,71143,5,"뷰티 & 메이크업",그린토마토
321,아비브,Abib,605,85779,22,"뷰티 & 메이크업",NULL
322,랩코스,Labcos,9,26109,NULL,"뷰티 & 메이크업",NULL
323,씨지스킨,"Sigi Skin",5,611963,NULL,"뷰티 & 메이크업",NULL
328,퓌,Fwee,275,105121,1,"뷰티 & 메이크업",NULL
333,라씨엘르,Lassie'el,10,68329,NULL,"뷰티 & 메이크업",NULL
341,트리폴라,"Tri Pollar",16,6866,5,"뷰티 & 메이크업",NULL
342,투쿨포스쿨,"Too Cool For School",233,37976,19,"뷰티 & 메이크업",TAG
345,산타마리아노벨라,"Santa Maria Nobella",4,71536,NULL,"뷰티 & 메이크업",NULL
346,츠바키,Tsubaki,28,83747,NULL,"뷰티 & 메이크업",NULL
348,메이크프렘,"Make Prem",388,24296,1,"뷰티 & 메이크업",NULL
352,닥터올가,Dr.Orga,14,103810,NULL,"뷰티 & 메이크업",NULL
353,VDL,VDL,94,59245,3,"뷰티 & 메이크업","VDL, 브이디엘"
354,씨케이디게런티드,"CKD gueranteed",85,46042,6,"뷰티 & 메이크업","락토덤, 종근당건강, 지엘핏"
371,편강율,"Pyunkang Yul",52,25397,NULL,"뷰티 & 메이크업",NULL
385,까탈릭,Catalic,4,27264,NULL,"뷰티 & 메이크업",NULL
422,데코르테,Decorte,7,116119,NULL,"뷰티 & 메이크업",NULL
447,노베브,Nobev,26,90311,NULL,"뷰티 & 메이크업",NULL
460,씨스터앤,"Sister Ann",26,44768,1,"뷰티 & 메이크업",NULL
461,리얼베리어,"Real Barrier",143,64591,1,"뷰티 & 메이크업",NULL
474,한국콜마,Kolmar,6,310968,NULL,"뷰티 & 메이크업",NULL
476,제이멜라,Jmella,5,23496,NULL,"뷰티 & 메이크업",NULL
480,프록터앤겜블,P&G,20,309460,NULL,"뷰티 & 메이크업",NULL
482,김정문알로에,"Kimjungmoon Aloes",76,168259,1,"뷰티 & 메이크업",NULL
489,리쥬란코스메틱,Rejuran,139,167133,2,"뷰티 & 메이크업","리쥬더마, 리쥬리프"
495,베가모어,Vegamour,2,40714,NULL,"뷰티 & 메이크업",NULL
497,에이지투웨니스,AGE20'S,109,58573,5,"뷰티 & 메이크업",NULL
568,어나더스케줄,"Another Schedule",2,901886,NULL,"뷰티 & 메이크업",NULL
579,딕셔니스트,Dixionist,26,20141,NULL,"뷰티 & 메이크업",NULL
587,보니앤제이,"Bonny & J",10,2309,NULL,"뷰티 & 메이크업",NULL
591,오호라,Ohora,7,255948,NULL,"뷰티 & 메이크업",NULL
627,오킵스,O'Keeffe's,53,3990,NULL,"뷰티 & 메이크업",NULL
630,더프트앤도프트,"Duft & Dofts",13,181499,NULL,"뷰티 & 메이크업",NULL
631,클라뷰,Klavuu,28,154317,1,"뷰티 & 메이크업",NULL
633,리브러쉬,Rebrush,17,260027,NULL,"뷰티 & 메이크업",NULL
649,알페신,Alpecin,16,274438,NULL,"뷰티 & 메이크업",NULL
654,바나다왁싱,"Vanada Waxing",2,1165646,NULL,"뷰티 & 메이크업",NULL
675,보나파이드,BONAFIDE,1,4255,NULL,"뷰티 & 메이크업",NULL
690,스와니코코,SWANICOCO,4,9143,NULL,"뷰티 & 메이크업",NULL
692,톤핏선,"TONE fit SUN",16,234686,NULL,"뷰티 & 메이크업",NULL
694,쿤달,KUNDAL,85,82806,NULL,"뷰티 & 메이크업",NULL
703,아이스트,I.st,34,45610,3,"뷰티 & 메이크업",NULL
745,라이트오가닉스,"Liht Organics",1,863283,NULL,"뷰티 & 메이크업",NULL
746,네케르,Neker,12,54539,NULL,"뷰티 & 메이크업",NULL
751,해피바스,"HAPPY BATH",83,84106,2,"뷰티 & 메이크업",NULL
753,조성아뷰티,"CHOSUNGAH BEAUTY",30,139069,NULL,"뷰티 & 메이크업",NULL
761,코에티카,ETIQA,2,391896,NULL,"뷰티 & 메이크업",NULL
773,시스올로지,sisology,2,30435,NULL,"뷰티 & 메이크업",NULL
789,메리몽드,"Merry monde",15,33399,NULL,"뷰티 & 메이크업",NULL
791,아르마니뷰티,"ARMANI beauty",64,138826,1,"뷰티 & 메이크업",NULL
792,더파라,"the farrah",1,1001742,NULL,"뷰티 & 메이크업",NULL
793,이보ICL,"EVO ICL",1,658827,NULL,"뷰티 & 메이크업",NULL
794,샤플,SHAPL,2,1046,NULL,"뷰티 & 메이크업",NULL
805,헤이네이처,Heynature,116,37099,NULL,"뷰티 & 메이크업",NULL
822,루톤,Rooton,26,140439,NULL,"뷰티 & 메이크업",NULL
836,릴리바이레드,Lilybyred,155,103930,11,"뷰티 & 메이크업",NULL
842,이지마인드,Easymind,5,454,NULL,"뷰티 & 메이크업",NULL
860,참존,Charmzone,7,608177,NULL,"뷰티 & 메이크업",NULL
874,duh,Duh,1,664668,NULL,"뷰티 & 메이크업",NULL
877,슈어베이스,Surebase,2,27856,NULL,"뷰티 & 메이크업",NULL
900,듀이트리,Dewytree,114,79513,5,"뷰티 & 메이크업",NULL
902,벨먼,Veilment,1,22000,1,"뷰티 & 메이크업",NULL
914,메디필,Medipeel,315,48766,NULL,"뷰티 & 메이크업",NULL
915,셀퓨전씨,"Cell Fusion C",155,67118,3,"뷰티 & 메이크업",더마블록
937,쉬글램,Sheglam,4,5050,NULL,"뷰티 & 메이크업",NULL
938,3CE,3CE,134,49422,1,"뷰티 & 메이크업",NULL
945,클라렌,Clalen,2,1033064,NULL,"뷰티 & 메이크업",NULL
948,마담글램,"Madam Glam",10,431106,1,"뷰티 & 메이크업",NULL
959,이즈앤트리,ISNTREE,314,91727,3,"뷰티 & 메이크업","어니언 겔크림"
978,어뮤즈,Amuse,283,51101,9,"뷰티 & 메이크업",NULL
3101,라타플랑,rataplan,19,359641,NULL,"뷰티 & 메이크업",NULL
3112,모레모,Moremo,63,171569,NULL,"뷰티 & 메이크업",NULL
3125,센카,Senka,60,188653,1,"뷰티 & 메이크업",NULL
3173,랑벨,NULL,19,43209,NULL,"뷰티 & 메이크업",NULL
3174,토니모리,Tonymoly,646,27160,NULL,"뷰티 & 메이크업",본셉
3183,낫씨백,NULL,3,9214,NULL,"뷰티 & 메이크업",NULL
3185,겔랑,NULL,27,70545,NULL,"뷰티 & 메이크업",NULL
3188,아이디얼포맨,NULL,40,317208,4,"뷰티 & 메이크업",NULL
3190,바이애콤,"BY ECOM",82,28875,NULL,"뷰티 & 메이크업",NULL
3193,더랩바이블랑두,"The LAB by blanc doux",98,128877,1,"뷰티 & 메이크업",NULL
3195,로임스킨,LoimSkin,7,16512,NULL,"뷰티 & 메이크업",NULL
3201,카사업,"CAXA UP",2,29238,NULL,"뷰티 & 메이크업",NULL
3202,하다라보,Hadalabo,21,59613,NULL,"뷰티 & 메이크업",NULL
3204,시세이도,Shiseido,34,60277,1,"뷰티 & 메이크업","얼티뮨,  서브리믹,  시세이도프로페셔널"
3211,에스티로더,"Estee Lauder",46,104129,14,"뷰티 & 메이크업",NULL
3214,바나브,VANAV,69,9377,NULL,"뷰티 & 메이크업",NULL
3215,어노브,UNOVE,80,76175,1,"뷰티 & 메이크업",NULL
3219,코리아나(앰플엔),Coreana,179,54066,16,"뷰티 & 메이크업","앰플엔, 프리엔제"
3220,브이앤에이,V&A,46,62343,1,"뷰티 & 메이크업",NULL
3221,PH연구소,NULL,1,136610,NULL,"뷰티 & 메이크업",NULL
3330,매스티나,Mastina,21,29822,NULL,"뷰티 & 메이크업",NULL
3333,허스텔러,Hersteller,42,70238,NULL,"뷰티 & 메이크업",NULL
3334,피브,Feev,49,42136,5,"뷰티 & 메이크업",NULL
3339,쏘내추럴,Sonatural,94,89600,5,"뷰티 & 메이크업",NULL
3341,피지오겔,Physiogel,104,159229,10,"뷰티 & 메이크업",NULL
3342,이엘티코스메틱,"ELT cosmetics",7,85819,NULL,"뷰티 & 메이크업",NULL
3343,클라리케,KLALYKKE,14,7476,NULL,"뷰티 & 메이크업",NULL
3347,휴캄,HUECALM,5,25857,NULL,"뷰티 & 메이크업",NULL
3355,화해,Hwahae,64,10203,NULL,"뷰티 & 메이크업",
3357,한율,HANYUL,483,104460,36,"뷰티 & 메이크업",달빛유자
3358,일소,ilso,183,90411,4,"뷰티 & 메이크업",NULL
3359,인터미션,NULL,8,58776,NULL,"뷰티 & 메이크업",NULL
3360,니베아,NIVEA,175,52721,3,"뷰티 & 메이크업",NULL
3361,브링그린,"Bring Green",166,145984,4,"뷰티 & 메이크업",NULL
3363,더마팩토리,NULL,55,8943,1,"뷰티 & 메이크업",NULL
3364,닥터방기원,"DR BANGGIWON",23,4251,NULL,"뷰티 & 메이크업",NULL
3365,알리,Allie,49,46010,2,"뷰티 & 메이크업",NULL
3367,슬밋,Seulmit,24,9841,NULL,"뷰티 & 메이크업",NULL
3368,몬티라,NULL,2,8932,NULL,"뷰티 & 메이크업",NULL
3383,코스알엑스,COSRX,290,68321,3,"뷰티 & 메이크업",NULL
3384,아이오페,IOPE,279,52739,11,"뷰티 & 메이크업",NULL
3705,차앤박,CNP,122,155790,1,"뷰티 & 메이크업","차앤박,  더마앤서"
3709,그라펜,Grafen,42,144320,2,"뷰티 & 메이크업",NULL
3710,빌리프,Belif,151,49471,4,"뷰티 & 메이크업",NULL
3711,수페,Soofe'e,11,55829,NULL,"뷰티 & 메이크업",NULL
3714,라로슈포제,"LA ROCHE-POSAY",126,342189,10,"뷰티 & 메이크업",NULL
3719,온호프,Onhope,15,125603,NULL,"뷰티 & 메이크업",NULL
3721,탬버린즈,TAMBURINS,21,237267,NULL,"뷰티 & 메이크업",NULL
3725,몰디브태닝,"Maldives tanning",8,125104,NULL,"뷰티 & 메이크업",NULL
3729,유리아쥬,URIAGE,48,45197,4,"뷰티 & 메이크업",NULL
3733,파티온,FATION,125,44946,NULL,"뷰티 & 메이크업",NULL
3734,삐아,BBIA,132,65251,2,"뷰티 & 메이크업",NULL
3735,어바웃미,"About Me",25,87941,NULL,"뷰티 & 메이크업",NULL
3750,비알티씨,BRTC,53,13896,NULL,"뷰티 & 메이크업",NULL
3752,스콧해미쉬,"Scott Hamish",9,196196,NULL,"뷰티 & 메이크업",NULL
3760,반채영박스,NULL,2,25310,NULL,"뷰티 & 메이크업",NULL
3762,오디드,odiD,37,82320,1,"뷰티 & 메이크업",NULL
3766,넘버즈인,Numbuzin,406,67596,4,"뷰티 & 메이크업",NULL
3773,브라운,Braun,73,208292,3,"뷰티 & 메이크업",NULL
3777,커스텀미,Custom.Me,19,29384,NULL,"뷰티 & 메이크업",NULL
3783,타입넘버,"TYPE No.",89,91301,NULL,"뷰티 & 메이크업",NULL
3787,웰라쥬,Wellage,160,84312,1,"뷰티 & 메이크업",NULL
3788,디어도어,"dear doer",27,79740,NULL,"뷰티 & 메이크업",NULL
3792,아임미미,"I'M MEME",46,19968,NULL,"뷰티 & 메이크업",NULL
3798,조보이,JOVOY,7,75612,NULL,"뷰티 & 메이크업",NULL
3808,렌시스,Lenssis,46,25827,4,"뷰티 & 메이크업",NULL
3809,CJ웰케어,"CJ Wellcare",122,139924,9,"뷰티 & 메이크업","CJ이너비,  한뿌리,  닥터뉴트리,  바이오코어,  멜라메이트"
3810,피카소브러쉬,"PICCASSO BRUSH",23,40656,NULL,"뷰티 & 메이크업",NULL
3821,디어러스,Drus,2,71392,NULL,"뷰티 & 메이크업",NULL
3835,JM솔루션,JMsolution,25,9324,NULL,"뷰티 & 메이크업",NULL
3839,유세린,Eucerin,128,24951,NULL,"뷰티 & 메이크업",NULL
3841,네쉬,Nesh,4,58724,NULL,"뷰티 & 메이크업",NULL
3843,오울루,NULL,6,173325,NULL,"뷰티 & 메이크업",NULL
3849,니들리,Needly,48,33973,1,"뷰티 & 메이크업",NULL
3853,손토페,SONTOPE,1,205152,NULL,"뷰티 & 메이크업",NULL
3857,아이트인,EYE2IN,2,922,NULL,"뷰티 & 메이크업",NULL
3858,디디스픽,NULL,1,66401,NULL,"뷰티 & 메이크업",NULL
3859,닥터자르트,Dr.Jart,92,119307,7,"뷰티 & 메이크업","워터젤리 글로우"
3860,에스투엔디,S2ND,28,495753,NULL,"뷰티 & 메이크업",NULL
3879,아도르,Lador,144,33314,NULL,"뷰티 & 메이크업",NULL
3881,메디픽미,Medipickme,6,1256,NULL,"뷰티 & 메이크업",NULL
3887,애경,AEKYUNG,28,150617,NULL,"뷰티 & 메이크업","리큐 제트,  에프플로우"
3904,리바이포유,"Rbfy ",2,708,NULL,"뷰티 & 메이크업",NULL
3928,히든태그,HiddenTag,NULL,NULL,NULL,"뷰티 & 메이크업",NULL
3944,디어달리아,"DEAR DAHLIA",51,54926,2,"뷰티 & 메이크업",NULL
3957,토소웅,TOSOWOONG,NULL,NULL,NULL,"뷰티 & 메이크업",NULL
3966,컴포트랩,COMFORTLAB,35,145711,1,"뷰티 & 메이크업",NULL
3974,셀리턴,CELLRETURN,12,156185,NULL,"뷰티 & 메이크업",NULL
3983,달리프,Daleaf,98,32471,NULL,"뷰티 & 메이크업",NULL
3984,스킨핏프로그램,"Skinfit Program",1,294,NULL,"뷰티 & 메이크업",NULL
3988,코스노리,Cosnori,389,36620,1,"뷰티 & 메이크업",NULL
3989,멜릭서,Melixir,28,19347,NULL,"뷰티 & 메이크업",NULL
3992,멘톨로지,menthology,4,3438,NULL,"뷰티 & 메이크업",NULL
3994,힌스,hince,141,77001,2,"뷰티 & 메이크업",NULL
3998,지베르니,GIVERNY,132,57119,2,"뷰티 & 메이크업",NULL
4001,아임프롬,"I'm from",212,70285,5,"뷰티 & 메이크업",NULL
4002,메디큐브,Medicube,497,65887,32,"뷰티 & 메이크업",NULL
4003,얼라이브랩,ALIVE:LAB,79,144808,NULL,"뷰티 & 메이크업",센텔라
4007,아이엠샴푸,"I AM SHAMPOO",5,283616,NULL,"뷰티 & 메이크업",NULL
4009,샤이샤이샤이,Shaishaishai,97,19505,1,"뷰티 & 메이크업",NULL
4010,밀크바오밥,"Milk Baobab",54,23548,2,"뷰티 & 메이크업",NULL
4012,렌즈미,Lensme,52,24807,NULL,"뷰티 & 메이크업",NULL
4021,더블유랩,W.lab,2,177605,NULL,"뷰티 & 메이크업",NULL
4025,한우리위그,"Hanwoori wig",2,80382,NULL,"뷰티 & 메이크업",NULL
4028,헤라,HERA,193,100332,2,"뷰티 & 메이크업",NULL
4031,스틸라,Stila,48,90902,NULL,"뷰티 & 메이크업",NULL
4036,궁중비책,Goongbe,5,193194,NULL,"뷰티 & 메이크업",NULL
4046,95프라블럼,95problem,26,174298,1,"뷰티 & 메이크업",발란스핏
4056,바이오더마,Bioderma,187,93525,7,"뷰티 & 메이크업",아토덤
4060,아비노베이비,"Aveeno Baby",9,269503,1,"뷰티 & 메이크업",NULL
4062,마이스킨솔루스,"My Skin Solus",12,90371,NULL,"뷰티 & 메이크업",NULL
4068,비더살롱,"Be The Salon",5,30378,NULL,"뷰티 & 메이크업",NULL
4073,룰429,"Rule 429",2,117215,NULL,"뷰티 & 메이크업",NULL
4075,쿠모브러쉬,"Kumo Brush",1,151266,NULL,"뷰티 & 메이크업",NULL
4097,키네프,Kineff,10,71706,NULL,"뷰티 & 메이크업",NULL
4099,블랙루즈,Blackrouge,61,27745,NULL,"뷰티 & 메이크업",NULL
4102,플로디카,Plodica,3,19596,NULL,"뷰티 & 메이크업",NULL
4106,록시땅,L'occitane,72,107343,NULL,"뷰티 & 메이크업",NULL
4112,파넬,Parnell,188,36276,1,"뷰티 & 메이크업",NULL
4114,라라츄,Lalachuu,22,83635,NULL,"뷰티 & 메이크업",NULL
4302,롬앤,rom&nd,185,104563,18,"뷰티 & 메이크업",NULL
4304,마몽드,Mamonde,263,116252,8,"뷰티 & 메이크업",로즈리퀴드마스크
4308,보다나,Vodana,77,57425,NULL,"뷰티 & 메이크업",NULL
4309,비오템,Biotherm,25,167962,1,"뷰티 & 메이크업",NULL
4311,닥터엘시아,Dr.althea,120,144264,2,"뷰티 & 메이크업",디어에이
4312,샵사이다,"Shop Cider",38,127639,1,"뷰티 & 메이크업",NULL
4320,닥터디퍼런트,Dr.different,89,18274,NULL,"뷰티 & 메이크업",NULL
4325,메디앤서,mediAnswer,67,49174,NULL,"뷰티 & 메이크업",NULL
4327,스팀베이스,"Steam Base",74,148624,NULL,"뷰티 & 메이크업",NULL
4331,에이블랙,A.Black,13,106895,NULL,"뷰티 & 메이크업",NULL
4334,체이싱래빗,"Chasin Rabbits",47,95111,2,"뷰티 & 메이크업",아이쓰바
4335,코우브,Kouve,5,66740,NULL,"뷰티 & 메이크업",NULL
4336,키노닉스,Keenoniks,14,35820,NULL,"뷰티 & 메이크업",NULL
4337,페이스팩토리,"Face Factory",34,124053,1,"뷰티 & 메이크업",NULL
4339,프리메라,Primera,166,114146,7,"뷰티 & 메이크업",NULL
4340,하트퍼센트,"Heart Percent",72,55248,6,"뷰티 & 메이크업",NULL
4344,그로우어스,Growus,82,63524,1,"뷰티 & 메이크업",NULL
4346,네이밍,"Naming Cosmetic",240,89696,5,"뷰티 & 메이크업",NULL
4351,롱테이크,Longtake,45,188561,NULL,"뷰티 & 메이크업",NULL
4356,무지개맨션,"Muzigae Mansion",77,65380,7,"뷰티 & 메이크업",NULL
4362,시모먼트,Shimoment,53,24545,NULL,"뷰티 & 메이크업",NULL
4363,아멜리,Ameli,38,30575,NULL,"뷰티 & 메이크업",NULL
4364,아워글래스,Hourglass,22,35234,NULL,"뷰티 & 메이크업",NULL
4365,아크네스,Acnes,39,27551,1,"뷰티 & 메이크업",NULL
4369,에르쯔틴,Arztin,48,205905,NULL,"뷰티 & 메이크업",NULL
4370,에이딕트,Addict,45,36682,NULL,"뷰티 & 메이크업",NULL
4374,워너랩,"Wanna Lab",5,62465,NULL,"뷰티 & 메이크업",NULL
4381,홀리카홀리카,"Holika Holika",47,48038,NULL,"뷰티 & 메이크업",NULL
4386,아모스프로페셔널,"Amos professional",41,16870,NULL,"뷰티 & 메이크업",NULL
4387,아크웰,Acwell,31,37695,NULL,"뷰티 & 메이크업",NULL
4389,자빈드서울,Javindeseoul,42,138416,1,"뷰티 & 메이크업",NULL
4392,나인위시스,9wishes,112,90307,1,"뷰티 & 메이크업",NULL
4400,싸이닉,Scinic,11,28012,NULL,"뷰티 & 메이크업",NULL
4401,에크멀,Equmal,7,112508,NULL,"뷰티 & 메이크업",NULL
4404,입큰,IPKN,38,44045,NULL,"뷰티 & 메이크업",NULL
4405,제니하우스,Jennyhouse,12,267600,NULL,"뷰티 & 메이크업",NULL
4406,퍼셀,Purcell,84,55763,5,"뷰티 & 메이크업",NULL
4407,피에이치하비,PhHubby,5,12916,NULL,"뷰티 & 메이크업",NULL
4426,정든남녀,NULL,NULL,NULL,NULL,"뷰티 & 메이크업",NULL
4436,조말론,"Jo Malone London",24,139298,NULL,"뷰티 & 메이크업",NULL
4438,리뷰를부탁해,NULL,NULL,NULL,NULL,"뷰티 & 메이크업",NULL
4459,질레트코리아,"Gillette Korea",37,1034736,8,"뷰티 & 메이크업",NULL
4470,멀츠코리아,"Merz Aesthetics Korea",2,34500,NULL,"뷰티 & 메이크업",레디어스
4493,다비치안경,"DAVICH OPTICAL",9,602443,NULL,"뷰티 & 메이크업",NULL
4500,글린트,Glint,28,67274,NULL,"뷰티 & 메이크업",NULL
4507,네오젠,NEOGEN,47,51173,1,"뷰티 & 메이크업",NULL
4514,더메디닥터,"The Medi Dr.",1,66288,NULL,"뷰티 & 메이크업",NULL
4517,동인비,Donginbi,3,27538,NULL,"뷰티 & 메이크업",NULL
4519,라운드어라운드,ROUNDAROUND,69,42951,NULL,"뷰티 & 메이크업",NULL
4520,러븀,Luvum,133,34537,2,"뷰티 & 메이크업",NULL
4521,로레알파리,"L'Oréal Paris",62,51051,1,"뷰티 & 메이크업",NULL
4527,르셀르,"Le Celle",9,67351,NULL,"뷰티 & 메이크업",NULL
4530,리즈다,Lizda,21,4841,NULL,"뷰티 & 메이크업",NULL
4536,미샤,Missha,125,114697,NULL,"뷰티 & 메이크업",NULL
4537,믹순,Mixsoon,138,53606,4,"뷰티 & 메이크업",NULL
4538,바디판타지,"Body Fantasies",7,192780,1,"뷰티 & 메이크업",NULL
4545,베이지크,BEIGIC,20,172832,NULL,"뷰티 & 메이크업",NULL
4547,보나쥬르,Bonajour,15,38069,NULL,"뷰티 & 메이크업",NULL
4552,비건이펙트,Veganifect,45,27933,NULL,"뷰티 & 메이크업",NULL
4562,샹테카이,CHANTECAILLE,89,25974,NULL,"뷰티 & 메이크업",NULL
4567,위뷰티,Webeauty,2,7004,NULL,"뷰티 & 메이크업",NULL
4579,로게인폼,Rogaine,1,395838,NULL,"뷰티 & 메이크업",NULL
4580,우르오스,Ulos,19,194611,3,"뷰티 & 메이크업",NULL
4583,천수애진,NULL,1,173,NULL,"뷰티 & 메이크업",NULL
4598,델리블리,NULL,NULL,NULL,NULL,"뷰티 & 메이크업",NULL
4608,반코르,Vancor,41,296021,1,"뷰티 & 메이크업","리리힐,  바쿠치올,  아세로라,  맥주효모샴푸,  비피다,  아크네바하, 다쿠이새치샴푸"
4619,애프터블로우,"After blow",61,49386,NULL,"뷰티 & 메이크업",NULL
18736,SkinCeuticals,NULL,NULL,NULL,NULL,"뷰티 & 메이크업",NULL
18784,"NYX Professional Makeup",NULL,NULL,NULL,NULL,"뷰티 & 메이크업",NULL
18859,"No7 USA",NULL,NULL,NULL,NULL,"뷰티 & 메이크업",NULL
18884,"Gisada Switzerland",NULL,NULL,NULL,NULL,"뷰티 & 메이크업",NULL
18927,"Schick Hydro Silk",NULL,NULL,NULL,NULL,"뷰티 & 메이크업",NULL
18991,"CeraVe Skincare",NULL,NULL,NULL,NULL,"뷰티 & 메이크업",NULL
18995,ドモホルンリンクル【公式】,NULL,NULL,NULL,NULL,"뷰티 & 메이크업",NULL
19001,Schwarzkopf,NULL,NULL,NULL,NULL,"뷰티 & 메이크업",NULL
19007,"LANCÔME | ランコム",NULL,NULL,NULL,NULL,"뷰티 & 메이크업",NULL
19011,"Paula's Choice Skincare",NULL,NULL,NULL,NULL,"뷰티 & 메이크업",NULL
19016,"L'Oréal Paris USA",NULL,NULL,NULL,NULL,"뷰티 & 메이크업",NULL
19037,MimiTV,NULL,NULL,NULL,NULL,"뷰티 & 메이크업",NULL
19044,"スーパーミリオンヘアー RUAN",NULL,NULL,NULL,NULL,"뷰티 & 메이크업",NULL
19048,"パンテーン公式 / PANTENE Japan Official",NULL,NULL,NULL,NULL,"뷰티 & 메이크업",NULL
19055,"Carol's Daughter",NULL,NULL,NULL,NULL,"뷰티 & 메이크업",NULL
19089,VaselineUS,NULL,NULL,NULL,NULL,"뷰티 & 메이크업",NULL
19109,"Hugo Boss Fragrances - Coty",NULL,NULL,NULL,NULL,"뷰티 & 메이크업",NULL
19111,조마드,JOMAD,20,66179,NULL,"뷰티 & 메이크업",NULL
19119,Vichy,NULL,NULL,NULL,NULL,"뷰티 & 메이크업",NULL
19148,"Optic 2000",NULL,NULL,NULL,NULL,"뷰티 & 메이크업",NULL
19162,Native,NULL,NULL,NULL,NULL,"뷰티 & 메이크업",NULL
19175,justformen,NULL,NULL,NULL,NULL,"뷰티 & 메이크업",NULL
19179,Miravia,NULL,NULL,NULL,NULL,"뷰티 & 메이크업",NULL
19210,나스,"NARS Cosmetics",19,65802,3,"뷰티 & 메이크업",NARS
19253,EucerinUS,NULL,NULL,NULL,NULL,"뷰티 & 메이크업",NULL
19257,PENATEN®,NULL,NULL,NULL,NULL,"뷰티 & 메이크업",NULL
19321,"Reusable Self adhesive Natural Looking Eyelashes",NULL,NULL,NULL,NULL,"뷰티 & 메이크업",NULL
19327,Billie,NULL,NULL,NULL,NULL,"뷰티 & 메이크업",NULL
19381,コスメヲタちゃんねるサラ,NULL,NULL,NULL,NULL,"뷰티 & 메이크업",NULL
19398,"EVERY MAN JACK",NULL,NULL,NULL,NULL,"뷰티 & 메이크업",NULL
19409,ultabeauty,NULL,NULL,NULL,NULL,"뷰티 & 메이크업",NULL
19431,ドクターシーラボ公式,NULL,NULL,NULL,NULL,"뷰티 & 메이크업",NULL
19474,"KOREA GAB",NULL,NULL,NULL,NULL,"뷰티 & 메이크업",NULL
19494,어반디케이,Urbandecay,17,130363,NULL,"뷰티 & 메이크업",NULL
19501,e'lifexir,NULL,NULL,NULL,NULL,"뷰티 & 메이크업",NULL
19560,"동아제약 파티온",NULL,1,152808,NULL,"뷰티 & 메이크업",NULL
19582,"NIVEA España",NULL,NULL,NULL,NULL,"뷰티 & 메이크업",NULL
19626,"PYD Perfumes y Diseño",NULL,NULL,NULL,NULL,"뷰티 & 메이크업",NULL
19657,NIVEAMENUSA,NULL,NULL,NULL,NULL,"뷰티 & 메이크업",NULL
19662,"Miss Sophie",NULL,NULL,NULL,NULL,"뷰티 & 메이크업",NULL
19716,NipandFab,NULL,NULL,NULL,NULL,"뷰티 & 메이크업",NULL
19717,"Duke Cannon Supply Co.",NULL,NULL,NULL,NULL,"뷰티 & 메이크업",NULL
19749,"Whish Beauty",NULL,NULL,NULL,NULL,"뷰티 & 메이크업",NULL
19761,더옙TV,NULL,NULL,NULL,NULL,"뷰티 & 메이크업",NULL
19812,"Suavecito Pomade",NULL,NULL,NULL,NULL,"뷰티 & 메이크업",NULL
19819,스칼프메드,Scalpmed,6,445606,NULL,"뷰티 & 메이크업",NULL
19878,"Armani beauty",NULL,NULL,NULL,NULL,"뷰티 & 메이크업",NULL
19890,"The Perfume Shop",NULL,NULL,NULL,NULL,"뷰티 & 메이크업",NULL
19891,더블유비스킨,NULL,NULL,NULL,NULL,"뷰티 & 메이크업",NULL
19901,"여자를 위한 꿀팁",NULL,NULL,NULL,NULL,"뷰티 & 메이크업",NULL
19940,"Lenor 公式YouTubeチャンネル",NULL,NULL,NULL,NULL,"뷰티 & 메이크업",NULL
19975,メディプラス公式YouTubeチャンネル,NULL,NULL,NULL,NULL,"뷰티 & 메이크업",NULL
19987,"International Hairgoods",NULL,NULL,NULL,NULL,"뷰티 & 메이크업",NULL
20007,"Global Extend",NULL,NULL,NULL,NULL,"뷰티 & 메이크업",NULL
20025,"Dr Pierre Ricaud",NULL,NULL,NULL,NULL,"뷰티 & 메이크업",NULL
20033,"Plantur 39 Deutschland",NULL,NULL,NULL,NULL,"뷰티 & 메이크업",NULL
20047,마르시끄,"Marshique official",28,170601,2,"뷰티 & 메이크업",NULL
20072,하아르,H'ar,12,12388,NULL,"뷰티 & 메이크업",NULL
20076,"資生堂 Shiseido Co., Ltd.",NULL,NULL,NULL,NULL,"뷰티 & 메이크업",NULL
20106,アデランスTV,NULL,NULL,NULL,NULL,"뷰티 & 메이크업",NULL
20108,Uergo_P,Uergo_P,NULL,NULL,NULL,"뷰티 & 메이크업",NULL
20109,"Pink Gellac",NULL,NULL,NULL,NULL,"뷰티 & 메이크업",NULL
20121,仰天美容情報,NULL,NULL,NULL,NULL,"뷰티 & 메이크업",NULL
20177,"Dr. Squatch",NULL,NULL,NULL,NULL,"뷰티 & 메이크업",NULL
20209,LUX_JP_Official,NULL,NULL,NULL,NULL,"뷰티 & 메이크업",NULL
20211,"Skylum France",NULL,NULL,NULL,NULL,"뷰티 & 메이크업",NULL
20234,Guerlain,NULL,NULL,NULL,NULL,"뷰티 & 메이크업",NULL
20239,"e.l.f. Cosmetics_P","e.l.f. Cosmetics_P",NULL,NULL,NULL,"뷰티 & 메이크업",NULL
20269,コスパがいいねch_P,コスパがいいねch_P,NULL,NULL,NULL,"뷰티 & 메이크업",NULL
20272,綺麗仙人,NULL,NULL,NULL,NULL,"뷰티 & 메이크업",NULL
20295,리뷰가필요해,NULL,NULL,NULL,NULL,"뷰티 & 메이크업",NULL
20297,하예지세요,NULL,NULL,NULL,NULL,"뷰티 & 메이크업",NULL
20298,Zenoti,NULL,NULL,NULL,NULL,"뷰티 & 메이크업",NULL
20303,"라미트 TV",NULL,NULL,NULL,NULL,"뷰티 & 메이크업",NULL
20310,"Groupe Arthes",NULL,NULL,NULL,NULL,"뷰티 & 메이크업",NULL
20357,"【公式】品川美容外科 / 品川スキンクリニック",NULL,NULL,NULL,NULL,"뷰티 & 메이크업",NULL
20392,피부구조대,NULL,NULL,NULL,NULL,"뷰티 & 메이크업",NULL
20425,lyckrea-,NULL,NULL,NULL,NULL,"뷰티 & 메이크업",NULL
20434,강추템모음집,NULL,NULL,NULL,NULL,"뷰티 & 메이크업",NULL
20435,"SK-II Japan",NULL,NULL,NULL,NULL,"뷰티 & 메이크업",NULL
20446,거울보니꽃인줄,NULL,NULL,NULL,NULL,"뷰티 & 메이크업",NULL
20453,"Jule Vida",NULL,NULL,NULL,NULL,"뷰티 & 메이크업",NULL
20454,"eos Products",NULL,NULL,NULL,NULL,"뷰티 & 메이크업",NULL
20455,"Laboratoire de l'Abbé Soury ",NULL,NULL,NULL,NULL,"뷰티 & 메이크업",NULL
20460,DROAS,NULL,NULL,NULL,NULL,"뷰티 & 메이크업",NULL
20463,Cheonsooyun천수윤,NULL,NULL,NULL,NULL,"뷰티 & 메이크업",NULL
20487,Chain,NULL,NULL,NULL,NULL,"뷰티 & 메이크업",NULL
20509,"Burt's Bees",NULL,NULL,NULL,NULL,"뷰티 & 메이크업",NULL
20533,公式ヴァセリン,NULL,NULL,NULL,NULL,"뷰티 & 메이크업",NULL
20537,KaoJapan,NULL,NULL,NULL,NULL,"뷰티 & 메이크업",NULL
20548,"Braun _JP",NULL,NULL,NULL,NULL,"뷰티 & 메이크업",NULL
20573,"Charlotte Tilbury Beauty",NULL,NULL,NULL,NULL,"뷰티 & 메이크업",NULL
20582,"Batiste España",NULL,NULL,NULL,NULL,"뷰티 & 메이크업",NULL
20593,"Videos Professionalbeauty",NULL,NULL,NULL,NULL,"뷰티 & 메이크업",NULL
20597,아비노코리아,Aveeno,35,123433,2,"뷰티 & 메이크업",
20612,메이크업포에버,"MAKE UP FOR EVER",41,177258,NULL,"뷰티 & 메이크업",NULL
20619,"Dove JPダヴ",NULL,NULL,NULL,NULL,"뷰티 & 메이크업",NULL
20629,eyecityChannel,NULL,NULL,NULL,NULL,"뷰티 & 메이크업",NULL
20670,"NYX Professional Makeup Germany",NULL,NULL,NULL,NULL,"뷰티 & 메이크업",NULL
20687,SpoiledChild™,NULL,NULL,NULL,NULL,"뷰티 & 메이크업",NULL
20702,sugardayshen_P,NULL,NULL,NULL,NULL,"뷰티 & 메이크업",NULL
20703,sugardayshen_S,NULL,NULL,NULL,NULL,"뷰티 & 메이크업",NULL
27165,interparfums,interparfums,NULL,NULL,NULL,"뷰티 & 메이크업",NULL
27173,LaRochePosayUSA,LaRochePosayUSA,NULL,NULL,NULL,"뷰티 & 메이크업",NULL
27193,"Lume Deodorant","Lume Deodorant",NULL,NULL,NULL,"뷰티 & 메이크업",NULL
27232,Lashify,Lashify,NULL,NULL,NULL,"뷰티 & 메이크업",NULL
27233,"Elizabeth Arden","Elizabeth Arden",NULL,NULL,NULL,"뷰티 & 메이크업",NULL
27236,美肌チャンネル,美肌チャンネル,NULL,NULL,NULL,"뷰티 & 메이크업",NULL
27246,"TSUBAKI （ツバキ）公式チャンネル","TSUBAKI （ツバキ）公式チャンネル",NULL,NULL,NULL,"뷰티 & 메이크업",NULL
27248,바이오오일,"Bio-Oil USA",25,17416,NULL,"뷰티 & 메이크업",NULL
27254,ポーラ公式チャンネル（POLA）,ポーラ公式チャンネル（POLA）,NULL,NULL,NULL,"뷰티 & 메이크업",NULL
27257,Palmer's,Palmer's,NULL,NULL,NULL,"뷰티 & 메이크업",NULL
27258,SENKA,SENKA,NULL,NULL,NULL,"뷰티 & 메이크업",NULL
27289,"ZO Skin Health","ZO Skin Health",NULL,NULL,NULL,"뷰티 & 메이크업",NULL
27303,Curology,Curology,NULL,NULL,NULL,"뷰티 & 메이크업",NULL
27311,デジャヴュ公式,デジャヴュ公式,NULL,NULL,NULL,"뷰티 & 메이크업",NULL
27321,"CLASSYS Inc.","CLASSYS Inc.",NULL,NULL,NULL,"뷰티 & 메이크업",NULL
27339,"Perricone MD","Perricone MD",NULL,NULL,NULL,"뷰티 & 메이크업",NULL
27347,GarnierUSA,GarnierUSA,NULL,NULL,NULL,"뷰티 & 메이크업",NULL
27354,"Clarins US","Clarins US",NULL,NULL,NULL,"뷰티 & 메이크업",NULL
27369,TRESemmé,TRESemmé,NULL,NULL,NULL,"뷰티 & 메이크업",NULL
27377,Clairol,Clairol,NULL,NULL,NULL,"뷰티 & 메이크업",NULL
27445,Rael,Rael,NULL,NULL,NULL,"뷰티 & 메이크업",NULL
27455,"Clarins UK","Clarins UK",NULL,NULL,NULL,"뷰티 & 메이크업",NULL
27500,"Atkins Nutritionals","Atkins Nutritionals",NULL,NULL,NULL,"뷰티 & 메이크업",NULL
27571,꿀팁모음,꿀팁모음,NULL,NULL,NULL,"뷰티 & 메이크업",NULL
27574,AnastasiaBeverlyHills,AnastasiaBeverlyHills,NULL,NULL,NULL,"뷰티 & 메이크업",NULL
27602,Y박스,Y박스,NULL,NULL,NULL,"뷰티 & 메이크업",NULL
27624,"Rituals Cosmetics Global","Rituals Cosmetics Global",NULL,NULL,NULL,"뷰티 & 메이크업",NULL
27646,"Sisley Paris","Sisley Paris",NULL,NULL,NULL,"뷰티 & 메이크업",NULL
27662,"에피티크 히알루론산 필러","에피티크 히알루론산 필러",2,239526,NULL,"뷰티 & 메이크업",NULL
27694,"Clé de Peau Beauté Japan","Clé de Peau Beauté Japan",NULL,NULL,NULL,"뷰티 & 메이크업",NULL
27751,"BOHO LOCS","BOHO LOCS",NULL,NULL,NULL,"뷰티 & 메이크업",NULL
27797,"Clinique UK","Clinique UK",NULL,NULL,NULL,"뷰티 & 메이크업",NULL
27892,"Pierre Fabre Dermo-Kosmetik","Pierre Fabre Dermo-Kosmetik",NULL,NULL,NULL,"뷰티 & 메이크업",NULL
27965,"REFORM Skincare","REFORM Skincare",NULL,NULL,NULL,"뷰티 & 메이크업",NULL
27972,artdeco_cosmetics,artdeco_cosmetics,NULL,NULL,NULL,"뷰티 & 메이크업",NULL
27974,포뷰트,포뷰트,59,95192,NULL,"뷰티 & 메이크업",NULL
28006,"Medicube Global Beauty","Medicube Global Beauty",NULL,NULL,NULL,"뷰티 & 메이크업",NULL
28075,"우리성형외과 WOORI beauty TV ","우리성형외과 WOORI beauty TV ",NULL,NULL,NULL,"뷰티 & 메이크업",NULL
28126,"M K","M K",NULL,NULL,NULL,"뷰티 & 메이크업",NULL
28134,"Jergens Skincare","Jergens Skincare",NULL,NULL,NULL,"뷰티 & 메이크업",NULL
28143,"Best Life Tips","Best Life Tips",NULL,NULL,NULL,"뷰티 & 메이크업",NULL
28153,큐리케어,CURICARE,4,32110,NULL,"뷰티 & 메이크업",NULL
28210,KOSECOSMEPORT,KOSECOSMEPORT,NULL,NULL,NULL,"뷰티 & 메이크업",NULL
28223,got2b,got2b,NULL,NULL,NULL,"뷰티 & 메이크업",NULL
28230,"My Capil - The Ultimate Hair Blog","My Capil - The Ultimate Hair Blog",NULL,NULL,NULL,"뷰티 & 메이크업",NULL
28234,"Natural Beauty Slimming","Natural Beauty Slimming",NULL,NULL,NULL,"뷰티 & 메이크업",NULL
28249,Neutrogena,Neutrogena,NULL,NULL,NULL,"뷰티 & 메이크업",NULL
28264,Dial,Dial,NULL,NULL,NULL,"뷰티 & 메이크업",NULL
28268,COVERGIRL,COVERGIRL,NULL,NULL,NULL,"뷰티 & 메이크업",NULL
28276,"ラロッシュポゼ LA ROCHE-POSAY JP 公式","ラロッシュポゼ LA ROCHE-POSAY JP 公式",NULL,NULL,NULL,"뷰티 & 메이크업",NULL
28292,"Estee Lauder","Estee Lauder",NULL,NULL,NULL,"뷰티 & 메이크업",NULL
28296,아이소이,isoi,300,80485,10,"뷰티 & 메이크업",NULL
28310,"Rimmel London España","Rimmel London España",NULL,NULL,NULL,"뷰티 & 메이크업",NULL
28350,"e.l.f. Cosmetics_S","e.l.f. Cosmetics_S",NULL,NULL,NULL,"뷰티 & 메이크업",NULL
28354,에센허브,essenHERB,116,45000,1,"뷰티 & 메이크업",티트리
28359,라이아,Riah,13,177358,NULL,"뷰티 & 메이크업",NULL
28360,뷰,VU,35,36502,NULL,"뷰티 & 메이크업",NULL
28361,엔프라니,ENPRANI,11,15121,NULL,"뷰티 & 메이크업",NULL
28364,유즈,Yuge,12,51763,NULL,"뷰티 & 메이크업",NULL
28381,이든미네랄,"IDUN Minerals Korea",14,12250,NULL,"뷰티 & 메이크업",NULL
28382,프레시안,Freshian,31,35232,NULL,"뷰티 & 메이크업",NULL
28389,허블룸,HERBLOOM,52,46776,1,"뷰티 & 메이크업",NULL
28391,"니옥신 코리아","Nioxin korea",5,1480552,NULL,"뷰티 & 메이크업",NULL
28466,"Paco Rabanne","Paco Rabanne",NULL,NULL,NULL,"뷰티 & 메이크업",NULL
28467,"Synoshi Spin Power Scrubber","Synoshi Spin Power Scrubber",NULL,NULL,NULL,"뷰티 & 메이크업",NULL
28478,"Perris Monte Carlo","Perris Monte Carlo",NULL,NULL,NULL,"뷰티 & 메이크업",NULL
28527,"Livin24 - Style Inspiration für Ihr Interieur!","Livin24 - Style Inspiration für Ihr Interieur!",NULL,NULL,NULL,"뷰티 & 메이크업",NULL
28578,KLAFS,KLAFS,NULL,NULL,NULL,"뷰티 & 메이크업",NULL
28580,"SOL by Jergens","SOL by Jergens",NULL,NULL,NULL,"뷰티 & 메이크업",NULL
28586,SallyHansenTV,SallyHansenTV,NULL,NULL,NULL,"뷰티 & 메이크업",NULL
28595,테이지,Tage,10,20632,1,"뷰티 & 메이크업",NULL
28596,"메이블린뉴욕 코리아","MaybellineNY Korea",47,131441,NULL,"뷰티 & 메이크업",핏미
28597,핑크에이지,PINKAGE,5,10096,NULL,"뷰티 & 메이크업",NULL
28598,블랑네이처,"Blanc Nature's",63,81677,10,"뷰티 & 메이크업",NULL
28599,하이모,Hi-MO,2,65401,NULL,"뷰티 & 메이크업","하이모 레이디"
28601,SW19,SW19,8,76779,NULL,"뷰티 & 메이크업",NULL
28602,인셀덤,INCELLDERM,1,0,NULL,"뷰티 & 메이크업",NULL
28820,"Xeomin Aesthetic","Xeomin Aesthetic",NULL,NULL,NULL,"뷰티 & 메이크업",NULL
28850,SchickJapan,SchickJapan,NULL,NULL,NULL,"뷰티 & 메이크업",NULL
28856,"Lancôme France","Lancôme France",NULL,NULL,NULL,"뷰티 & 메이크업",NULL
28880,VitaMoment,VitaMoment,NULL,NULL,NULL,"뷰티 & 메이크업",NULL
28932,Pickedshop_P,Pickedshop_P,NULL,NULL,NULL,"뷰티 & 메이크업",NULL
28957,"Voduz Hair","Voduz Hair",NULL,NULL,NULL,"뷰티 & 메이크업",NULL
28990,FollicleRevival,FollicleRevival,NULL,NULL,NULL,"뷰티 & 메이크업",NULL
29005,"Sulwhasoo US","Sulwhasoo US",NULL,NULL,NULL,"뷰티 & 메이크업",NULL
29020,에르보리앙,"erborian Korea",44,31768,NULL,"뷰티 & 메이크업",NULL
29021,로우퀘스트,RAWQUEST,53,113823,NULL,"뷰티 & 메이크업",NULL
29022,비디비치,VIDIVICI,74,50085,4,"뷰티 & 메이크업",NULL
29023,끌라삐엘,Clapiel,2,2352,NULL,"뷰티 & 메이크업",NULL
29024,"몰튼 브라운","Molton Brown",10,24107,NULL,"뷰티 & 메이크업",NULL
29025,키핀터치,"Keep In Touch",15,58872,NULL,"뷰티 & 메이크업",NULL
29026,탱글엔젤,"Tangle ANGEL Korea",18,309325,1,"뷰티 & 메이크업",NULL
29678,피캄,PCALM,98,48950,5,"뷰티 & 메이크업",NULL
29679,비원츠,"Be Wants",24,154794,NULL,"뷰티 & 메이크업",NULL
31090,셀라딕스,Celladix,82,29758,12,"뷰티 & 메이크업",NULL
31112,コスパがいいねch_S,コスパがいいねch_S,NULL,NULL,NULL,"뷰티 & 메이크업",NULL
31124,더샘,"The SAEM",515,25562,NULL,"뷰티 & 메이크업",NULL
31125,데이퍼센트,NULL,5,35831,NULL,"뷰티 & 메이크업",NULL
31126,디에이브,"THE AVVE",10,617664,NULL,"뷰티 & 메이크업",NULL
31127,라뷔게르,"La Vigueur",4,1022504,NULL,"뷰티 & 메이크업",NULL
31129,문샷,"Moonshot cosmetics",14,17055,NULL,"뷰티 & 메이크업",NULL
31134,토코보,TOCOBO,384,18612,NULL,"뷰티 & 메이크업",NULL
31137,올마이띵스,"ALL MY THINGS",3,66160,NULL,"뷰티 & 메이크업",NULL
31145,하파크리스틴,"Hapa Kristin",59,53002,NULL,"뷰티 & 메이크업",NULL
31149,피몽쉐,Phymongshe,14,56418,NULL,"뷰티 & 메이크업",NULL
31153,디어아리아,"Dear Aria",1,17663,NULL,"뷰티 & 메이크업",NULL
31154,디어클레어스,"Dear, Klairs",120,25446,23,"뷰티 & 메이크업",클레어스
31159,로벡틴,ROVECTIN,32,72396,NULL,"뷰티 & 메이크업",NULL
31161,라임유,LIMEYOU,1,418148,NULL,"뷰티 & 메이크업",NULL
32760,씨퓨리,Seapuri,14,62755,NULL,"뷰티 & 메이크업",NULL
32873,"아베다 코리아","Aveda Korea",9,60630,NULL,"뷰티 & 메이크업",NULL
32936,코스메쉐프,COSMECHEF,15,28035,1,"뷰티 & 메이크업",NULL
33161,부쉐론,Boucheron,7,16234,NULL,"뷰티 & 메이크업",NULL
33203,옵세로,Opsero,17,15602,NULL,"뷰티 & 메이크업",NULL
33209,뽀아레,POIRET,11,39081,NULL,"뷰티 & 메이크업",NULL
33212,스킨유,"SKIN U",106,82096,2,"뷰티 & 메이크업",NULL
33217,비페스타,Bifesta,15,4414,NULL,"뷰티 & 메이크업",NULL
33218,라비르,Lavir,7,166,NULL,"뷰티 & 메이크업",NULL
33220,아로마티카,Aromatica,68,439991,2,"뷰티 & 메이크업",NULL
33222,몰바니,Molvany,49,132101,NULL,"뷰티 & 메이크업",NULL
33225,에이바자르,Avajar,7,12168,NULL,"뷰티 & 메이크업",NULL
33226,델라루즈,DELALUZ,12,3241,NULL,"뷰티 & 메이크업",NULL
33228,이너마벨,Innermarvell,4,365,NULL,"뷰티 & 메이크업",NULL
33230,숌,SHHOM,16,12911,NULL,"뷰티 & 메이크업",NULL
33232,얼터너티브스테레오,Alternativestereo,45,48110,3,"뷰티 & 메이크업",NULL
33246,포밤,POBAM,2,192708,NULL,"뷰티 & 메이크업",NULL
33252,Yesstyle,Yesstyle,25,40781,1,"뷰티 & 메이크업",NULL
33265,오휘,"O HUI",43,32119,NULL,"뷰티 & 메이크업",NULL
33268,테르스,Ters,6,15188,NULL,"뷰티 & 메이크업",NULL
33273,TS샴푸,"TS Shampoo",13,36265,NULL,"뷰티 & 메이크업",NULL
33276,심플리오,simplyO,7,26428,NULL,"뷰티 & 메이크업",NULL
33279,비비드로우,Vividraw,17,30846,NULL,"뷰티 & 메이크업",NULL
33431,퓨리카뮤신,퓨리카뮤신™,21,183372,NULL,"뷰티 & 메이크업",올더뮤
33567,레브론,REVLON,2,8224,NULL,"뷰티 & 메이크업",NULL
33629,베리홉,VARI:HOPE,8,12617,NULL,"뷰티 & 메이크업",NULL
33653,"뷰티연구소 LAB","뷰티연구소 LAB",NULL,NULL,NULL,"뷰티 & 메이크업",NULL
33761,하프문,Halfmoon,NULL,NULL,NULL,"뷰티 & 메이크업",NULL
33896,라우쉬,"rausch korea",29,29581,NULL,"뷰티 & 메이크업",NULL
34069,티파니앤코,"Tiffany & Co.",13,145784,NULL,"뷰티 & 메이크업",NULL
34081,닥터그루트,Dr.Groot,85,61975,4,"뷰티 & 메이크업",NULL
34084,메모파리,"Memo Paris",5,116659,NULL,"뷰티 & 메이크업",NULL
34097,더쎄라,"Thesera Korea",7,1410,NULL,"뷰티 & 메이크업",NULL
34103,에프다이어리,F'DIARY,2,68634,NULL,"뷰티 & 메이크업",NULL
34107,에필로우,Efilow,13,27361,NULL,"뷰티 & 메이크업",NULL
34108,구찌뷰티,"GUCCI Beauty",34,73978,1,"뷰티 & 메이크업",NULL
34118,아이레놀,ILenol,55,132729,2,"뷰티 & 메이크업",NULL
34142,웰라,Wella,2,1089192,NULL,"뷰티 & 메이크업",NULL
34159,VT,"VT cosmetics",356,62558,7,"뷰티 & 메이크업","브이티 코스메틱, VT코스메틱"
34167,아몬즈,Amondz,3,9416,NULL,"뷰티 & 메이크업",NULL
34190,더말로지카,Dermalogica,16,35947,1,"뷰티 & 메이크업",NULL
34194,려,Ryo-hair,212,50744,1,"뷰티 & 메이크업",루트젠
34195,프라나롬,Pranarom,2,65384,NULL,"뷰티 & 메이크업",NULL
34199,엘비비,LBB,28,10718,NULL,"뷰티 & 메이크업",NULL
34201,하멜,Hamel,8,19436,NULL,"뷰티 & 메이크업",NULL
34213,써니콘,Sunnicorn,15,64628,NULL,"뷰티 & 메이크업",NULL
34215,보탄비,NULL,1,48597,NULL,"뷰티 & 메이크업",NULL
34914,마스카컴퍼니,마스카컴퍼니,NULL,NULL,NULL,"뷰티 & 메이크업",NULL
35053,홈쎄라,HOMETHERA,20,16109,NULL,"뷰티 & 메이크업",홈쎄라
35089,젠틀리,젠틀리,NULL,NULL,NULL,"뷰티 & 메이크업",NULL
35212,세타필,Cetaphil,15,146553,NULL,"뷰티 & 메이크업",NULL
35215,위시트렌드,Wishtrend,6,25962,NULL,"뷰티 & 메이크업",NULL
35226,에고우트,Ego.ut,4,89355,NULL,"뷰티 & 메이크업",NULL
35227,바이오던스,Biodance,214,130737,15,"뷰티 & 메이크업",NULL
35230,씨드비,Seedbee,19,322773,NULL,"뷰티 & 메이크업",물염색
35231,낫포유,NOT4U,36,6022,NULL,"뷰티 & 메이크업",NULL
35242,엑토인,Ectoin,10,5316,NULL,"뷰티 & 메이크업",더마일리
35322,닥터펩티,"DR PEPTI",8,54172,NULL,"뷰티 & 메이크업",NULL
35327,라비앙,LAVIEN,12,38704,NULL,"뷰티 & 메이크업",NULL
35381,뱀포드,Bamford,1,534491,NULL,"뷰티 & 메이크업",NULL
35385,루시도엘,Lucido-l,1,121227,NULL,"뷰티 & 메이크업",NULL
35390,그루밍랩,"Grooming Lab",14,18662,NULL,"뷰티 & 메이크업",NULL
35391,키보코스메틱,NULL,2,113552,NULL,"뷰티 & 메이크업",NULL
35399,원데이즈유,"One day's you",10,38867,NULL,"뷰티 & 메이크업",NULL
35411,아이유닉,Iunik,1,8700,NULL,"뷰티 & 메이크업",NULL
35869,제트티오,"ZTO Global",1,11330,NULL,"뷰티 & 메이크업",액츠38
36158,트루알엑스,"TRUE RX",67,25614,NULL,"뷰티 & 메이크업",NULL
36160,더마펌,Dermafirm,80,46016,2,"뷰티 & 메이크업",NULL
36161,리더스코스메틱,LEADERS,55,54583,NULL,"뷰티 & 메이크업",NULL
36165,에퓨놀,EPUNOL,2,37334,NULL,"뷰티 & 메이크업",NULL
36166,씨널스,Scenearth,3,5098,NULL,"뷰티 & 메이크업",NULL
36179,아넷사,ANESSA,5,33305,NULL,"뷰티 & 메이크업",NULL
36362,포렌코즈,FORENCOS,64,83016,2,"뷰티 & 메이크업",NULL
36363,엘리샤코이,ElishaCoy,15,874,NULL,"뷰티 & 메이크업",NULL
37244,Pickedshop_S,Pickedshop_S,NULL,NULL,NULL,"뷰티 & 메이크업",NULL
37247,셀라피,Cellapy,8,32526,NULL,"뷰티 & 메이크업",NULL
37262,알엠케이,RMK,4,623394,NULL,"뷰티 & 메이크업",NULL
37285,낫츠,Nots,12,115235,NULL,"뷰티 & 메이크업",NULL
37289,더툴랩,thetoollab,74,75088,NULL,"뷰티 & 메이크업",NULL
37291,오에라,Oera,3,42907,1,"뷰티 & 메이크업",NULL
37297,키스뉴욕,"Kiss NewYork",13,47259,NULL,"뷰티 & 메이크업",NULL
37301,홀리추얼,Holitual,27,75749,NULL,"뷰티 & 메이크업",NULL
37302,디에스앤더가,DS&Durga,3,43525,NULL,"뷰티 & 메이크업",NULL
40376,스템샷,스템샷,NULL,NULL,NULL,"뷰티 & 메이크업",NULL
40500,스컬트라,"Sculptra Korea",3,14693,NULL,"뷰티 & 메이크업",NULL
40513,"입생로랑 뷰티","YSL Beauty",55,117071,2,"뷰티 & 메이크업",NULL
40630,데시엠,DECIEM,28,131650,1,"뷰티 & 메이크업",디오디너리
40971,라끌랑,Laqlanc,3,26419,NULL,"뷰티 & 메이크업",NULL
40972,네이처리퍼블릭,"Nature Republic",71,113438,6,"뷰티 & 메이크업",NULL
40991,젬소,Gemsho,2,75636,NULL,"뷰티 & 메이크업",NULL
40995,더마픽스,Dermafix,44,86594,2,"뷰티 & 메이크업",NULL
40996,멈칫,Mumchit,96,22761,2,"뷰티 & 메이크업",NULL
40997,아프리모,Afrimo,56,101774,3,"뷰티 & 메이크업",NULL
41762,블레스문,BLESSEDMOON,6,422792,NULL,"뷰티 & 메이크업",NULL
41775,"에스테틱 상담소","에스테틱 상담소",NULL,NULL,NULL,"뷰티 & 메이크업",NULL
41997,헤드앤숄더,"Head & Shoulder",36,74258,NULL,"뷰티 & 메이크업",NULL
42053,해서린,Hatherine,51,154421,NULL,"뷰티 & 메이크업",NULL
42056,포맨트,Forment,148,41524,1,"뷰티 & 메이크업",NULL
42057,블랙포레,Blackforet,36,108041,18,"뷰티 & 메이크업",NULL
42077,엠퀴리,M_curie,12,63434,NULL,"뷰티 & 메이크업",NULL
42081,글로웍스,Gloworks,15,37938,NULL,"뷰티 & 메이크업",NULL
44833,"Givenchy Beauty","Givenchy Beauty",1,934,NULL,"뷰티 & 메이크업",NULL
44867,천비누솝,천비누솝,1,1492,NULL,"뷰티 & 메이크업",NULL
45062,크라운코스,크라운코스,2,9190,NULL,"뷰티 & 메이크업",베
45070,alpecin_korea,alpecin_korea,NULL,NULL,NULL,"뷰티 & 메이크업",NULL
45839,닥터탱글,Dr.Tengle,9,126571,NULL,"뷰티 & 메이크업",NULL
45956,어바웃톤,"About tone",82,97086,NULL,"뷰티 & 메이크업",NULL
45969,발렌티노뷰티,"Valentino Beauty",23,37126,NULL,"뷰티 & 메이크업",NULL
45971,디펜덤,Defenderm,20,19716,NULL,"뷰티 & 메이크업",NULL
45992,체르엠,Cherem,NULL,NULL,NULL,"뷰티 & 메이크업",NULL
46138,뉴트로지나,Neutrogena,60,78574,1,"뷰티 & 메이크업",NULL
46164,라뜨라쥬,NULL,1,15686,NULL,"뷰티 & 메이크업",NULL
46173,시니케어,Sinicare,5,79013,NULL,"뷰티 & 메이크업",NULL
46178,슬로우허밍,Slowhumming,75,72262,NULL,"뷰티 & 메이크업",NULL
46182,지피스킨,"GP Skin",1,477,NULL,"뷰티 & 메이크업",NULL
46216,리프테라,리프테라,NULL,NULL,NULL,"뷰티 & 메이크업",NULL
46306,비아벨로,Viabello,3,77849,NULL,"뷰티 & 메이크업",NULL
46615,팜트리,Pharmtree,3,11269,1,"뷰티 & 메이크업",NULL
46616,포인트앤,Point&,19,33752,NULL,"뷰티 & 메이크업",NULL
46622,오하브,Ohave,2,280,NULL,"뷰티 & 메이크업",NULL
46704,"디블랙 두피문신","디블랙 두피문신",NULL,NULL,NULL,"뷰티 & 메이크업",NULL
47171,아떼,Athe,50,80261,1,"뷰티 & 메이크업",NULL
47173,데싱디바,"Dashing Diva",48,59394,NULL,"뷰티 & 메이크업",NULL
47190,헉슬리,Huxley,69,59984,NULL,"뷰티 & 메이크업",NULL
47196,루킨스,Lukins,6,34211,NULL,"뷰티 & 메이크업",NULL
47199,"자이엘 (Xaiel)",Xaiel,3,136244,NULL,"뷰티 & 메이크업",NULL
47200,"자이엘 (Jaiel)",NULL,NULL,NULL,NULL,"뷰티 & 메이크업",NULL
47210,아로마앳홈,Aromaathome,1,170048,NULL,"뷰티 & 메이크업",NULL
47224,레미유,Lemiu,20,41296,NULL,"뷰티 & 메이크업",NULL
47226,리얼테크닉,"Real Techniques",5,11886,1,"뷰티 & 메이크업",NULL
47229,에이솔루션,"A solution",26,57340,NULL,"뷰티 & 메이크업",NULL
47248,뮤드,Mude,107,26508,NULL,"뷰티 & 메이크업",NULL
47249,라라클라라,"Lala clara",2,17072,NULL,"뷰티 & 메이크업",NULL
47250,일리윤,Illiyoon,233,114989,4,"뷰티 & 메이크업",NULL
49128,"프라다 뷰티","Prada Beauty",7,88777,2,"뷰티 & 메이크업",
49778,클리어리서치,Clearresearch,1,1131,NULL,"뷰티 & 메이크업",NULL
49950,픽미스트,Pickmist,1,92232,NULL,"뷰티 & 메이크업",NULL
49951,힐란드,Healand,5,34704,NULL,"뷰티 & 메이크업",NULL
49954,그레이멜린,Graymelin,3,585,NULL,"뷰티 & 메이크업",NULL
50267,아리얼,Ariul,62,62342,3,"뷰티 & 메이크업",Ariul
50270,트로이아르케,Troiareuke,5,19288,NULL,"뷰티 & 메이크업",NULL
50274,에버콜라겐,Evercollagen,132,33657,1,"뷰티 & 메이크업",뉴트리
50280,바디네이처,Bodynature,6,71461,NULL,"뷰티 & 메이크업",NULL
50285,루트리,Rootree,10,5082,NULL,"뷰티 & 메이크업",NULL
50291,스튜디오17,Studio17,24,167175,NULL,"뷰티 & 메이크업",NULL
50292,벤티샴푸,VentiShampoo,4,25869,NULL,"뷰티 & 메이크업",NULL
50295,마리드블랑,NULL,2,598,NULL,"뷰티 & 메이크업",NULL
50296,케어놀로지,Carenology,37,16046,1,"뷰티 & 메이크업",NULL
50297,코랄헤이즈,Coralhaze,34,17649,NULL,"뷰티 & 메이크업",NULL
50311,퓨리토,Purito,2,6600,NULL,"뷰티 & 메이크업",NULL
50312,스멜캅,Smellcop,1,403416,NULL,"뷰티 & 메이크업",NULL
50322,피부미,Pibumi,87,267919,7,"뷰티 & 메이크업",NULL
50338,무슈제이,Monsieurj,7,37655,NULL,"뷰티 & 메이크업",NULL
53127,뉴오리진,"New Origin",23,68079,NULL,"뷰티 & 메이크업","헤브아,  이너플로라"
53237,다비다,Tabitha,NULL,NULL,NULL,"뷰티 & 메이크업",NULL
53349,"각질요정 하늘쌤","각질요정 하늘쌤",NULL,NULL,NULL,"뷰티 & 메이크업",NULL
53437,폰즈,Pond's,24,44802,NULL,"뷰티 & 메이크업",NULL
53440,오브제,Obge,100,125280,3,"뷰티 & 메이크업",NULL
53445,연작,Yunjac,23,133347,NULL,"뷰티 & 메이크업",NULL
53450,78도씨,78doC,1,123663,NULL,"뷰티 & 메이크업",NULL
53489,프롬랩스,fromlabs,12,818125,NULL,"뷰티 & 메이크업",NULL
53785,"여신다리 만들기","여신다리 만들기",NULL,NULL,NULL,"뷰티 & 메이크업",NULL
53812,큐어31,Cure31,6,185,NULL,"뷰티 & 메이크업",NULL
53815,버츠비,"Burts Bees Korea",63,29757,NULL,"뷰티 & 메이크업",NULL
53826,넛세린,Nutseline,32,519677,NULL,"뷰티 & 메이크업",NULL
53848,오아이브,Oaiiv,11,162,NULL,"뷰티 & 메이크업",NULL
53852,세포라,Sephora,11,33026,NULL,"뷰티 & 메이크업",NULL
53853,브래비티,Bravity,1,12190,NULL,"뷰티 & 메이크업",NULL
53856,뉴라덤,Neuraderm,6,281492,NULL,"뷰티 & 메이크업",NULL
53872,톤워크,Tonework,1,13113,NULL,"뷰티 & 메이크업",NULL
54795,"탈모박사 신박사","탈모박사 신박사",NULL,NULL,NULL,"뷰티 & 메이크업",NULL
54864,애쉬로렌,ASHROLEN,NULL,NULL,NULL,"뷰티 & 메이크업",NULL
54865,셀트리온스킨큐어,셀트리온스킨큐어,19,26967,NULL,"뷰티 & 메이크업",NULL
54894,아모레몰,"AMORE MALL",21,114344,NULL,"뷰티 & 메이크업",NULL
54919,누트라코스,"nutra KOS",15,11009,NULL,"뷰티 & 메이크업",NULL
54989,뮤즈마크,muzmak,1,401280,NULL,"뷰티 & 메이크업",뮤즈마크
55265,스피큘엑스,SpiculeX,5,15409,NULL,"뷰티 & 메이크업",NULL
55335,파파레서피_P,파파레서피_P,NULL,NULL,NULL,"뷰티 & 메이크업",NULL
55369,메디테라피,MEDITHERAPY,110,98005,1,"뷰티 & 메이크업",NULL
55473,유앤미클리닉강남본점,유앤미클리닉강남본점,NULL,NULL,NULL,"뷰티 & 메이크업",NULL
55653,하루하루원더,Haruharuwonder,41,21212,NULL,"뷰티 & 메이크업",NULL
55660,보타믹스,보타믹스botamix,NULL,NULL,NULL,"뷰티 & 메이크업",NULL
55779,프링커,Prinker,2,33862,NULL,"뷰티 & 메이크업",NULL
55791,시미헤이즈,Simihaze,4,52075,NULL,"뷰티 & 메이크업",NULL
56211,잉글롯,Inglot,1,186109,NULL,"뷰티 & 메이크업",NULL
56212,테라로직,theralogic,14,87319,NULL,"뷰티 & 메이크업",NULL
56261,리꼼,Licorne,6,123662,NULL,"뷰티 & 메이크업",NULL
56263,스킨수티컬즈,"Skin Ceuticals",57,270077,2,"뷰티 & 메이크업",NULL
56274,트리헛,Treehut,11,31135,NULL,"뷰티 & 메이크업",NULL
56276,에드뷰,Edview,2,149720,NULL,"뷰티 & 메이크업",NULL
56633,Moroccanoil,Moroccanoil,3,575888,NULL,"뷰티 & 메이크업",모로칸오일
56729,"팬틴 코리아","팬틴 코리아",17,48573,NULL,"뷰티 & 메이크업",NULL
56742,인프레쉬,Infresh,192,196294,6,"뷰티 & 메이크업",수노바바
56746,더센트,Dercent,1,222518,NULL,"뷰티 & 메이크업",NULL
56749,"에디터 (아모레퍼시픽)",A_ditor,1,10053,NULL,"뷰티 & 메이크업",NULL
56756,아이노헤아,NULL,2,35944,NULL,"뷰티 & 메이크업",NULL
56757,오프온,Offon,35,271161,NULL,"뷰티 & 메이크업",NULL
57912,앤써웨이,Answerway,13,46662,NULL,"뷰티 & 메이크업",에이플러스랩
57923,187레이블,187Label,NULL,NULL,NULL,"뷰티 & 메이크업",NULL
57945,"랩 시리즈 코리아","LAB SERIES Korea Market",4,66172,NULL,"뷰티 & 메이크업",NULL
57989,"Aredao 아르다오","Aredao 아르다오",NULL,NULL,NULL,"뷰티 & 메이크업",NULL
58793,파파레서피_S,파파레서피_S,NULL,NULL,NULL,"뷰티 & 메이크업",NULL
58801,파파레서피_T,파파레서피_T,NULL,NULL,NULL,"뷰티 & 메이크업",NULL
58815,비프로젝트,Bproject,23,19541,NULL,"뷰티 & 메이크업",NULL
60478,라이펀,Laifentech,25,120790,2,"뷰티 & 메이크업",NULL
60532,릴리이브,Lilyeve,56,79654,NULL,"뷰티 & 메이크업",그로우턴
60610,올리브영_P,Oliveyoung_P,NULL,NULL,NULL,"뷰티 & 메이크업",NULL
60628,라노아,Lanoa,367,21542,17,"뷰티 & 메이크업",NULL
60630,닥터오라클,"Dr. Oracle",14,13264,NULL,"뷰티 & 메이크업",NULL
60632,위민업,NULL,1,535207,NULL,"뷰티 & 메이크업","이나벨로, 이너수"
61044,페이스인네이처,"Faith in nature",1,53104,NULL,"뷰티 & 메이크업",NULL
61045,아누아,Anua,373,133316,14,"뷰티 & 메이크업",NULL
61048,아벤느,Avene,99,68272,23,"뷰티 & 메이크업",NULL
61176,"프레쉬 코리아","프레쉬 코리아",1,69000,NULL,"뷰티 & 메이크업",NULL
61456,로레알코리아,로레알코리아,11,198365,NULL,"뷰티 & 메이크업",NULL
61511,케라스타즈,"Kerastase korea",14,257149,NULL,"뷰티 & 메이크업",NULL
62003,센텔리안24,,219,39790,4,"뷰티 & 메이크업",마데카프라임
62118,라끄베르,LACVERT,2,610329,NULL,"뷰티 & 메이크업",NULL
62121,피노,FINO,28,111057,1,"뷰티 & 메이크업",NULL
62124,휩드,WHIPPED,90,34264,2,"뷰티 & 메이크업",NULL
62125,잉가,INGA,12,69317,NULL,"뷰티 & 메이크업",NULL
62127,스티즈랩,NULL,2,31772,NULL,"뷰티 & 메이크업",NULL
62141,아윤채,AYUNCHE,63,5238,NULL,"뷰티 & 메이크업",NULL
62144,레어리,RareLee,2,82422,NULL,"뷰티 & 메이크업",NULL
62145,헤이오브제,NULL,3,47960,NULL,"뷰티 & 메이크업",NULL
62148,샤카트,SHARCART,4,640,NULL,"뷰티 & 메이크업",NULL
62152,플루,plu,9,169476,NULL,"뷰티 & 메이크업",NULL
62344,글루타넥스,Glutanex,5,121491,NULL,"뷰티 & 메이크업",글루타넥스
62383,트리팅,treating,3,36765,NULL,"뷰티 & 메이크업",NULL
62394,프레스샷,NULL,39,204962,3,"뷰티 & 메이크업",NULL
62398,블랙스타두피문신,NULL,1,2111,NULL,"뷰티 & 메이크업",NULL
62411,글랜무어,"GLAN MOOR",1,141099,NULL,"뷰티 & 메이크업",NULL
62418,언파,"unpa cosmetics",18,144808,1,"뷰티 & 메이크업",NULL
62424,휘즌,NULL,3,759503,NULL,"뷰티 & 메이크업",NULL
62708,파파레서피_F,파파레서피_F,NULL,NULL,NULL,"뷰티 & 메이크업",NULL
64199,야다,YADAH,44,20121,NULL,"뷰티 & 메이크업",NULL
64467,민티드,Minted,47,214986,NULL,"뷰티 & 메이크업",NULL
64468,이오시카,Eosika,3,21236,NULL,"뷰티 & 메이크업",NULL
64489,놋담,Notdam,5,14646,1,"뷰티 & 메이크업",NULL
64496,프래딕,NULL,1,18597,NULL,"뷰티 & 메이크업",NULL
64509,티르티르,TIRTIR,83,93601,NULL,"뷰티 & 메이크업",NULL
64513,수려한,Sooryehan,26,39257,NULL,"뷰티 & 메이크업",NULL
64521,피토메르,PHYTOMER,8,36431,NULL,"뷰티 & 메이크업",NULL
64525,더마비,DermaB,47,132484,NULL,"뷰티 & 메이크업",NULL
64532,메이드미,"MEIDEME FARM COSMETICS",2,15675,NULL,"뷰티 & 메이크업",NULL
64561,"라 메르코리아","라 메르코리아",5,149521,2,"뷰티 & 메이크업",NULL
64578,닥터멜락신,Dr.Melaxin,17,46135,NULL,"뷰티 & 메이크업",NULL
64648,디폰데,Deepondé,6,117825,NULL,"뷰티 & 메이크업",NULL
64658,닥터딥,Dr.Deep_,16,1578,NULL,"뷰티 & 메이크업",NULL
64840,대니멕켄지,"Dani Mackenzie",1,30112,NULL,"뷰티 & 메이크업",NULL
64913,지엘커뮤니케이션즈,"GL comm",1,212562,NULL,"뷰티 & 메이크업","아델, 듀오"
64915,치카이치코,"CHICA Y CHICO",6,6456,NULL,"뷰티 & 메이크업",NULL
65131,르네휘테르,Renefurterer,66,63078,1,"뷰티 & 메이크업",NULL
65132,시코르,CHICOR,19,84965,NULL,"뷰티 & 메이크업",NULL
65134,테라피션,THERAPYTION,7,24451,NULL,"뷰티 & 메이크업",NULL
65135,닥터뉴엘,NULL,1,1710,NULL,"뷰티 & 메이크업",NULL
65136,벨라몬스터,"Bella Monster",12,38323,NULL,"뷰티 & 메이크업",NULL
65141,르페어리,"Le fairy care you",5,44832,NULL,"뷰티 & 메이크업",NULL
65157,샬랑드파리,"challans de paris",11,53187,NULL,"뷰티 & 메이크업",NULL
65160,비욘드,BEYOND,47,53258,NULL,"뷰티 & 메이크업",NULL
65163,포엘리에,FOElLIE,51,289244,NULL,"뷰티 & 메이크업",NULL
65168,라로지크,Lalogique,14,1107,NULL,"뷰티 & 메이크업",NULL
65200,크리니크,"Clinique Korea",18,63423,1,"뷰티 & 메이크업",NULL
65201,레어카인드,RAREKIND,3,80424,NULL,"뷰티 & 메이크업",NULL
65203,스쿠,"SUQQU KOREA",2,274494,NULL,"뷰티 & 메이크업",NULL
65204,누디크,nudique,3,7404,NULL,"뷰티 & 메이크업",NULL
65205,끌레드보떼,"Clé de Peau Beauté",8,103858,1,"뷰티 & 메이크업","끌레드뽀 보떼"
65206,삐빕,ppibib,2,78570,NULL,"뷰티 & 메이크업",NULL
65207,언리시아,UNLEASHIA,5,12549,NULL,"뷰티 & 메이크업",NULL
65208,이브로쉐,"Yves Rocher korea",9,135174,NULL,"뷰티 & 메이크업",NULL
65209,에스네이처,"S. NATURE",162,109223,3,"뷰티 & 메이크업",NULL
65210,오브베이스,OFBASE,8,33578,NULL,"뷰티 & 메이크업",NULL
65211,롭스,Lovelohbs,1,1853,NULL,"뷰티 & 메이크업",NULL
65212,잼페이스,zam,15,4525,NULL,"뷰티 & 메이크업",NULL
65213,코스톡,COSTOK,4,41925,NULL,"뷰티 & 메이크업",NULL
65214,어퓨,Apieu,96,42065,9,"뷰티 & 메이크업",NULL
65215,닥터하우쉬카,NULL,2,33471,NULL,"뷰티 & 메이크업",NULL
65216,클라랑스,"CLARINS KOREA",11,46476,NULL,"뷰티 & 메이크업",NULL
65223,유이크,UIQ,113,74516,3,"뷰티 & 메이크업",NULL
65230,투에이엔,2aN,33,60075,NULL,"뷰티 & 메이크업",NULL
66036,약손명가,"YAKSON BEAUTY",60,48923,1,"뷰티 & 메이크업",NULL
66181,르오즈,L'OZ,70,51073,4,"뷰티 & 메이크업",
66269,매드피치,Madpeach,24,66882,NULL,"뷰티 & 메이크업",NULL
66389,퓨어트리,"pure tree",3,2199,NULL,"뷰티 & 메이크업",NULL
66403,가발나라,NULL,3,1495,NULL,"뷰티 & 메이크업",NULL
66407,아리따움,ARITAUM,5,117174,NULL,"뷰티 & 메이크업",NULL
66409,티엘스,Telse,10,28547,NULL,"뷰티 & 메이크업",NULL
66410,캐트리스,Catrice,7,45082,NULL,"뷰티 & 메이크업",NULL
66411,탐니크,TAMNIQ,18,3779,NULL,"뷰티 & 메이크업",NULL
66412,아크로패스,ACROPASS,3,128333,NULL,"뷰티 & 메이크업",NULL
66413,제이코나,JKONA,1,46519,NULL,"뷰티 & 메이크업",NULL
66414,딸로,TALLO,8,9406,NULL,"뷰티 & 메이크업",NULL
66415,파뮤,FEMMUE,11,33524,NULL,"뷰티 & 메이크업",NULL
66416,얼스노트,"EARTH NOTE",1,14966,NULL,"뷰티 & 메이크업",NULL
66417,아르투아,ARTOIS,13,31921,NULL,"뷰티 & 메이크업",NULL
66418,듀크레이,"Ducray Korea",2,38786,NULL,"뷰티 & 메이크업",NULL
66419,자트인사이트,"SAAT INSIGHT",7,7366,NULL,"뷰티 & 메이크업",NULL
66420,델링그,Dellingr,1,4999,NULL,"뷰티 & 메이크업",NULL
66421,쌍빠,SAMPAR,7,5780,NULL,"뷰티 & 메이크업",NULL
66422,그로우사이언스,NULL,1,2812,NULL,"뷰티 & 메이크업",NULL
66429,패션캣,PASSIONCAT,4,34314,NULL,"뷰티 & 메이크업",NULL
66430,아이빔,IBIM,5,285634,NULL,"뷰티 & 메이크업",NULL
66443,컨텐트리,contently,1,1880000,NULL,"뷰티 & 메이크업",NULL
66446,라라프랑,lalafranc,1,1326105,NULL,"뷰티 & 메이크업",NULL
66448,스카이보틀,SKYBOTTLE,8,240979,NULL,"뷰티 & 메이크업",NULL
66449,썸바이미,"SOMEBYMI Cosmetics",1,42343,NULL,"뷰티 & 메이크업",NULL
66450,미뮤즈,MEMUSE,1,1219904,NULL,"뷰티 & 메이크업",NULL
66451,Makartt,Makartt,1,837704,NULL,"뷰티 & 메이크업",NULL
66452,그랑핸드,GRANHAND.,NULL,NULL,NULL,"뷰티 & 메이크업",NULL
66455,"안나수이 코스메틱","ANNA SUI COSMETICS ",1,9852,NULL,"뷰티 & 메이크업",NULL
66556,비달사순,"VS Sassoon",5,64316,NULL,"뷰티 & 메이크업",NULL
66557,라부르켓,"L:A BRUKET",6,127564,NULL,"뷰티 & 메이크업",NULL
66558,톤28,toun28,170,40505,33,"뷰티 & 메이크업",해남404
66560,폴라초이스코리아,"Paula's choice",19,99203,NULL,"뷰티 & 메이크업",NULL
66562,"엘레미스 코리아",NULL,1,38862,NULL,"뷰티 & 메이크업",NULL
66563,테라비코스,Thelavicos,30,58286,NULL,"뷰티 & 메이크업",NULL
66564,프리플러스,freeplus,2,19254,NULL,"뷰티 & 메이크업",NULL
66565,스킨1004,SKIN1004,760,47056,30,"뷰티 & 메이크업",
66566,차울,CHA'UL,1,215293,NULL,"뷰티 & 메이크업",NULL
66567,바이유어,ByUR,34,5898,2,"뷰티 & 메이크업",NULL
66569,보타니티,BOTANITY,2,4992,NULL,"뷰티 & 메이크업",NULL
66570,세바메드,NULL,1,9779,NULL,"뷰티 & 메이크업",NULL
66571,시오리스,SIORIS,4,118362,NULL,"뷰티 & 메이크업",NULL
66577,플로나,FLONA,25,20537,NULL,"뷰티 & 메이크업",NULL
66578,제트티유,ZTU,1,162745,NULL,"뷰티 & 메이크업",NULL
66579,스톤브릭,stonebrick,3,84896,NULL,"뷰티 & 메이크업",NULL
66581,비더스킨,Betheskin,4,56840,NULL,"뷰티 & 메이크업",NULL
66588,제이숲,Jsoop,68,56988,1,"뷰티 & 메이크업",NULL
66593,코링코,CORINGCO,51,39032,NULL,"뷰티 & 메이크업",NULL
66594,"레이지 소사이어티","Lazy Society",1,1800,1,"뷰티 & 메이크업",NULL
66599,"Born Pretty","Born Pretty",1,2375,NULL,"뷰티 & 메이크업",NULL
66602,쏘머치즈,somuchis,7,8232,NULL,"뷰티 & 메이크업",NULL
66608,리엔케이,Re:NK,52,13472,NULL,"뷰티 & 메이크업",NULL
66609,에즈이즈투비,ASIS-TOBE,1,2751,NULL,"뷰티 & 메이크업",NULL
66610,아임유니,IM'UNNY,2,54324,NULL,"뷰티 & 메이크업",NULL
66612,아이레시피,NULL,31,25153,NULL,"뷰티 & 메이크업",NULL
66614,온그리디언츠,Ongredients,95,53505,4,"뷰티 & 메이크업",NULL
66617,더블유드레스룸,W.DRESSROOM,25,144637,NULL,"뷰티 & 메이크업",NULL
66618,코스모폴리탄,"COSMOPOLITAN Korea",4,153315,NULL,"뷰티 & 메이크업",NULL
66619,오드리앤영,audreynyoung,3,71840,NULL,"뷰티 & 메이크업",NULL
66620,Snp,Snp,62,25963,3,"뷰티 & 메이크업",NULL
66621,리듀어,réduire,1,7899,NULL,"뷰티 & 메이크업",NULL
66626,백아율,Baegayul,5,3150,NULL,"뷰티 & 메이크업",NULL
66627,아이지아,IZIA,12,68348,NULL,"뷰티 & 메이크업",NULL
66628,코이,Koy,231,13181,NULL,"뷰티 & 메이크업",
66949,바비브라운,"Bobbi Brown Cosmetics",18,37182,NULL,"뷰티 & 메이크업",NULL
66950,나인밀라,NINEMILA,48,908,NULL,"뷰티 & 메이크업",NULL
66951,닥터헤디슨,Dr.HEDISON_official,15,11547,NULL,"뷰티 & 메이크업",NULL
66952,오리진스,Origins,4,23393,NULL,"뷰티 & 메이크업",NULL
66953,에이프릴스킨,aprilskin,90,31522,NULL,"뷰티 & 메이크업",NULL
66955,꽃을든남자,NULL,1,1200,NULL,"뷰티 & 메이크업",NULL
66957,어반앤,URBANAND,1,628,NULL,"뷰티 & 메이크업",NULL
69247,"맥 코리아","M•A•C Cosmetics Korea",29,376630,1,"뷰티 & 메이크업",NULL
69399,뷰티영,뷰티영,2,52,NULL,"뷰티 & 메이크업",NULL
69445,르누베르,Lenubele,30,76978,NULL,"뷰티 & 메이크업",NULL
69672,뉴즈,nuuz,2,96812,NULL,"뷰티 & 메이크업",NULL
69676,쓰리하,3HA,6,87342,NULL,"뷰티 & 메이크업",NULL
69679,다자연,NULL,7,12044,NULL,"뷰티 & 메이크업",NULL
69734,레베코코,rebecoco,NULL,NULL,NULL,"뷰티 & 메이크업",NULL
69780,구일9,GUIL9,5,48359,NULL,"뷰티 & 메이크업",NULL
69781,아제린,AGERIN,8,2682,NULL,"뷰티 & 메이크업",NULL
69794,유리카,YURICA,1,38760,NULL,"뷰티 & 메이크업",NULL
69823,에이르보,Arvo,7,400,NULL,"뷰티 & 메이크업",NULL
69824,"러쉬 코리아","Lush Korea",4,56490,1,"뷰티 & 메이크업",NULL
69825,조선미녀,"Beauty of Joseon",84,95227,2,"뷰티 & 메이크업",NULL
69832,내추럴더마프로젝트,NaturalDermaProject,30,25030,1,"뷰티 & 메이크업",NDP
71240,스템벨,스템벨,2,88838,NULL,"뷰티 & 메이크업",NULL
71720,논픽션,Nonfiction,5,46727,NULL,"뷰티 & 메이크업",NULL
72338,나노레시피,NULL,8,13475,1,"뷰티 & 메이크업",NULL
74266,립힙,LIPHIP,2,1584,NULL,"뷰티 & 메이크업",NULL
74272,오누프,NULL,1,36998,NULL,"뷰티 & 메이크업",날씬퓸
74274,아렌시아,Arencia,65,67970,NULL,"뷰티 & 메이크업",NULL
75506,하트브러시,HEARTBRUSH,16,63983,NULL,"뷰티 & 메이크업",NULL
75746,브리스킨,"briskin official",3,47736,NULL,"뷰티 & 메이크업",NULL
75747,티원콜라겐,NULL,2,63853,NULL,"뷰티 & 메이크업",NULL
75840,닥터레이몬드랩,"Dr. Raymond lab",2,79560,NULL,"뷰티 & 메이크업",큐어코드
75912,사봉,SABON,NULL,NULL,NULL,"뷰티 & 메이크업",NULL
75916,자담유,NULL,5,190808,NULL,"뷰티 & 메이크업",NULL
76759,무백,MOO100,12,95465,NULL,"뷰티 & 메이크업",NULL
76760,그래믹스,GRAMIX,2,41606,NULL,"뷰티 & 메이크업",NULL
76761,베네피트,Benefit,13,43271,NULL,"뷰티 & 메이크업",NULL
76762,스니키,SNEAKY,1,265,NULL,"뷰티 & 메이크업",NULL
76767,언스,unce,1,2440086,NULL,"뷰티 & 메이크업",NULL
76779,맥스클리닉,MAXCLINIC,41,109555,1,"뷰티 & 메이크업",NULL
76782,"톤핏선 | 오어스","TONEfitSUN | O'earth",9,18074,NULL,"뷰티 & 메이크업",NULL
76787,리우젤,"REUZEL KOREA",1,449,NULL,"뷰티 & 메이크업",NULL
78157,"종근당건강 스템벨","종근당건강 스템벨",NULL,NULL,NULL,"뷰티 & 메이크업",NULL
78419,츄렌즈,CHUU,3,2383,NULL,"뷰티 & 메이크업",NULL
78422,유케이,NULL,45,201424,3,"뷰티 & 메이크업",NULL
78434,클로란,Klorane,50,80206,2,"뷰티 & 메이크업",NULL
78442,"에이엠 코스메틱","AM COSMETICS",2,75662,NULL,"뷰티 & 메이크업",NULL
78447,블리브유,NULL,6,199326,NULL,"뷰티 & 메이크업",NULL
78449,정샘물,"JUNG SAEM MOOL",97,107550,1,"뷰티 & 메이크업",NULL
81425,라쥬니르,rajeunir,17,139535,2,"뷰티 & 메이크업",NULL
81429,쥬베라,JUVERA,7,91902,NULL,"뷰티 & 메이크업",NULL
81437,마리엔메이,Mary&May,23,6816,NULL,"뷰티 & 메이크업",NULL
81438,"23years old","23years old",7,5888,NULL,"뷰티 & 메이크업",NULL
81439,레시피앤코,NULL,1,15757,NULL,"뷰티 & 메이크업",NULL
82814,듀얼소닉,DUALSONIC,87,8233,NULL,"뷰티 & 메이크업",NULL
82886,"바이옴 액티베이트","Biome activate",2,751120,NULL,"뷰티 & 메이크업",NULL
82892,트웰브그랩스,12GRABS,5,704,NULL,"뷰티 & 메이크업",NULL
82911,플로운,floun,7,17946,NULL,"뷰티 & 메이크업",NULL
82916,아로셀,AROCELL,196,69107,3,"뷰티 & 메이크업",NULL
82920,라숌브,"LA CHOMB",2,678,NULL,"뷰티 & 메이크업",NULL
83386,쓰리와우,3WAAU,31,171174,3,"뷰티 & 메이크업",NULL
83393,BBLUNT,BBLUNT,1,15973,NULL,"뷰티 & 메이크업",NULL
83397,키보,"keybo cosmetic",8,7235,1,"뷰티 & 메이크업",NULL
83398,디오메르,DIOMER,9,947,NULL,"뷰티 & 메이크업",NULL
83403,피치베리,piciberry,7,5887,NULL,"뷰티 & 메이크업",NULL
83406,르멘트,Lement,9,26266,NULL,"뷰티 & 메이크업",NULL
83527,스템엘린,STEMELIN,2,405999,NULL,"뷰티 & 메이크업",NULL
83528,블랑디바,NULL,23,65000,1,"뷰티 & 메이크업",NULL
83531,플리프,fleef,4,32988,NULL,"뷰티 & 메이크업",NULL
83535,어반트라이브,"URBAN TRIBE",36,39827,NULL,"뷰티 & 메이크업",NULL
85213,고혼진,고혼진,7,227122,NULL,"뷰티 & 메이크업",NULL
85251,파이코어,piCore,20,4076,NULL,"뷰티 & 메이크업",NULL
85340,"엘리자베스아덴 코리아","엘리자베스아덴 코리아",4,28656,NULL,"뷰티 & 메이크업",NULL
85565,오가나셀,오가나셀,18,10842,NULL,"뷰티 & 메이크업",NULL
85584,라카,Laka,127,23881,7,"뷰티 & 메이크업",NULL
85875,멜로디수지,MelodySusie,15,98536,2,"뷰티 & 메이크업",NULL
85881,아토99,ATO99,1,9012,NULL,"뷰티 & 메이크업",NULL
85887,테라웨이브,THERAWAVE,7,16293,NULL,"뷰티 & 메이크업",NULL
85888,바이오가,Biorga,16,184005,NULL,"뷰티 & 메이크업","바이오틴,  밀크아미노산"
85914,팁토우,Tiptoe,23,77327,NULL,"뷰티 & 메이크업",NULL
85930,아이뽀,AIPPO,27,50638,NULL,"뷰티 & 메이크업",NULL
85934,룩판타스틱,LOOKFANTASTIC,1,363969,NULL,"뷰티 & 메이크업",NULL
85941,임블리,NULL,3,46032,NULL,"뷰티 & 메이크업",블리블리
85942,청미정,Chungmijung,15,75098,NULL,"뷰티 & 메이크업","흑곡샴푸, 카카두플럼, 아데노신시카세럼, 라미나리아"
85944,누즈,Nuse,33,45675,NULL,"뷰티 & 메이크업",NULL
85950,퓨어플러스,NULL,1,75094,NULL,"뷰티 & 메이크업",레모나선스틱
85952,그룬플러스,grunplus,8,380694,NULL,"뷰티 & 메이크업",NULL
89966,오에르_P,오에르_P,NULL,NULL,NULL,"뷰티 & 메이크업",NULL
90200,올리브영_S,Oliveyoung_S,NULL,NULL,NULL,"뷰티 & 메이크업",NULL
90205,젤라또팩토리,NULL,4,25807,NULL,"뷰티 & 메이크업",NULL
90232,이지엔,"eZn style",14,77538,NULL,"뷰티 & 메이크업",NULL
90233,리베미,Liebemi,1,16728,NULL,"뷰티 & 메이크업",NULL
90234,오제끄,NULL,1,52079,NULL,"뷰티 & 메이크업",NULL
90235,퍼퓸그라피,NULL,1,169021,NULL,"뷰티 & 메이크업",NULL
90237,샤르드,CHARDE,15,39586,1,"뷰티 & 메이크업",NULL
90240,센녹,SENNOK,36,125213,1,"뷰티 & 메이크업",NULL
90247,스트라이덱스,Stridex,13,15858,NULL,"뷰티 & 메이크업",NULL
90249,캔디랩,Candylab,2,38808,NULL,"뷰티 & 메이크업",NULL
90251,로이비,LOiViE,14,140989,NULL,"뷰티 & 메이크업",NULL
90261,노우라이,NOLIE,3,146109,NULL,"뷰티 & 메이크업",NULL
90365,블룸에이지,Bloomage,6,750236,NULL,"뷰티 & 메이크업","맨즈에이지,  푸름웰니스"
90376,코드글로컬러,"CODE GLOKOLOR",26,168308,NULL,"뷰티 & 메이크업",NULL
90472,알파비,알파비,7,20582,NULL,"뷰티 & 메이크업",NULL
90488,어헤즈,AHEADS,2,1532,NULL,"뷰티 & 메이크업",NULL
90489,줄리올리,Julioly,15,1685,NULL,"뷰티 & 메이크업",NULL
90491,누씨오,NUCIO,5,4533,NULL,"뷰티 & 메이크업",NULL
90500,더퓨어로터스,"THE PURE LOTUS",3,167740,NULL,"뷰티 & 메이크업",NULL
90501,굿앤닥,GoodnDoc,1,127064,NULL,"뷰티 & 메이크업",NULL
90531,딘시,Dinsee,23,119925,NULL,"뷰티 & 메이크업",NULL
90767,"Dot & Key","Dot & Key",1,217678,1,"뷰티 & 메이크업",NULL
91022,엑슬,AXEL,5,232716,NULL,"뷰티 & 메이크업",NULL
91121,미니쉬,,2,35250,NULL,"뷰티 & 메이크업",NULL
91179,야슈브,yashuv,1,1888764,NULL,"뷰티 & 메이크업",NULL
91185,데쌍브르,DESEMBRE,1,123487,NULL,"뷰티 & 메이크업",NULL
91627,비홉,Be-hope,2,41886,NULL,"뷰티 & 메이크업",NULL
91641,닥터에이디,"Doctor Aidee",1,14660,NULL,"뷰티 & 메이크업",NULL
91862,와이브닝,Yvening,5,83922,NULL,"뷰티 & 메이크업",NULL
91872,호텔도슨,"HOTEL DAWSON",6,100936,NULL,"뷰티 & 메이크업",NULL
91881,티슬로,Tislo,11,99896,NULL,"뷰티 & 메이크업",NULL
91882,닥터비움,Dr.Viuum,4,659621,NULL,"뷰티 & 메이크업",푸름웰니스
91883,퓨어리랩,Purelylab,1,26982,NULL,"뷰티 & 메이크업",NULL
91884,오아드,Oiad,100,51184,2,"뷰티 & 메이크업",NULL
92067,임피엘,Impiel,3,51943,NULL,"뷰티 & 메이크업",NULL
92442,리바이탈래쉬,"RevitaLash Korea",1,59582,NULL,"뷰티 & 메이크업",NULL
92443,노이프,Noip,1,65199,NULL,"뷰티 & 메이크업",NULL
92444,밀포드,Millford,1,50120,NULL,"뷰티 & 메이크업",NULL
92445,마이피픈,MYFIPN,6,2071,NULL,"뷰티 & 메이크업",NULL
93509,오드로이,Odeloi,46,57950,1,"뷰티 & 메이크업","카르노신 세럼"
93511,헤이미쉬,heimish,8,17603,1,"뷰티 & 메이크업",NULL
94624,셀비엔,CELLBN,1,775,NULL,"뷰티 & 메이크업",
94676,"라일라 코리아","LYLA KOREA",1,54613,NULL,"뷰티 & 메이크업",NULL
94700,이지듀,Easydew,60,202332,2,"뷰티 & 메이크업",NULL
94718,코스모코스랩,"COSMOCOS LAB",1,17979,NULL,"뷰티 & 메이크업",알지쓰리
94728,바버501,"Barber 501",1,2807,NULL,"뷰티 & 메이크업",NULL
94729,마이달리아,MyDahlia,1,436770,NULL,"뷰티 & 메이크업",NULL
96962,"도루코 페이스","DORCO PACE",19,262400,NULL,"뷰티 & 메이크업",NULL
97053,캔디스톤,CANDYSTONE,2,7273,NULL,"뷰티 & 메이크업",NULL
97068,아하바,AHAVA,3,46352,NULL,"뷰티 & 메이크업",NULL
97077,누그레이,nuegray,10,6122,4,"뷰티 & 메이크업",NULL
97078,피히츠,phyts,3,12945,NULL,"뷰티 & 메이크업",NULL
97085,비메이트,bemate,1,43271,NULL,"뷰티 & 메이크업",NULL
97086,"슈바츠코프 코리아","schwarzkopf korea",2,34212,1,"뷰티 & 메이크업",NULL
97095,에기,eggiee,3,12793,NULL,"뷰티 & 메이크업",NULL
97096,메디페르,mediferkorea,1,6646,NULL,"뷰티 & 메이크업",NULL
97098,와이츄,Y-CHU,4,6228,NULL,"뷰티 & 메이크업",NULL
97099,치노시오야,CHINOSHIOYA,2,4520,NULL,"뷰티 & 메이크업",NULL
97102,메디쥬얼리,"MEDI JEWELRY",1,4969,NULL,"뷰티 & 메이크업",NULL
97104,웨이커스,WAKERS,1,3422,NULL,"뷰티 & 메이크업",NULL
97109,한스킨,Hanskin,76,15453,NULL,"뷰티 & 메이크업",NULL
97116,핑거수트,"FINGER SUIT",10,26219,NULL,"뷰티 & 메이크업",NULL
97124,오겟,OGETi,2,2446,NULL,"뷰티 & 메이크업",NULL
97254,디브리오,D-BRIO,32,147766,1,"뷰티 & 메이크업",NULL
97274,"오킵스 코리아",O'Keeffe's,4,11853,NULL,"뷰티 & 메이크업",NULL
97287,올리브영_T,Oliveyoung_T,NULL,NULL,NULL,"뷰티 & 메이크업",NULL
97295,브루케시아,BROOKESIA,33,51057,NULL,"뷰티 & 메이크업",NULL
97303,비랩스,BE:LABS+,1,1475,NULL,"뷰티 & 메이크업",NULL
97309,그리디센트,"Greedy Scent",1,70262,NULL,"뷰티 & 메이크업",NULL
97321,플러스리얼,+REAL,5,444059,NULL,"뷰티 & 메이크업",NULL
97325,소이담,NULL,1,587,NULL,"뷰티 & 메이크업",NULL
97328,랑팡,RANGPANG,1,193,NULL,"뷰티 & 메이크업",NULL
97332,아임낫어베이비,NULL,8,111965,NULL,"뷰티 & 메이크업",NULL
97333,TRUU,TRUU,2,32738,NULL,"뷰티 & 메이크업",NULL
97337,로하시스,LOHASYS,2,1333,NULL,"뷰티 & 메이크업",NULL
97517,"리프비기닝 Leafbeginning","리프비기닝 Leafbeginning",1,4754,NULL,"뷰티 & 메이크업",NULL
97531,스칸스킨,Skanskin,5,3214,NULL,"뷰티 & 메이크업",NULL
97614,쥴레,JURLET,2,593,NULL,"뷰티 & 메이크업",NULL
99140,"나르시소 로드리게스","narciso rodriguez parfums",2,12509,NULL,"뷰티 & 메이크업",NULL
99265,코코스타,KOCOSTAR,1,748,NULL,"뷰티 & 메이크업",NULL
99373,어바웃에이치,aboutH,5,20828,NULL,"뷰티 & 메이크업",스노브
99380,글리어,Gleer,1,45762,NULL,"뷰티 & 메이크업",NULL
99388,투데이위드,"Today with",19,61467,NULL,"뷰티 & 메이크업",NULL
99969,마일드랩,Mildlab,70,62303,NULL,"뷰티 & 메이크업",NULL
99975,뷰니오,BU:NiO,2,948,NULL,"뷰티 & 메이크업",NULL
99987,네이처퀘스트,NULL,2,15906,NULL,"뷰티 & 메이크업",NULL
99988,에이루틴,Aroutine,1,6162,NULL,"뷰티 & 메이크업",NULL
100003,닥터랩,DR.LAB,4,458,NULL,"뷰티 & 메이크업",NULL
100004,콜레트,"NOTRE COLETTE",1,89,NULL,"뷰티 & 메이크업",NULL
103035,모다모다,"MODA MODA",16,94278,NULL,"뷰티 & 메이크업",NULL
103104,바이브랩,ViveLab,61,244157,2,"뷰티 & 메이크업",NULL
103478,리터니티,RETURNITY,34,108964,NULL,"뷰티 & 메이크업",NULL
103485,케어드,Kared,8,23337,NULL,"뷰티 & 메이크업",NULL
104996,블랑셀,Blancell,3,62,NULL,"뷰티 & 메이크업",NULL
105170,시효,SHIHYO,15,48072,NULL,"뷰티 & 메이크업",NULL
105258,프레쉬라이트,Freshlight,2,82441,NULL,"뷰티 & 메이크업",NULL
105262,엑스비앙스,Exuviance,2,8957,NULL,"뷰티 & 메이크업",NULL
106166,프랜드,Pland,4,52171,1,"뷰티 & 메이크업","리프아르 (Lifar)"
106739,유니자르,UNIZAAR,1,395,NULL,"뷰티 & 메이크업",NULL
106881,"DIDIER DUBOT KOREA","DIDIER DUBOT KOREA",1,1794,NULL,"뷰티 & 메이크업",디디에두보
107083,프리메이,Freemay,4,22132,NULL,"뷰티 & 메이크업",NULL
107087,바티스트,Batiste,28,33252,NULL,"뷰티 & 메이크업",NULL
107816,폴라,"POLA KOREA OFFICIAL",11,14543,2,"뷰티 & 메이크업",NULL
107833,바세린,"Vaseline KR",55,77099,1,"뷰티 & 메이크업",NULL
108001,로이로사,Royrosa,1,141923,NULL,"뷰티 & 메이크업",NULL
108003,헬시플레이스,HEALTHYPLACE,16,156012,1,"뷰티 & 메이크업",빼바
108276,모뉴,monew,12,4441,NULL,"뷰티 & 메이크업",NULL
108340,비건슈퍼,"VEGAN SUPER",5,15022,NULL,"뷰티 & 메이크업",NULL
108341,알보우,RboW,3,105151,NULL,"뷰티 & 메이크업",NULL
108348,그라운드플랜,"GROUND PLAN",11,1476,NULL,"뷰티 & 메이크업",NULL
108350,라비오뜨,labiotte,28,47292,NULL,"뷰티 & 메이크업",NULL
108351,올웨이즈컬리,AWC,6,34762,NULL,"뷰티 & 메이크업",NULL
108352,메종쥬,J.U.S,1,1339,NULL,"뷰티 & 메이크업",NULL
108354,메이시크,maychic,2,5050,NULL,"뷰티 & 메이크업",NULL
108366,몽클로스,MONCLOS,23,82806,NULL,"뷰티 & 메이크업",NULL
108368,오딧세이,ODYSSEY,49,57512,NULL,"뷰티 & 메이크업",NULL
108377,픽앤웨어,PICKNWEAR,3,127,NULL,"뷰티 & 메이크업",NULL
108383,헤어플러스,NULL,31,62777,NULL,"뷰티 & 메이크업",NULL
108384,더후,"The history of Whoo",47,20923,3,"뷰티 & 메이크업",NULL
108454,르샤트라,NULL,1,670,NULL,"뷰티 & 메이크업",NULL
109398,이스터14,ISTER14,5,409008,NULL,"뷰티 & 메이크업",이스터14
109410,라돌프,Ladolf,14,124960,NULL,"뷰티 & 메이크업",NULL
109668,올리오,Ollio,49,45316,NULL,"뷰티 & 메이크업",NULL
109791,펠드아포테케,"Feld apotheke",17,8995,NULL,"뷰티 & 메이크업",NULL
109800,릴릴,LYLYL,61,136673,1,"뷰티 & 메이크업",NULL
109851,퍼퓸드말리,"Parfums de Marly",6,17490,NULL,"뷰티 & 메이크업",NULL
109856,Pomellato,Pomellato,3,24425,NULL,"뷰티 & 메이크업",포멜라토
109857,메디톨드연구소,NULL,36,1069904,2,"뷰티 & 메이크업","악시크림, 단감"
109869,렘스트,Remst,2,21810,NULL,"뷰티 & 메이크업",NULL
109877,아드망,NULL,32,29084,NULL,"뷰티 & 메이크업",NULL
109975,지비에이치,GBH,15,45947,NULL,"뷰티 & 메이크업",NULL
109980,엘르,"ELLE KOREA",9,35909,1,"뷰티 & 메이크업",NULL
110533,마로한,MAROHAN,1,302396,NULL,"뷰티 & 메이크업",NULL
110535,니앙스,"NIANCE Korea",1,308541,NULL,"뷰티 & 메이크업",NULL
110544,크레이브뷰티,KraveBeauty,1,307646,NULL,"뷰티 & 메이크업",NULL
110570,스킨볼릭,SKINBOLIC,8,22400,NULL,"뷰티 & 메이크업",NULL
110577,파이브센스,5ense,11,10273,NULL,"뷰티 & 메이크업",NULL
110585,마카네이쳐,"MAKA Nature",1,526,NULL,"뷰티 & 메이크업",NULL
110586,클로비,CLOBI,1,363,NULL,"뷰티 & 메이크업",NULL
110604,리덴스,Re:dence,36,32447,NULL,"뷰티 & 메이크업",NULL
110605,오이아스킨,"Oia skin",3,1085,NULL,"뷰티 & 메이크업",NULL
110606,아큼두,ACEUMDU,19,4913,NULL,"뷰티 & 메이크업",NULL
110610,키르시블렌딩,kirshblending,7,144663,NULL,"뷰티 & 메이크업",NULL
110613,클랍,"KLAPP KOREA",4,13440,NULL,"뷰티 & 메이크업",NULL
110624,비큐셀,BQCELL,7,2945,NULL,"뷰티 & 메이크업",NULL
110633,케라셀,Kerasal,15,408379,NULL,"뷰티 & 메이크업",NULL
110638,더페이스샵,THEFACESHOP,69,55212,NULL,"뷰티 & 메이크업",NULL
110646,헤브블루,HEVEBLUE,33,99636,1,"뷰티 & 메이크업",NULL
110650,무이,MUI,1,2831,NULL,"뷰티 & 메이크업",NULL
110659,엘솔레,lsoulle,2,62925,NULL,"뷰티 & 메이크업",NULL
110665,주미소,Jumiso,141,25318,2,"뷰티 & 메이크업",NULL
110685,허니체,HONEYCE,3,68476,NULL,"뷰티 & 메이크업",NULL
110686,선덕제주,"SUNDUK JEJU",1,1865,NULL,"뷰티 & 메이크업",NULL
110688,바니니,VANINI,2,515,NULL,"뷰티 & 메이크업",NULL
115769,"존슨즈베이비 코리아","Johnson's Baby Korea",12,40872,NULL,"뷰티 & 메이크업",NULL
115779,"플렌티 플랜트","plenty plant",3,678,NULL,"뷰티 & 메이크업",NULL
115792,엘레나이젠,NULL,1,19077,NULL,"뷰티 & 메이크업",NULL
115810,메이크힐,MAKEheal,24,45502,NULL,"뷰티 & 메이크업",NULL
115812,메디톡스,Medytox,10,168515,1,"뷰티 & 메이크업",NULL
116349,타가,taga,7,127445,NULL,"뷰티 & 메이크업",NULL
116381,563lab,563lab,NULL,NULL,NULL,"뷰티 & 메이크업",NULL
116394,그린비비,GREENVIVI,1,2131,NULL,"뷰티 & 메이크업",NULL
116400,참바디,NULL,1,1371,NULL,"뷰티 & 메이크업",NULL
116406,렌즈타운,Lenstown,12,1708,1,"뷰티 & 메이크업",NULL
116408,벨르랑코,"BELLE LANCO",9,5428,NULL,"뷰티 & 메이크업",NULL
116411,눅스,NUXE,27,20601,NULL,"뷰티 & 메이크업",NULL
116903,닥터505,dr.505,1,2274,NULL,"뷰티 & 메이크업",NULL
116910,르베라쥬,LEBELAGE,3,895,1,"뷰티 & 메이크업",NULL
117244,Alpenmoor1618,Alpenmoor1618,NULL,NULL,NULL,"뷰티 & 메이크업",NULL
117294,메리쏘드,MERYTHOD,24,2191,NULL," 뷰티 & 메이크업",
117365,볼리치,VOLIZI,1,1552,NULL,"뷰티 & 메이크업",NULL
117367,땡큐파머,"THANKYOU FARMER",14,391281,NULL,"뷰티 & 메이크업",NULL
117369,에스테덤,"INSTITUT ESTHEDERM KOREA",22,11003,1,"뷰티 & 메이크업",NULL
117371,씨드렛,SEEDLET,1,359,NULL,"뷰티 & 메이크업",NULL
117381,디마르3,DEMAR3,23,26511,NULL,"뷰티 & 메이크업",NULL
117386,폴스킨,"FOUR SKIN",10,19999,NULL,"뷰티 & 메이크업",NULL
117387,필로소피코리아,philosophy,6,105520,1,"뷰티 & 메이크업",NULL
118116,뷰티밤,"beauty bomb",3,2891,NULL,"뷰티 & 메이크업",NULL
118129,스킨코너,Skincorner,3,2405,NULL,"뷰티 & 메이크업",NULL
118143,볼빅,BALLVIC,80,10693,NULL,"뷰티 & 메이크업",NULL
118152,모에타,MOETA,2,388,NULL,"뷰티 & 메이크업",NULL
118262,에버셀,Evercell,9,101278,1,"뷰티 & 메이크업",NULL
118542,티퍼런스,Teafference,16,118247,NULL,"뷰티 & 메이크업",NULL
118839,이야,iya,49,4559,NULL,"뷰티 & 메이크업",이야뉴트리웰
118948,비프루브,VPROVE,18,92822,NULL,"뷰티 & 메이크업",NULL
118952,모델로화장품,MODELO,68,17363,2,"뷰티 & 메이크업",NULL
118961,콰티,QUA-T,8,10043,NULL,"뷰티 & 메이크업",NULL
119797,부케가르니,Bouquetgarni,1,2500,NULL,"뷰티 & 메이크업",NULL
119800,오에르,O'HER,NULL,NULL,NULL,"뷰티 & 메이크업",NULL
119806,씽크네이처,"Think nature",NULL,NULL,NULL,"뷰티 & 메이크업",NULL
119807,AIBIO,AIBIO,NULL,NULL,NULL,"뷰티 & 메이크업",NULL
119813,프랭클리,Frankly,10,5761,NULL,"뷰티 & 메이크업",NULL
119815,위키드랩,"WICKED Lab",1,183370,NULL,"뷰티 & 메이크업",NULL
119816,이퀄베리,EQQUALBERRY,4,112618,NULL,"뷰티 & 메이크업",NULL
122038,디마프,De:maf,2,111830,NULL,"뷰티 & 메이크업",NULL
128895,오렌즈,OLENS,74,65448,2,"뷰티 & 메이크업",NULL
129054,"헤비 메이크업","HEVVY MAKEUP",7,31807,3,"뷰티 & 메이크업",NULL
129055,원씽,"ONE THING",35,26814,1,"뷰티 & 메이크업",NULL
129057,갸스비,"GATSBY KOREA",18,68604,1,"뷰티 & 메이크업",NULL
129063,마미케어,"mommy care",50,36615,1,"뷰티 & 메이크업",NULL
129140,이아이오,EIIO,9,39650,NULL,"뷰티 & 메이크업",NULL
129150,이지에프올로지,EGFology,6,16916,NULL,"뷰티 & 메이크업",NULL
129489,블루마틴,블루마틴,NULL,NULL,NULL,"뷰티 & 메이크업",NULL
129553,코익,NULL,1,38762,NULL,"뷰티 & 메이크업",레플레르드랑방
129563,포레스트,FoRest,36,54698,4,"뷰티 & 메이크업",NULL
129567,리필드,REFILLED,60,237130,1,"뷰티 & 메이크업",NULL
129857,칼앤한스,Karl&Hans,3,84596,NULL,"뷰티 & 메이크업",NULL
129890,힐미,Healme,NULL,NULL,NULL,"뷰티 & 메이크업",NULL
129897,드렁크엘리펀트,"Drunk Elephant",9,2752,NULL,"뷰티 & 메이크업",NULL
129901,아쿠아그린텍,AquaGreenTech,1,1093,NULL,"뷰티 & 메이크업","에끌로바 샴푸"
129917,소울,XOUL,4,74310,NULL,"뷰티 & 메이크업",NULL
130584,살롱핸즈,NULL,4,790,NULL,"뷰티 & 메이크업",NULL
130598,카멕스,Carmex,4,705372,NULL,"뷰티 & 메이크업",NULL
130612,얼라인랩,alignlab,9,43411,NULL,"뷰티 & 메이크업",NULL
130613,뷰앤디,Beaund,91,130435,2,"뷰티 & 메이크업",NULL
130617,카미,Kamee,NULL,NULL,NULL,"뷰티 & 메이크업",NULL
130744,민트리,Mintree,20,14745,NULL,"뷰티 & 메이크업",NULL
130745,바노바기,NULL,8,46152,NULL,"뷰티 & 메이크업",NULL
130783,큐포레,QFORET,NULL,NULL,NULL,"뷰티 & 메이크업",NULL
130790,오우즈너리,Ooznary,55,191645,1,"뷰티 & 메이크업",NULL
130840,닥터트웬티프로젝트,"Dr. twentyproject",7,7726,NULL,"뷰티 & 메이크업",NULL
130841,원진이펙트,WONJINEFFECT,NULL,NULL,NULL,"뷰티 & 메이크업",NULL
130842,숨37,SUM37,25,23307,NULL,"뷰티 & 메이크업",NULL
130844,슬로우글로우,slowglow,21,16902,NULL,"뷰티 & 메이크업",NULL
130849,"더 트리니티 스파","The Trinity Spa",NULL,NULL,NULL,"뷰티 & 메이크업",NULL
130850,엑스미,Xmii,3,372,NULL,"뷰티 & 메이크업",NULL
130851,공스킨,Gongskin,21,10059,4,"뷰티 & 메이크업",NULL
130882,네츄럴라이프,네츄럴라이프,3,723747,NULL,"뷰티 & 메이크업","얼라이브 비타민"
131100,리바,Reevaa,1,42049,NULL,"뷰티 & 메이크업",NULL
131101,뷰티풀스마일,BEAUTIFULSMILE,NULL,NULL,NULL,"뷰티 & 메이크업",NULL
131102,라라이프,Lalaif,NULL,NULL,NULL,"뷰티 & 메이크업",NULL
131103,셀올로지,Cellology,29,61773,NULL,"뷰티 & 메이크업","블루 이레이저 세럼"
131366,라에스테,laesthe,6,327750,NULL,"뷰티 & 메이크업",NULL
131379,톰,THOME,100,92691,3,"뷰티 & 메이크업","글레이즈드,  톰더글로우"
131397,잇퓨,NULL,14,373,NULL,"뷰티 & 메이크업",NULL
131400,에티에르,NULL,NULL,NULL,NULL,"뷰티 & 메이크업",NULL
131571,심플로그,simplog,71,2471,NULL,"뷰티 & 메이크업",NULL
131584,리얼라이즈,realrise,NULL,NULL,NULL,"뷰티 & 메이크업",NULL
131586,유어초이스,YOURCHOICE,NULL,NULL,NULL,"뷰티 & 메이크업",NULL
131589,화려화,NULL,NULL,NULL,NULL,"뷰티 & 메이크업",NULL
131595,포레파리,"Foret Paris",NULL,NULL,NULL,"뷰티 & 메이크업",NULL
131610,쏘펠,SOPEL,4,841,NULL,"뷰티 & 메이크업",모레카
131611,리만코리아,"RIMAN KOREA",NULL,NULL,NULL,"뷰티 & 메이크업",인셀덤
131612,시드물,NULL,NULL,NULL,NULL,"뷰티 & 메이크업",NULL
131613,미친스킨,Crazyskin,NULL,NULL,NULL,"뷰티 & 메이크업",
131614,포더보리,NULL,NULL,NULL,NULL,"뷰티 & 메이크업",에스테소피
131627,셀블룸,Cellbloom,15,51761,NULL,"뷰티 & 메이크업",NULL
135319,뷰티스,뷰티스,NULL,NULL,NULL,"뷰티 & 메이크업",NULL
135371,필립비,"PHILIP B",2,893835,NULL,"뷰티 & 메이크업",NULL
135825,커리쉴,NULL,9,8429,NULL,"뷰티 & 메이크업",NULL
135826,리즈케이,lizk,1,24668,NULL,"뷰티 & 메이크업",NULL
135836,벨레다,"weleda korea",14,170733,NULL,"뷰티 & 메이크업",NULL
142937,아니모,ANIMO,7,70517,NULL,"뷰티 & 메이크업",NULL
142940,닥터웰메이드원,Dr.Wellmadeone,19,118159,NULL,"뷰티 & 메이크업",NULL
142949,룰루진,lulugine,1,35912,NULL,"뷰티 & 메이크업",NULL
142950,폴앤조,Paulandjoe,10,59100,NULL,"뷰티 & 메이크업",NULL
142952,런드리유,Laundryou,15,59754,NULL,"뷰티 & 메이크업",NULL
142954,테누이,Tenui,1,20969,NULL,"뷰티 & 메이크업",NULL
142969,닥터바이오,Dr.Bio,41,22748,1,"뷰티 & 메이크업",NULL
143483,윙블링,윙블링,4,222903,1,"뷰티 & 메이크업",
143523,아유아유,아유아유,1,17,NULL,"뷰티 & 메이크업",NULL
143540,아베아,avea,2,2046,NULL,"뷰티 & 메이크업",NULL
143548,스톤헨지,Stonehenge,8,245444,NULL,"뷰티 & 메이크업",NULL
144068,옥시젠슈티컬스,"OxygenCeuticals Korea",1,57774,NULL,"뷰티 & 메이크업",NULL
144070,긴자토마토,NULL,NULL,NULL,NULL,"뷰티 & 메이크업",NULL
144711,어니스트바디,Honestbody,1,311057,NULL,"뷰티 & 메이크업",NULL
145941,이퓨럽,IFULUV,2,1409,NULL,"뷰티 & 메이크업",NULL
146019,세토리얼,Cetorial,1,130760,NULL,"뷰티 & 메이크업",NULL
146027,"퓨라셀 Puraxel","퓨라셀 Puraxel",16,19720,NULL,"뷰티 & 메이크업",NULL
146095,라비오라,NULL,4,125135,NULL,"뷰티 & 메이크업",NULL
146171,비글로어,NULL,30,30795,NULL,"뷰티 & 메이크업",NULL
146177,제이앤유리,J&YURI,11,227,NULL,"뷰티 & 메이크업",NULL
146179,에이율,Ayul,4,2908,NULL,"뷰티 & 메이크업",NULL
146214,꼬달리,Caudalie,94,9726,NULL,"뷰티 & 메이크업",NULL
146215,시예누,SIENU,NULL,NULL,NULL,"뷰티 & 메이크업",NULL
146216,스킨시그널,"SKIN SIGNAL",8,19122,NULL,"뷰티 & 메이크업",NULL
146217,베리디크,VERIDIQUE,3,144368,NULL,"뷰티 & 메이크업",NULL
146218,탈리다쿰,"Talitha Koum",3,9590,NULL,"뷰티 & 메이크업",NULL
146219,엘리케이,"Elli K Beauty",3,9590,NULL,"뷰티 & 메이크업",NULL
146220,라포티셀,LAPOTHICELL,4,699,NULL,"뷰티 & 메이크업",NULL
146222,더하르나이,"The Harnay",19,17029,NULL,"뷰티 & 메이크업",NULL
146223,루아페,Luafee,8,28960,NULL,"뷰티 & 메이크업",NULL
146224,바디바,vadiva,2,7994,NULL,"뷰티 & 메이크업",NULL
146229,메이크온,makeon,71,28559,5,"뷰티 & 메이크업",NULL
146230,"에이피 뷰티","AP Beauty",7,114554,2,"뷰티 & 메이크업",NULL
146231,필그로우,fillgrow,3,3133,NULL,"뷰티 & 메이크업",NULL
146240,뷰디아니,BEAUDIANI,10,113814,NULL,"뷰티 & 메이크업",NULL
146250,"라뜰리에 데 퍼퓸",NULL,NULL,NULL,NULL,"뷰티 & 메이크업",NULL
146254,블리블리,"VELY VELY",10,6257,NULL,"뷰티 & 메이크업",NULL
146258,풀리,FULLY,127,25166,2,"뷰티 & 메이크업",NULL
146261,나우앤댄,now&than,14,1854,NULL,"뷰티 & 메이크업",NULL
146262,휘게,HYGGEE,6,11844,NULL,"뷰티 & 메이크업",NULL
146298,이넬릭서,NULL,4,377511,NULL,"뷰티 & 메이크업",NULL
146302,원오브뎀,Oneofthem,10,11855,NULL,"뷰티 & 메이크업",NULL
146319,랑끄,Langgg,2,9724,NULL,"뷰티 & 메이크업",NULL
146320,에센인씨,ESSENINCI,1,329,NULL,"뷰티 & 메이크업",NULL
146321,슬로우랩,SlowLab,6,764,NULL,"뷰티 & 메이크업",NULL
146323,엠유에이치,MUH,3,144936,NULL,"뷰티 & 메이크업",NULL
146329,플랜트,PLANT,4,14347,NULL,"뷰티 & 메이크업",NULL
146336,샹프리,SHANGPREE,3,8362,NULL,"뷰티 & 메이크업",NULL
146438,디어에이,Dear.A,98,80387,2,"뷰티 & 메이크업",NULL
146439,애팅,AETHING,1,5082,NULL,"뷰티 & 메이크업",NULL
146441,리브엠,Reve:am,9,80382,NULL,"뷰티 & 메이크업",NULL
146442,내쉬키,Nashkie,NULL,NULL,NULL,"뷰티 & 메이크업",NULL
146443,버터샤워,Buttershower,NULL,NULL,NULL,"뷰티 & 메이크업",NULL
146444,비히디,BEHYDY,3,5827,NULL,"뷰티 & 메이크업",NULL
146445,1.618,"1.618 cosmetics",6,788,NULL,"뷰티 & 메이크업",NULL
146446,춘몽,CHUNMONG,21,107028,4,"뷰티 & 메이크업",NULL
146450,케어존,"CARE ZONE",23,16623,NULL,"뷰티 & 메이크업",NULL
146451,누텍스처,Nutexture,17,57336,NULL,"뷰티 & 메이크업",NULL
146463,부티쥬르,BOUTIJOUR,1,8163,NULL,"뷰티 & 메이크업",NULL
146464,율립,"YULIP BEAUTY",1,3410,NULL,"뷰티 & 메이크업",NULL
146472,키킹프로젝트,NULL,3,62973,NULL,"뷰티 & 메이크업",NULL
146473,살사랑,NULL,14,19172,NULL,"뷰티 & 메이크업",NULL
146474,새피부,NULL,2,10792,NULL,"뷰티 & 메이크업",NULL
146476,토피크렘,NULL,3,18378,NULL,"뷰티 & 메이크업",NULL
146485,노멀노모어,NULL,3,63547,NULL,"뷰티 & 메이크업",NULL
146486,에쥬아,NULL,2,23826,NULL,"뷰티 & 메이크업",NULL
146487,나린플라,NULL,2,356,NULL,"뷰티 & 메이크업",NULL
146489,인투메디,NULL,NULL,NULL,NULL,"뷰티 & 메이크업",NULL
146490,티샤,TISHA,1,16672,NULL,"뷰티 & 메이크업",NULL
146491,제이더플로어,jthefloor,NULL,NULL,NULL,"뷰티 & 메이크업",NULL
146514,도시어,Dossier,6,10060,NULL,"뷰티 & 메이크업",NULL
146515,유리숲,NULL,10,4076,NULL,"뷰티 & 메이크업",NULL
147424,니아르,NE:AR,150,61382,6,"뷰티 & 메이크업",NULL
147435,바렌,baren,32,50082,NULL,"뷰티 & 메이크업",NULL
147438,필킨,Feelkeen,28,22522,NULL,"뷰티 & 메이크업",NULL
147439,뷰티피플,"BEAUTY PEOPLE",4,2945,NULL,"뷰티 & 메이크업",NULL
147441,에브리톡톡,EVERYTOKTOK,8,345195,NULL,"뷰티 & 메이크업",NULL
147448,써마지FLX,Thermageflx,2,4406,NULL,"뷰티 & 메이크업",NULL
147455,Uvx,Uvx,NULL,NULL,NULL,"뷰티 & 메이크업",NULL
147456,누니주얼리,"NOONEE jewelry",NULL,NULL,NULL,"뷰티 & 메이크업",NULL
147459,위오,AUIO,14,10913,NULL,"뷰티 & 메이크업",NULL
147461,트루라벨,Truelabel,1,1038116,NULL,"뷰티 & 메이크업",NULL
147464,한강미인,NULL,NULL,NULL,NULL,"뷰티 & 메이크업",NULL
147576,PINKWONDER,PINKWONDER,NULL,NULL,NULL,"뷰티 & 메이크업",
147737,릴렉슬리,RELAXLY,10,508,NULL,"뷰티 & 메이크업",NULL
147753,"럽럽 코스메틱","LOVB LOVB",11,300,NULL,"뷰티 & 메이크업",NULL
147756,데오아,de:or,28,905,NULL,"뷰티 & 메이크업",NULL
148283,므시뚜,MSITU,2,370,NULL,"뷰티 & 메이크업",NULL
148286,브랜디포,BRANDEPOT,3,677,NULL,"뷰티 & 메이크업",NULL
148297,로더렛,lodeurlette,18,11588,NULL,"뷰티 & 메이크업",NULL
148304,"젤로젤로 네일",JelloJello,3,456759,NULL,"뷰티 & 메이크업",NULL
148307,정직한실험실,True.LAB,7,11303,1,"뷰티 & 메이크업",NULL
148309,수이사이,suisai,4,21452,NULL,"뷰티 & 메이크업",NULL
148321,리맥,RIMAC,1,7250,NULL,"뷰티 & 메이크업",NULL
148468,로지로이,로지로이,8,62728,NULL,"뷰티 & 메이크업",NULL
148494,투크,Tooq,30,150529,NULL,"뷰티 & 메이크업",NULL
148495,네이처카인드,NULL,NULL,NULL,NULL,"뷰티 & 메이크업",NULL
148497,앤드류앤코,NULL,4,18484,NULL,"뷰티 & 메이크업",NULL
148605,메즈클라,MEZCLAR,7,1080,NULL,"뷰티 & 메이크업",NULL
148609,로마,LOMA,14,165486,4,"뷰티 & 메이크업",NULL
148615,히든,hedn,19,45600,NULL,"뷰티 & 메이크업",NULL
148616,"퓨젠바이오 (세포랩)",NULL,50,38612,5,"뷰티 & 메이크업",NULL
148617,디오프러스,DEOPROCE,2,8166,NULL,"뷰티 & 메이크업",NULL
148622,플라스킨,flaskin,27,40700,NULL,"뷰티 & 메이크업",NULL
148623,플르부아,pleuvoir,36,25549,NULL,"뷰티 & 메이크업",NULL
148624,미프,MIP,20,23591,NULL,"뷰티 & 메이크업",비타맥스
148634,캐스키드슨,"Cath Kidston Korea",52,3041,NULL,"뷰티 & 메이크업",NULL
148640,프라이웰,"freioil korea",4,36660,NULL,"뷰티 & 메이크업",NULL
148646,"마비스 코리아","MARVIS KOREA",1,3300,NULL,"뷰티 & 메이크업",NULL
148651,스노우투플러스,snow2+,22,34817,NULL,"뷰티 & 메이크업",NULL
149674,닥터랩노쉬,닥터랩노쉬,45,65685,NULL,"뷰티 & 메이크업",NULL
149839,기가스킨,GIGASKIN,3,498,NULL,"뷰티 & 메이크업",NULL
149861,프롬메디,frommedi,13,66525,NULL,"뷰티 & 메이크업",NULL
149875,밀키릴리,milkylily,1,7740,NULL,"뷰티 & 메이크업",NULL
149884,루에다,RUEDA,1,101730,NULL,"뷰티 & 메이크업",NULL
149887,닥터영,Dr.young,1,1887,NULL,"뷰티 & 메이크업",NULL
150299,"르플랑 에떼","le plein été",1,571,NULL,"뷰티 & 메이크업",NULL
150300,캠퍼스블라썸,"CAMPUS BLOSSOM",1,11232,NULL,"뷰티 & 메이크업",NULL
150301,러비더비,"LOVEY DOVEY",3,111228,NULL,"뷰티 & 메이크업",NULL
150302,트와터치,troistouch,8,2403,NULL,"뷰티 & 메이크업",NULL
150303,헤이우,heyooo,2,898,NULL,"뷰티 & 메이크업",NULL
150304,오아무아,oamua,1,1494,NULL,"뷰티 & 메이크업",NULL
150305,위드렌즈,WIDLENS,17,8502,NULL,"뷰티 & 메이크업",NULL
150306,반트36.5,VANT36.5,2,4346,1,"뷰티 & 메이크업",NULL
150307,터치인솔,"Touch in sol",43,33040,1,"뷰티 & 메이크업",NULL
150308,메튜장,"matthew chang perfumes",7,48061,NULL,"뷰티 & 메이크업",NULL
150309,슈레피,surepi,4,24995,NULL,"뷰티 & 메이크업",NULL
150311,"블라이드 코스메틱",BLITHE,22,7355,2,"뷰티 & 메이크업",NULL
150313,오쿠라코세,OCURAKOSE,1,2389,NULL,"뷰티 & 메이크업",NULL
150314,슈에무라,shuuemurakr,3,107217,NULL,"뷰티 & 메이크업",NULL
150315,팁시,TPSY,6,53808,NULL,"뷰티 & 메이크업",NULL
150807,모어벨라,Morebella,1,1725,NULL,"뷰티 & 메이크업",NULL
150808,링셀,LINGCELL,5,7588,NULL,"뷰티 & 메이크업",NULL
150809,에이페,epais,19,46291,1,"뷰티 & 메이크업",NULL
150810,제이준,JAYJUN,13,102212,NULL,"뷰티 & 메이크업",NULL
150811,실크테라피,silktherapy,14,84501,1,"뷰티 & 메이크업",NULL
150812,베어앤블리스,barenbliss,2,1252,NULL,"뷰티 & 메이크업",NULL
150813,라본느코스메틱,"la bonne",1,184614,NULL,"뷰티 & 메이크업",NULL
150827,띠아느,"thyane story",1,13,NULL,"뷰티 & 메이크업",NULL
150828,어글리러블리,"UGLY LOVELY",8,44765,NULL,"뷰티 & 메이크업",NULL
150829,어모브,amauve,1,253998,NULL,"뷰티 & 메이크업",NULL
150841,투비건,Tovegan,1,108963,NULL,"뷰티 & 메이크업",NULL
150847,코니샤,CONISHA,7,185673,NULL,"뷰티 & 메이크업",NULL
150855,비건어스,"Vegan Us",2,34464,NULL,"뷰티 & 메이크업",NULL
150862,세럼카인드,SERUMKIND,3,8528,NULL,"뷰티 & 메이크업",NULL
150863,에즈블랑,Asblanc,12,3032,NULL,"뷰티 & 메이크업",NULL
150869,루토닉스,ROOTONIX,10,6408,NULL,"뷰티 & 메이크업",NULL
150880,보타미안,Botamian,2,456,NULL,"뷰티 & 메이크업",NULL
150882,뷰런치,Beaurunch,2,5994,NULL,"뷰티 & 메이크업",NULL
150897,모떼퀸,"Motte Queen",NULL,NULL,NULL,"뷰티 & 메이크업",NULL
150902,딸맘드,ddalmomde,1,388,1,"뷰티 & 메이크업",NULL
150904,쿼드쎄라,Quadthera,114,23819,7,"뷰티 & 메이크업",NULL
150910,뮤르디,Murdi,6,2805,NULL,"뷰티 & 메이크업",NULL
150919,일루미엘,NULL,31,192380,NULL,"뷰티 & 메이크업",NULL
151375,은율,EUNYUL,9,56967,NULL,"뷰티 & 메이크업",NULL
151379,라치엘,lachiel,2,16375,NULL,"뷰티 & 메이크업",NULL
151385,메디올,MED:ALL,8,225473,1,"뷰티 & 메이크업",NULL
151394,올라플렉스,OLAPLEX,109,7380,NULL,"뷰티 & 메이크업",NULL
151410,제나벨,Genabelle,13,506801,NULL,"뷰티 & 메이크업",NULL
151527,스칼뮨,Scalpmune,NULL,NULL,NULL,"뷰티 & 메이크업",NULL
151531,헤치,Hech,2,594,NULL,"뷰티 & 메이크업",NULL
151537,더나플러스,NULL,2,2244182,NULL,"뷰티 & 메이크업",NULL
151807,에끌라두,ECLADO,11,18259,NULL,"뷰티 & 메이크업",NULL
151809,락토클리어,LACTOClear,14,6706,NULL,"뷰티 & 메이크업",NULL
151937,제로이드,Zeroid,44,137774,2,"뷰티 & 메이크업",NULL
152040,밀킨,Milkin,3,1686,2,"뷰티 & 메이크업",NULL
152152,힐어스,"Heal us",15,106990,NULL,"뷰티 & 메이크업",NULL
152168,메이베나,MAYBENA,9,186356,NULL,"뷰티 & 메이크업",NULL
152169,써니팝,SUNNYPOP,1,770,NULL,"뷰티 & 메이크업",NULL
152170,디에제르,DIEZER,20,49256,NULL,"뷰티 & 메이크업",NULL
152171,벨로큐어,"bello cure",2,2585,NULL,"뷰티 & 메이크업",NULL
152180,로디션,lodition,7,90472,NULL,"뷰티 & 메이크업",NULL
152182,키에라,KIERA,10,26094,NULL,"뷰티 & 메이크업",NULL
152185,노엘로힐스,"Noelo Hills",3,25289,NULL,"뷰티 & 메이크업",NULL
152201,나어릴때,NA.EORILTTAE,2,1662,NULL,"뷰티 & 메이크업",NULL
152627,올리브영_F,Oliveyoung_F,NULL,NULL,NULL,"뷰티 & 메이크업",NULL
152741,깜빡,ccambbak,8,57754,NULL,"뷰티 & 메이크업",NULL
152744,써랏,SURRATT,2,107684,NULL,"뷰티 & 메이크업",NULL
152749,스카인드,SKIND,15,299,NULL,"뷰티 & 메이크업",NULL
152750,쉬크,Schick,6,361380,NULL,"뷰티 & 메이크업",NULL
152754,브이에티크,V'ethic,1,3139,NULL,"뷰티 & 메이크업",NULL
152755,이프너리,NULL,NULL,NULL,NULL,"뷰티 & 메이크업",NULL
152756,이스프렌,ISFREN,NULL,NULL,NULL,"뷰티 & 메이크업",NULL
152761,가인미가,GAINMIGA,NULL,NULL,NULL,"뷰티 & 메이크업",NULL
152766,체인지클리닉,NULL,NULL,NULL,NULL,"뷰티 & 메이크업",NULL
152779,빈느,VINNE,13,15282,NULL,"뷰티 & 메이크업",NULL
152879,"엔트로피 메이크업","ENTROPY Makeup",11,177405,NULL,"뷰티 & 메이크업",엔트로피
152890,오하다,OHADA,5,1674,NULL,"뷰티 & 메이크업",NULL
152893,허니시,HONISY,3,3100,NULL,"뷰티 & 메이크업",NULL
152900,배쓰앤바디웍스,"Bath & Body Works",1,430000,NULL,"뷰티 & 메이크업",NULL
152919,"라프레앙 코스메틱","la fleuren",1,401,NULL,"뷰티 & 메이크업",NULL
152921,루네스,"Lunesse Skinnovative",2,354558,NULL,"뷰티 & 메이크업",
152926,라보니따,Labonita,2,1766,NULL,"뷰티 & 메이크업",NULL
152929,"줄리엣 헤즈 어 건","Juliette has a Gun",2,29480,NULL,"뷰티 & 메이크업",NULL
152939,오미티드,omitted,4,3883,NULL,"뷰티 & 메이크업",NULL
152954,메드비,"MedB Cosmetic",9,3224,NULL,"뷰티 & 메이크업",NULL
152955,리브이셀,REVCELL,5,90408,NULL,"뷰티 & 메이크업",NULL
152975,애터미,ATOMY,5,686,NULL,"뷰티 & 메이크업",NULL
153085,"SK-II Korea","SK-II Korea",14,264547,1,"뷰티 & 메이크업",NULL
153092,메디미플러스,medimeplus,4,1146851,NULL,"뷰티 & 메이크업",NULL
153110,레스노베,"res novae",16,343972,NULL,"뷰티 & 메이크업",하이퍼샷
153137,토르홉,Torhop,89,53413,NULL,"뷰티 & 메이크업",NULL
153139,모멘센트,momenscent,5,2831,NULL,"뷰티 & 메이크업",NULL
153144,리비힐,reviheal,9,610,NULL,"뷰티 & 메이크업",NULL
153170,심플레인,simplain,6,42363,NULL,"뷰티 & 메이크업",NULL
153313,올리브영_5,Oliveyoung_5,NULL,NULL,NULL,"뷰티 & 메이크업",NULL
153449,클리어디어,ClearDea,7,20963,1,"뷰티 & 메이크업",NULL
153454,커버서울,COVERSEOUL,11,3653,NULL,"뷰티 & 메이크업",NULL
153458,에스투파,estufa,3,55246,NULL,"뷰티 & 메이크업",NULL
153459,미스드래곤,"miss dragon",1,345,NULL,"뷰티 & 메이크업",NULL
153460,사운드퍼퓸,"Sound Perfume",3,607593,NULL,"뷰티 & 메이크업",NULL
153473,썬플랜,"Son Plan",3,1296,NULL,"뷰티 & 메이크업",NULL
153474,반디,BANDI,8,4336,NULL,"뷰티 & 메이크업",NULL
153483,"헤드스파 루시",NULL,1,5736,NULL,"뷰티 & 메이크업",NULL
153493,스킨앤플러스,NULL,2,60339,NULL,"뷰티 & 메이크업",NULL
153497,코랩,COLAB,35,8207,8,"뷰티 & 메이크업",NULL
153502,에딧비,EDIT.B,20,55853,NULL,"뷰티 & 메이크업",NULL
153504,미즈온,"Mizon Global",13,4911,NULL,"뷰티 & 메이크업",NULL
153505,사포렐,Ssaforelle,29,2314,NULL,"뷰티 & 메이크업",NULL
153508,아르베,arwe,3,69331,NULL,"뷰티 & 메이크업",NULL
153525,퓨어포레,PUREFORET,2,3347221,NULL,"뷰티 & 메이크업",NULL
153533,에스엠티에스,sMTS,2,431828,NULL,"뷰티 & 메이크업",NULL
153536,키치캐치,"KITSCH CATCH",12,24805,NULL,"뷰티 & 메이크업",NULL
153544,식물나라,NULL,16,38841,4,"뷰티 & 메이크업",NULL
153550,논그로운왁싱,NULL,1,28850,NULL,"뷰티 & 메이크업",NULL
153551,티스,TISS,10,7470,NULL,"뷰티 & 메이크업",NULL
153555,"아쿠아 디 파르마","Acqua di Parma",3,11791,NULL,"뷰티 & 메이크업",NULL
153560,유쓰어클락,YOUTHOCLOCK,1,1116,NULL,"뷰티 & 메이크업",NULL
153569,피스피스피스,PSPSPS,6,15951,NULL,"뷰티 & 메이크업",NULL
153572,비오엠,B.O.M,17,136218,NULL,"뷰티 & 메이크업",NULL
153574,닥터슈라클,"Dr. Ceuracle",9,829,NULL,"뷰티 & 메이크업",NULL
153587,기프티스트,GIFTEAST,1,7200,NULL,"뷰티 & 메이크업",NULL
153592,제이플리,Jflee,NULL,NULL,NULL,"뷰티 & 메이크업",NULL
153593,지피케이제이더블유,GPKJW,NULL,NULL,NULL,"뷰티 & 메이크업",NULL
153594,"닥터 강블리",Dr.Gangbly,NULL,NULL,NULL,"뷰티 & 메이크업",NULL
153595,제이투엠투,JtwoMtwo,NULL,NULL,NULL,"뷰티 & 메이크업",NULL
153644,보그헤어,"VOG Hair",3,95096,NULL,"뷰티 & 메이크업",NULL
153649,포에지아,poesia,1,2426,NULL,"뷰티 & 메이크업",NULL
153660,라곰,LAGOM,34,89299,5,"뷰티 & 메이크업",NULL
153735,디마레,디마레TV,3,229777,NULL,"뷰티 & 메이크업",
153739,뷰티인어스,NULL,NULL,NULL,NULL,"뷰티 & 메이크업",NULL
153741,디에이드,NULL,NULL,NULL,NULL,"뷰티 & 메이크업",NULL
153747,모나코코,MONACOCO,1,136146,NULL,"뷰티 & 메이크업",NULL
153798,포레덤,Foretderm,2,28700,NULL,"뷰티 & 메이크업",NULL
153813,퀄리티퍼스트,"Quality first",14,520213,NULL,"뷰티 & 메이크업",더마레이저
153815,르마하,LEMAHA,3,47442,2,"뷰티 & 메이크업",NULL
153834,울트라브이,"ULTRA V",4,728,NULL,"뷰티 & 메이크업",NULL
153837,3와우,3waau,3,1288,NULL,"뷰티 & 메이크업",NULL
153867,블카,BLCA,3,7641,NULL,"뷰티 & 메이크업",NULL
153920,Lummir,Lummir,11,8192,NULL,"뷰티 & 메이크업",루미르
153941,쌔뮤,SAM'U,5,382486,NULL,"뷰티 & 메이크업",NULL
154159,에이바헤어,avahair,4,55748,NULL,"뷰티 & 메이크업",NULL
154168,스킨빌더스,SKINBUILDERS,2,2345,NULL,"뷰티 & 메이크업",NULL
154172,가든스오브제,"Garden's Objet",9,747,NULL,"뷰티 & 메이크업",NULL
154203,플라스티코스,PLASTIKOS,1,154377,NULL,"뷰티 & 메이크업",NULL
154230,바디언스,BODIANCE,5,290430,1,"뷰티 & 메이크업",NULL
154265,셀인샷,"Cell In Shot",166,142161,4,"뷰티 & 메이크업","알란테놀, 트라넥"
154271,지샌달,JYSANDAL,10,189722,NULL,"뷰티 & 메이크업",NULL
154273,"박승철 위그스투디오",NULL,5,130740,NULL,"뷰티 & 메이크업",NULL
154293,클라비안,CLABIANE,2,28230,NULL,"뷰티 & 메이크업",리프텐S
154311,가이랑,qairang,NULL,NULL,NULL,"뷰티 & 메이크업",NULL
154351,모나이트,Mornight,12,334546,NULL,"뷰티 & 메이크업",NULL
154392,상떼화장품,SANTE,NULL,NULL,NULL,"뷰티 & 메이크업",NULL
154428,게스케,"GESKE Beauty Tech",9,162497,NULL,"뷰티 & 메이크업",NULL
154432,"리베니프 revenip","리베니프 revenip",1,1260000,NULL,"뷰티 & 메이크업",
154443,브리티시엠,"BRITISH M",6,11352,NULL,"뷰티 & 메이크업",NULL
154456,멜리언스,MELIENS,10,101082,2,"뷰티 & 메이크업",NULL
154471,"리퀴드 퍼퓸파","Liquides Bar a Parfums",3,23988,NULL,"뷰티 & 메이크업",NULL
154490,후르디아,FRUDIA,7,1149,NULL,"뷰티 & 메이크업",NULL
154588,리노이아,renoia,4,415995,NULL,"뷰티 & 메이크업",NULL
154590,엑슈얼,Xual,3,940346,NULL,"뷰티 & 메이크업",NULL
154592,케어플러스,Careplus,32,55376,NULL,"뷰티 & 메이크업",NULL
154600,파이브바이브,"five vibe",1,34262,NULL,"뷰티 & 메이크업",NULL
154601,아이프로덕트,NULL,1,135321,NULL,"뷰티 & 메이크업",아이젠틀맨
154609,글램벅스,Glambux,3,9786,NULL,"뷰티 & 메이크업",NULL
154610,리버스포뮬러,"REVERSE FORMULA",3,11090,1,"뷰티 & 메이크업",NULL
154621,베이글코스메틱,NULL,1,6421,NULL,"뷰티 & 메이크업",NULL
154622,르넥트,le'nect,7,48645,NULL,"뷰티 & 메이크업",NULL
154623,바이위시트렌드,Bywishtrend,4,9622,NULL,"뷰티 & 메이크업",NULL
154625,바디리서치,BODYRESEARCH,2,1264,NULL,"뷰티 & 메이크업",NULL
154627,뷰티하라,"BEAUTY HARA",NULL,NULL,NULL,"뷰티 & 메이크업",NULL
154639,뮤렌,murren,6,57482,NULL,"뷰티 & 메이크업",NULL
154641,아닐로,ANILLO,18,123881,1,"뷰티 & 메이크업",NULL
154649,에피누보,Epinouveau,10,35704,NULL,"뷰티 & 메이크업",NULL
154650,이퀄리브,equlib,8,51990,NULL,"뷰티 & 메이크업",NULL
154664,어시크,achic,NULL,NULL,NULL,"뷰티 & 메이크업",NULL
154677,벨프리모,Belprimo,9,27900,NULL,"뷰티 & 메이크업",NULL
154679,마이토온,mito:ON,NULL,NULL,NULL,"뷰티 & 메이크업",NULL
154683,디피어,deepeer,10,52451,2,"뷰티 & 메이크업",NULL
154684,세잔느,Cezanne,5,3950,NULL,"뷰티 & 메이크업",NULL
154685,노노어,Nonoer,21,9519,NULL,"뷰티 & 메이크업",NULL
154755,몽뤼르,Monriiur,7,65125,NULL,"뷰티 & 메이크업",NULL
154803,엑소메라,exomera,5,198839,NULL,"뷰티 & 메이크업",NULL
154808,오프라코스메틱,"OFRA Cosmetics Korea",4,210768,NULL,"뷰티 & 메이크업",NULL
154812,드레싱테이블,"DRESSING TABLE",NULL,NULL,NULL,"뷰티 & 메이크업",NULL
154851,글피오,"Glphy,O",11,96293,NULL,"뷰티 & 메이크업",NULL
154861,리아네이처,Lyanature,2,372301,1,"뷰티 & 메이크업",NULL
154862,셀핏,Sellfit,1,244326,NULL,"뷰티 & 메이크업",NULL
154871,휘란,hwiran,5,1403,NULL,"뷰티 & 메이크업",NULL
154872,딥퍼랑스,Deeperence,22,23417,NULL,"뷰티 & 메이크업",NULL
154878,피치홀릭,Peacholic,1,24536,NULL,"뷰티 & 메이크업",NULL
154881,쿠스,"KUO'S Professional",2,179304,NULL,"뷰티 & 메이크업",NULL
154945,앤디얼,and:ar,15,5748,NULL,"뷰티 & 메이크업",NULL
154981,키라니아,kirania,2,82496,NULL,"뷰티 & 메이크업",NULL
154984,아이엠유,"imu korea",5,17547,NULL,"뷰티 & 메이크업",NULL
154985,"로렌조 빌로레시","Lorenzo Villoresi",1,15148,NULL,"뷰티 & 메이크업",NULL
154986,밍크아이,"MINKI Volume Hair",3,116108,NULL,"뷰티 & 메이크업",NULL
154991,툴리프,Toolif,6,1783,NULL,"뷰티 & 메이크업",NULL
155061,셀로라바이,CELORA.BY,13,39398,NULL,"뷰티 & 메이크업",NULL
155062,밈즈,MIMZ,15,20275,5,"뷰티 & 메이크업",NULL
155076,셀로딘,celodin,8,2666,NULL,"뷰티 & 메이크업",NULL
155079,트리센스,TREASENCE,NULL,NULL,NULL,"뷰티 & 메이크업",NULL
155086,인어스,inusth,9,143480,NULL,"뷰티 & 메이크업",NULL
155090,이글립스,eglips,21,32873,NULL,"뷰티 & 메이크업",NULL
155098,원료공방,NULL,9,64919,NULL,"뷰티 & 메이크업",NULL
155144,위드비컨,withbecon,1,1426,NULL,"뷰티 & 메이크업",NULL
155171,블리스텍스,"The blistex Korea",2,20222,NULL,"뷰티 & 메이크업",NULL
155264,에템,AETEM,5,1538,NULL,"뷰티 & 메이크업",NULL
155270,바이아우어,BYOUR,2,5468,NULL,"뷰티 & 메이크업",NULL
155278,비긴스,BeginS,9,41384,NULL,"뷰티 & 메이크업",NULL
155281,윙크렌즈,winc,3,546206,NULL,"뷰티 & 메이크업",NULL
155301,멜비유,Mellbeu,3,68986,NULL,"뷰티 & 메이크업",NULL
155326,JUNGSAEMMOOL,JUNGSAEMMOOL,NULL,NULL,NULL,"뷰티 & 메이크업",NULL
155397,멜로우터치,"Mellow Touch Korea",1,1505,NULL,"뷰티 & 메이크업",NULL
155415,"MEDICAL PROOF","MEDICAL PROOF",1,22000,NULL,"뷰티 & 메이크업",NULL
155423,델피어,delphyr,7,24310,NULL,"뷰티 & 메이크업",NULL
155428,올리지오,Oligio,13,12934,NULL,"뷰티 & 메이크업",NULL
155514,스케덤,SKEDERM,8,5993,NULL,"뷰티 & 메이크업",NULL
155519,듀이셀,DEWYCEL,26,106001,NULL,"뷰티 & 메이크업",NULL
155546,모두봄,MODUBOM,20,240428,1,"뷰티 & 메이크업",NULL
155547,어나더페이스,"ANOTHER FACE",21,55393,1,"뷰티 & 메이크업",NULL
155560,브릴로즈,Brillrose,3,154855,NULL,"뷰티 & 메이크업",NULL
155570,베리썸,BERRISOM,9,60542,NULL,"뷰티 & 메이크업",NULL
155571,페디크루,pedicrew,3,87287,NULL,"뷰티 & 메이크업",NULL
155597,키스,KEYTH,7,88541,NULL,"뷰티 & 메이크업",NULL
155605,에클리스,ecliss,1,111945,NULL,"뷰티 & 메이크업",NULL
155617,디시즈리얼,THISISREAL,1,801698,NULL,"뷰티 & 메이크업",NULL
155618,블랙몬스터,"BLACK MONSTER",9,91883,NULL,"뷰티 & 메이크업",NULL
155634,엠도씨,MdoC,3,358677,NULL,"뷰티 & 메이크업",NULL
155640,데미코리아,DEMI,1,4271,NULL,"뷰티 & 메이크업",NULL
155663,레이어랩,Layerlab,20,37263,4,"뷰티 & 메이크업",NULL
155669,우디브,woodiv,2,2862,NULL,"뷰티 & 메이크업",NULL
155674,고운빛깔,NULL,2,2434,NULL,"뷰티 & 메이크업",NULL
155686,셀러버,CELLUVER,4,1448,NULL,"뷰티 & 메이크업",NULL
155689,퀀텀센트,quantumscent,NULL,NULL,NULL,"뷰티 & 메이크업",NULL
155692,셀레뉴,cellrenew,3,8700,NULL,"뷰티 & 메이크업",NULL
155698,더시드,"THE SEED",1,17363,NULL,"뷰티 & 메이크업",NULL
155708,글로우엠,Glow.M,40,87534,4,"뷰티 & 메이크업",NULL
155736,이든오,ED0,3,325,NULL,"뷰티 & 메이크업",NULL
155737,나르카,narka,15,36999,NULL,"뷰티 & 메이크업",NULL
155784,모에브,MOEV,32,597126,4,"뷰티 & 메이크업",NULL
155797,미닉,Minic,62,22302,6,"뷰티 & 메이크업",NULL
155799,라플랑,"La Plante",3,1371461,NULL,"뷰티 & 메이크업",NULL
155826,화도코스메틱,"cosmetic hwado",2,7848,NULL,"뷰티 & 메이크업",NULL
155846,투페이스드,TooFaced,1,9238,NULL,"뷰티 & 메이크업",NULL
155882,더마겐,Dermagen,5,17412,NULL,"뷰티 & 메이크업",NULL
156069,글램스,glams,3,15133,NULL,"뷰티 & 메이크업",NULL
156070,프리티스킨,PRETTYSKIN,6,272,NULL,"뷰티 & 메이크업",NULL
156076,시에로코스메틱,"siero cosmetic",1,906,NULL,"뷰티 & 메이크업",NULL
156103,"강남 히든브로우","Hidden Brow",NULL,NULL,NULL,"뷰티 & 메이크업",NULL
156109,쇼랩,SHOWLAB,1,12797,NULL,"뷰티 & 메이크업",NULL
156112,션리,ShionLe,41,2466,2,"뷰티 & 메이크업",NULL
156114,"바니스뉴욕 뷰티","BARNEYS NEW YORK BEAUTY",39,44189,NULL,"뷰티 & 메이크업",NULL
156143,Chicnutrix,Chicnutrix,NULL,NULL,NULL,"뷰티 & 메이크업",NULL
156183,럭희,Luckhee,1,7800,1,"뷰티 & 메이크업",NULL
156184,에픽테토스,EPICTETOS,6,9379,1,"뷰티 & 메이크업",NULL
156185,오솔,eausol,NULL,NULL,NULL,"뷰티 & 메이크업",NULL
156186,지예가,ziyega,NULL,NULL,NULL,"뷰티 & 메이크업",NULL
156192,프레비츠,FREBITS,7,1820,NULL,"뷰티 & 메이크업",
156266,보나벨라,Bonabella,4,223941,NULL,"뷰티 & 메이크업",NULL
156375,프롬더스킨,Fromtheskin,15,1374,NULL,"뷰티 & 메이크업",NULL
156387,슬릭,SLEEK,18,384271,NULL,"뷰티 & 메이크업",NULL
156400,메노킨,MENOKIN,86,40172,NULL,"뷰티 & 메이크업",NULL
156436,다노클리닉,NULL,4,114629,NULL,"뷰티 & 메이크업",NULL
156968,비밸런스,be'balance,1,14895,NULL,"뷰티 & 메이크업",NULL
156973,디디발리후,didiballyhoo,1,4039,NULL,"뷰티 & 메이크업",NULL
157028,더마라인,DERMALINE,23,5186,NULL,"뷰티 & 메이크업",NULL
157052,와이레스,Yless,19,249148,NULL,"뷰티 & 메이크업",NULL
157118,존슨즈,johnsonbodycarekorea,8,481664,1,"뷰티 & 메이크업",NULL
157162,네오팜,Neopharm,4,32822,NULL,"뷰티 & 메이크업",
157182,넘버에잇,NULL,2,1401,NULL,"뷰티 & 메이크업",NULL
157190,솔랩,Solep,4,4058,NULL,"뷰티 & 메이크업",NULL
157296,아뜰리에페이,NULL,13,156066,NULL,"뷰티 & 메이크업",NULL
157301,카밀,NULL,24,31862,NULL,"뷰티 & 메이크업",NULL
157396,테라픽,Terapic,2,214770,NULL,"뷰티 & 메이크업",NULL
157415,오드타입,ODDTYPE,56,63149,1,"뷰티 & 메이크업",NULL
157416,닥터맨즈,Dr.Man's,24,364451,NULL,"뷰티 & 메이크업","블루아가베, 올릿"
157429,이오에이,EOA,23,27510,NULL,"뷰티 & 메이크업",NULL
157486,셀베인,Cellvane,NULL,NULL,NULL,"뷰티 & 메이크업",NULL
157566,알파무드,alpahmood,8,1075554,NULL,"뷰티 & 메이크업",NULL
157920,"공후하 GONGHUHA","공후하 GONGHUHA",2,3131,NULL,"뷰티 & 메이크업",
158083,베르니엘,Verniel,1,3400,NULL,"뷰티 & 메이크업",
158095,계림당,GYERIMDANG,3,634136,NULL,"뷰티 & 메이크업",NULL
158740,퍼플리쉬,Purplish,1,631,NULL,"뷰티 & 메이크업",NULL
158741,미인실록,MIINSILOK,3,1088,NULL,"뷰티 & 메이크업",NULL
158780,다칸토,Daccanto,6,536426,NULL,"뷰티 & 메이크업",NULL
159291,프란츠,FRANZ,18,57134,2,"뷰티 & 메이크업",NULL
159294,메라블,Melable,26,20120,NULL,"뷰티 & 메이크업",NULL
159323,YNM,YNM,21,33833,2,"뷰티 & 메이크업",와이엔엠
159363,킬리안파리,"KILIAN PARIS",2,223486,NULL,"뷰티 & 메이크업",NULL
159580,마이녹셀,Minoxell,12,192338,2,"뷰티 & 메이크업",NULL
160074,이너시그널,이너시그널,4,461676,NULL,"뷰티 & 메이크업",
160080,"투집 tujib","투집 tujib",NULL,NULL,NULL,"뷰티 & 메이크업",
160416,메즈머링,Mesmering,3,104,NULL,"뷰티 & 메이크업",NULL
160434,"태극제약 (도미나스)",NULL,24,45693,4,"뷰티 & 메이크업",NULL
161067,앤닥터,ndoctor,1,1485048,NULL,"뷰티 & 메이크업",NULL
161730,브레이,BRAYE,34,50916,2,"뷰티 & 메이크업",NULL
161732,SK-II,SK-II,NULL,NULL,NULL,"뷰티 & 메이크업",NULL
161735,Dinto,Dinto,NULL,NULL,NULL,"뷰티 & 메이크업",NULL
161774,"2025 서울뷰티위크","Seoul Beauty Week",NULL,NULL,NULL,"뷰티 & 메이크업",NULL
161778,헤넬,NULL,29,182333,NULL,"뷰티 & 메이크업",NULL
161779,프롬리에,fromrier,6,317072,NULL,"뷰티 & 메이크업",NULL
161921,유광기,NULL,NULL,NULL,NULL,"뷰티 & 메이크업",NULL
161939,아윌미백,iwillmeback,1,104594,NULL,"뷰티 & 메이크업",NULL
162071,tamz,tamz,9,381698,1,"뷰티 & 메이크업",탐즈
162369,웰더마,WellDerma,8,85054,6,"뷰티 & 메이크업",NULL
162406,이더앤,Eitherand,26,48248,NULL,"뷰티 & 메이크업",NULL
162477,스타라이크,Starlike,41,75655,2,"뷰티 & 메이크업",NULL
162804,LG프라엘,"LG Pra.L",67,124862,NULL,"뷰티 & 메이크업",프라엘
163350,인뮤,inmr,3,1590967,NULL,"뷰티 & 메이크업",NULL
163352,루아센시아,Luassencia,4,1353782,NULL,"뷰티 & 메이크업",NULL
163353,유광기1,NULL,NULL,NULL,NULL,"뷰티 & 메이크업",NULL
163593,티씨이코퍼레이션,NULL,NULL,NULL,NULL,"뷰티 & 메이크업",
163714,엘라스틴,ELASTINE,NULL,NULL,NULL,"뷰티 & 메이크업",NULL
163715,닥터벨머,DR.belmeur,NULL,NULL,NULL,"뷰티 & 메이크업",NULL
163716,"강남 glow","Gangnam Glow",NULL,NULL,NULL,"뷰티 & 메이크업",NULL
163717,비클리닉스,b.clinicx,NULL,NULL,NULL,"뷰티 & 메이크업",NULL
163800,본셉,BONCEPT,10,124111,2,"뷰티 & 메이크업",NULL
163801,마에트리아,Maetria,NULL,NULL,NULL,"뷰티 & 메이크업",NULL
163802,씨피원,CP-1,NULL,NULL,NULL,"뷰티 & 메이크업",NULL
163803,셀른,Celune,NULL,NULL,NULL,"뷰티 & 메이크업",NULL
163805,더멜라,Dermela,2,1384,1,"뷰티 & 메이크업",NULL
163806,세렉소,Celexo,NULL,NULL,NULL,"뷰티 & 메이크업",NULL
163820,타이니원더,"Tiny Wonder",1,1101678,NULL,"뷰티 & 메이크업",NULL
163822,마망뜨,Mamangtte,1,824372,NULL,"뷰티 & 메이크업",NULL
163825,코페르,KOPHER,4,314297,NULL,"뷰티 & 메이크업",NULL
163935,세르본,celebon,NULL,NULL,NULL,"뷰티 & 메이크업",NULL
163954,유광기2,NULL,NULL,NULL,NULL,"뷰티 & 메이크업",NULL
163987,엑소프록실,Exoproxyl,2,1789120,NULL,"뷰티 & 메이크업",NULL
164117,펠리칸솝,NULL,1,458386,NULL,"뷰티 & 메이크업",NULL
164119,핀브,FINV,2,205550,NULL,"뷰티 & 메이크업",
164120,티엘라,TIELA,2,198989,1,"뷰티 & 메이크업",NULL
164291,글로우비,NULL,11,32738,NULL,"뷰티 & 메이크업",NULL
164292,나노네추럴,NANONATURAL,1,424395,NULL,"뷰티 & 메이크업",
164295,칸도럽,Candorlov,1,313359,NULL,"뷰티 & 메이크업",NULL
164301,디퍼,DPPR,8,263191,NULL,"뷰티 & 메이크업",NULL
164304,지노큐어,GYNOCURE,7,249360,NULL,"뷰티 & 메이크업",NULL
164312,컬리쉴,curlyshyll,NULL,NULL,NULL,"뷰티 & 메이크업",NULL
164315,로에비타,loevita,NULL,NULL,NULL,"뷰티 & 메이크업",NULL
164316,루테카,rooteca,1,21300,1,"뷰티 & 메이크업",NULL
164317,이옴,Eiom,4,83980,3,"뷰티 & 메이크업",NULL
164320,일리아스,"ilias jewelry",NULL,NULL,NULL,"뷰티 & 메이크업",NULL
164322,어테이션,ATTATION,NULL,NULL,NULL,"뷰티 & 메이크업",NULL
164323,온리원헤어,onlyone,NULL,NULL,NULL,"뷰티 & 메이크업",NULL
164327,에어닷,airdot,NULL,NULL,NULL,"뷰티 & 메이크업",NULL
164328,그레이시티,graycity,NULL,NULL,NULL,"뷰티 & 메이크업",NULL
164330,메듈라,medulla,NULL,NULL,NULL,"뷰티 & 메이크업",NULL
164335,포셰리,forcheri,7,1547,7,"뷰티 & 메이크업",NULL
164336,굿애프터눈,goodafternoon,NULL,NULL,NULL,"뷰티 & 메이크업",NULL
164337,"무신사 스탠다드 뷰티","musinsa standard beauty",7,17145,3,"뷰티 & 메이크업",NULL
164338,"퍼펙트 다이어리",perfectdiary,NULL,NULL,NULL,"뷰티 & 메이크업",NULL
164339,살롱드르망,salondelemans,NULL,NULL,NULL,"뷰티 & 메이크업",NULL
164341,스타일바나,stylevana,NULL,NULL,NULL,"뷰티 & 메이크업",NULL
164343,노워터,nowater,NULL,NULL,NULL,"뷰티 & 메이크업",NULL
164346,디에이이펙트,"da effect",NULL,NULL,NULL,"뷰티 & 메이크업",NULL
164349,르메티크,lemetique,NULL,NULL,NULL,"뷰티 & 메이크업",NULL
164352,바디앤,bodyand,2,3096,2,"뷰티 & 메이크업",NULL
164366,라누베,lanube,NULL,NULL,NULL,"뷰티 & 메이크업",NULL
164371,케이부스터,kbooster,NULL,NULL,NULL,"뷰티 & 메이크업",NULL
164372,코이터널,coeternal,NULL,NULL,NULL,"뷰티 & 메이크업",NULL
164373,15그램,15gram,NULL,NULL,NULL,"뷰티 & 메이크업",NULL
164379,라비드,lavid,10,209878,8,"뷰티 & 메이크업",NULL
164380,에델그라운드,edelground,1,320897,NULL,"뷰티 & 메이크업",NULL
164393,멜브,melv,3,193873,2,"뷰티 & 메이크업",NULL
164394,꽁피쉐,confiche,3,139730,NULL,"뷰티 & 메이크업",NULL
164395,네오메딕스,neomedix,1,276962,NULL,"뷰티 & 메이크업",NULL
164411,터프소프,tuff_soap,7,71659,6,"뷰티 & 메이크업",NULL
164414,상트베른하르트,"sanct bernhard",1,163861,NULL,"뷰티 & 메이크업",NULL
164415,로우라이즈,Lowlize,4,78038,2,"뷰티 & 메이크업",NULL
164419,미차이,mechai,1,232314,NULL,"뷰티 & 메이크업",NULL
164436,브리쎄,brisse,1,239817,NULL,"뷰티 & 메이크업",NULL
164813,HJ6.5,HJ6.5,1,101396,1,"뷰티 & 메이크업",NULL
164817,온더셀,"on the cell",1,2994,1,"뷰티 & 메이크업",NULL
164823,마스크킹,maskking,1,441903,1,"뷰티 & 메이크업",NULL
164825,스킨코딩,skincoding,1,142404,1,"뷰티 & 메이크업",NULL
164833,쎌루메,cellume,1,78332,1,"뷰티 & 메이크업",NULL
164838,퓌라,feura,1,21581,1,"뷰티 & 메이크업",NULL
164841,리파,refa,1,375831,1,"뷰티 & 메이크업",
164846,"에스테르 랩","ESTER Lab",1,180701,1,"뷰티 & 메이크업",NULL
164847,파머시,"Farmacy Beauty",1,141842,1,"뷰티 & 메이크업",NULL
164848,rdrd,rdrd,1,28979,1,"뷰티 & 메이크업",NULL
164857,모어슈어,moresure,NULL,NULL,NULL,"뷰티 & 메이크업",NULL
164859,데이데이,dayday,NULL,NULL,NULL,"뷰티 & 메이크업",NULL
164862,카라디움,karadium,NULL,NULL,NULL,"뷰티 & 메이크업",NULL
164863,카푸네,teamcafune,1,286,1,"뷰티 & 메이크업",NULL
164864,뷰아르,vuare,NULL,NULL,NULL,"뷰티 & 메이크업",NULL
164876,올록담,ollocdam,10,1046,10,"뷰티 & 메이크업",NULL
164877,에스테틱오프,"aesthetic off",NULL,NULL,NULL,"뷰티 & 메이크업",NULL
164879,베이바이허슬기,NULL,NULL,NULL,NULL,"뷰티 & 메이크업",
164881,듀댑,dewdap,2,1186,2,"뷰티 & 메이크업",NULL
164887,로에나뷰티,"roena beauty",NULL,NULL,NULL,"뷰티 & 메이크업",NULL
164889,팽브로우,"peng brow",NULL,NULL,NULL,"뷰티 & 메이크업",NULL
164890,네리티아,neritia,NULL,NULL,NULL,"뷰티 & 메이크업",NULL
164901,"로레알 프로페셔널 파리","L'Oréal Professionnel Paris",NULL,NULL,NULL,"뷰티 & 메이크업",NULL
164903,와더스킨,wataskin,NULL,NULL,NULL,"뷰티 & 메이크업",NULL
164907,라크메,Lakme,NULL,NULL,NULL,"뷰티 & 메이크업",NULL
164911,티핏,tfit,NULL,NULL,NULL,"뷰티 & 메이크업",
164913,Minimalist,Minimalist,NULL,NULL,NULL,"뷰티 & 메이크업",NULL
165097,포트레,portre,2,46096,2,"뷰티 & 메이크업",
165100,다이엔,daien,NULL,NULL,NULL,"뷰티 & 메이크업",NULL
165101,라벨영,labelyoung,NULL,NULL,NULL,"뷰티 & 메이크업",NULL
165102,elle18,elle18,NULL,NULL,NULL,"뷰티 & 메이크업",NULL
165108,메디솝,medisorb,NULL,NULL,NULL,"뷰티 & 메이크업",NULL
165116,밀리밀리,MILLIMILLI,NULL,NULL,NULL,"뷰티 & 메이크업",NULL
165117,누다라,NUDARA,NULL,NULL,NULL,"뷰티 & 메이크업",NULL
165120,아이즈코,AIISCO,NULL,NULL,NULL,"뷰티 & 메이크업",NULL
165121,아지크,aziik,1,245,1,"뷰티 & 메이크업",NULL
165135,야오,YAO,NULL,NULL,NULL,"뷰티 & 메이크업",NULL
165144,끌리메,CLLIME,1,19244,1,"뷰티 & 메이크업",NULL
165145,라뮤즈,LAMUSE,NULL,NULL,NULL,"뷰티 & 메이크업",NULL
165152,아포테,apothe,1,257,1,"뷰티 & 메이크업",NULL
165156,닥터윰,닥터윰,NULL,NULL,NULL,"뷰티 & 메이크업",NULL
165160,폰피쉬,PONPISH,NULL,NULL,NULL,"뷰티 & 메이크업",NULL
165161,에이엠트리,Am:Tree,1,359,1,"뷰티 & 메이크업",NULL
165165,투슬래시포,"TWO SLASH FOUR",NULL,NULL,NULL,"뷰티 & 메이크업",NULL
165168,플리브미,플리브미,NULL,NULL,NULL,"뷰티 & 메이크업",NULL
165170,아토세이프,atosafe,6,2474,1,"뷰티 & 메이크업",NULL
165172,하우스포그,hausFOG,NULL,NULL,NULL,"뷰티 & 메이크업",NULL
165173,오이보스코리아,euboskorea,NULL,NULL,NULL,"뷰티 & 메이크업",NULL
165174,유스메뉴,youthmenu,NULL,NULL,NULL,"뷰티 & 메이크업",NULL
165180,글로우,glow,NULL,NULL,NULL,"뷰티 & 메이크업",NULL
165191,언데이지,UNDAGE,1,301570,1,"뷰티 & 메이크업",
165251,레비온,revion_rx,NULL,NULL,NULL,"뷰티 & 메이크업",NULL
165252,포들,podl,NULL,NULL,NULL,"뷰티 & 메이크업",NULL
165253,리에종드로렌,liaisondeloren,NULL,NULL,NULL,"뷰티 & 메이크업",NULL
165259,어네이즈,anaze,NULL,NULL,NULL,"뷰티 & 메이크업",NULL
165261,온슬로,onslo,NULL,NULL,NULL,"뷰티 & 메이크업",NULL
165263,모이로,moiro,NULL,NULL,NULL,"뷰티 & 메이크업",
165267,루온셀,luoncell,1,3300,1,"뷰티 & 메이크업",NULL
165269,멜로스킨,melloskin,NULL,NULL,NULL,"뷰티 & 메이크업",NULL
165272,앤허니,andhoney,NULL,NULL,NULL,"뷰티 & 메이크업",NULL
165274,오프라,ofracosmetics,1,35000,1,"뷰티 & 메이크업",NULL
165279,셀본,Cellborn,NULL,NULL,NULL,"뷰티 & 메이크업",NULL
165284,쥬베룩,쥬베룩,NULL,NULL,NULL,"뷰티 & 메이크업",NULL
165288,세인트프랑,SaintFran,NULL,NULL,NULL,"뷰티 & 메이크업",NULL
165290,몽잘,monzal,NULL,NULL,NULL,"뷰티 & 메이크업",NULL
165294,아루네,Arune,1,34,1,"뷰티 & 메이크업",NULL
165296,오데어,ODEAR,NULL,NULL,NULL,"뷰티 & 메이크업",NULL
165299,주다안,Judaan,NULL,NULL,NULL,"뷰티 & 메이크업",NULL
165301,피더린,PYDERIN,NULL,NULL,NULL,"뷰티 & 메이크업",NULL
165304,그래비티,grabity,8,240462,2,"뷰티 & 메이크업",NULL
165307,스미브,SMIB,NULL,NULL,NULL,"뷰티 & 메이크업",NULL
165308,가쉬,GASH,2,84002,2,"뷰티 & 메이크업",NULL
165311,더마젼시,dermagency,NULL,NULL,NULL,"뷰티 & 메이크업",NULL
165312,라입,RAIP,NULL,NULL,NULL,"뷰티 & 메이크업",NULL
165313,리쥬베닐,Re-juvenil,NULL,NULL,NULL,"뷰티 & 메이크업",NULL
165324,BUSHMAN,부쉬맨,NULL,NULL,NULL,"뷰티 & 메이크업",NULL
165326,프루티드,prooted,NULL,NULL,NULL,"뷰티 & 메이크업",NULL
165327,1947,"NINETEEN FORTYSEVEN",NULL,NULL,NULL,"뷰티 & 메이크업",NULL
165330,닥터리프타,Dr.Lifta,NULL,NULL,NULL,"뷰티 & 메이크업",NULL
165331,라비엘,RAVIEL,NULL,NULL,NULL,"뷰티 & 메이크업",NULL
165336,라로제,larosee,NULL,NULL,NULL,"뷰티 & 메이크업",NULL
165337,리스키,RISKY,NULL,NULL,NULL,"뷰티 & 메이크업",NULL
165338,바엘,BAELL,NULL,NULL,NULL,"뷰티 & 메이크업",NULL
165339,보리하라,bolyhara,NULL,NULL,NULL,"뷰티 & 메이크업",NULL
165342,에이쁘,AIBB,NULL,NULL,NULL,"뷰티 & 메이크업",NULL
165343,옵티젠,optizen,NULL,NULL,NULL,"뷰티 & 메이크업",NULL
165349,허니버니,hunibuni,NULL,NULL,NULL,"뷰티 & 메이크업",NULL
165351,히디프,HIDIFF,1,88000,1,"뷰티 & 메이크업",NULL
165352,유노아,eunoa,NULL,NULL,NULL,"뷰티 & 메이크업",NULL
165359,너티퍼센트,너티퍼센트,NULL,NULL,NULL,"뷰티 & 메이크업",NULL
165361,닥터비타,Dr.VITA,NULL,NULL,NULL,"뷰티 & 메이크업",NULL
165363,더진스,DERGENES,NULL,NULL,NULL,"뷰티 & 메이크업",NULL
165364,라보타치,Labottach,NULL,NULL,NULL,"뷰티 & 메이크업",NULL
165366,러브플레르,Lovefleur,NULL,NULL,NULL,"뷰티 & 메이크업",NULL
165368,르본,lebon,NULL,NULL,NULL,"뷰티 & 메이크업",NULL
165370,무무키,MUMUKI,NULL,NULL,NULL,"뷰티 & 메이크업",NULL
165371,바이닉,BYNIQ,1,6200,1,"뷰티 & 메이크업",NULL
165382,엑토퓨어,ECTOPURE,NULL,NULL,NULL,"뷰티 & 메이크업",NULL
165383,엔타도라,entadora,NULL,NULL,NULL,"뷰티 & 메이크업",NULL
165386,오히어,OHIR,NULL,NULL,NULL,"뷰티 & 메이크업",NULL
165387,원정요,Wonjungyo,NULL,NULL,NULL,"뷰티 & 메이크업",NULL
165391,졸리아우어,JOLLYOUR,NULL,NULL,NULL,"뷰티 & 메이크업",NULL
165393,카인드스텝,KindStep,NULL,NULL,NULL,"뷰티 & 메이크업",NULL
165394,캄프,calmf,NULL,NULL,NULL,"뷰티 & 메이크업",NULL
165403,"아이디얼 포맨","ideal for men",NULL,NULL,NULL,"뷰티 & 메이크업",NULL
165410,오피아이,OPI,NULL,NULL,NULL,"뷰티 & 메이크업",NULL
165414,비바코리아,vivakorea,1,214828,1,"뷰티 & 메이크업",NULL
165415,오드실크,eaudesilk,1,250069,1,"뷰티 & 메이크업",NULL
165416,리브나,livna,1,36386,1,"뷰티 & 메이크업",NULL
165418,하우스오브비,houseofb,NULL,NULL,NULL,"뷰티 & 메이크업",NULL
165432,사핀,safim,NULL,NULL,NULL,"뷰티 & 메이크업",NULL
165434,엠디스픽,"MD'S PICK",NULL,NULL,NULL,"뷰티 & 메이크업",NULL
165435,화이테오라,whiteORA,NULL,NULL,NULL,"뷰티 & 메이크업",NULL
165443,랩센,LABSENN,NULL,NULL,NULL,"뷰티 & 메이크업",NULL
165444,asceplus,asceplus,NULL,NULL,NULL,"뷰티 & 메이크업",
165448,트리니셀,Trinicell,NULL,NULL,NULL,"뷰티 & 메이크업",NULL
165449,라니쥬,LANIJU,NULL,NULL,NULL,"뷰티 & 메이크업",NULL
165450,레필레오,lefilleo,NULL,NULL,NULL,"뷰티 & 메이크업",NULL
165451,리셀바이,리셀바이,NULL,NULL,NULL,"뷰티 & 메이크업",NULL
165457,올가휴,orgahue,NULL,NULL,NULL,"뷰티 & 메이크업",NULL
